Date,Ticker,Open,High,Low,Close,Volume
2020-01-01,AAPL,151.88,151.3,150.7,151.19,47658466
2020-01-02,AAPL,150.52,151.93,150.16,150.74,55425600
2020-01-03,AAPL,148.91,150.11,149.58,149.76,32750821
2020-01-06,AAPL,148.17,149.33,148.34,148.58,35876962
2020-01-07,AAPL,151.27,152.09,151.87,151.92,44556172
2020-01-08,AAPL,151.97,153.12,151.96,152.25,47083062
2020-01-09,AAPL,150.47,152.35,150.94,150.95,58225449
2020-01-10,AAPL,147.67,148.41,146.81,148.26,51968612
2020-01-13,AAPL,149.84,150.1,149.89,149.98,35214780
2020-01-14,AAPL,148.58,148.77,147.65,148.43,32369598
2020-01-15,AAPL,149.5,149.51,148.72,149.23,60309995
2020-01-16,AAPL,151.54,152.02,151.15,151.39,59755451
2020-01-17,AAPL,149.83,150.51,149.54,150.37,58125258
2020-01-20,AAPL,153.67,153.56,152.74,153.51,43548802
2020-01-21,AAPL,155.14,155.6,154.39,154.42,23802548
2020-01-22,AAPL,156.44,156.47,156.16,156.4,30124310
2020-01-23,AAPL,155.72,156.24,154.81,155.96,41915063
2020-01-24,AAPL,154.62,155.57,154.61,154.86,55132674
2020-01-27,AAPL,155.02,155.92,154.62,155.17,46078918
2020-01-28,AAPL,151.84,152.06,151.64,151.84,47654128
2020-01-29,AAPL,148.33,149.0,148.44,148.69,48387142
2020-01-30,AAPL,149.78,151.08,149.54,149.67,49255540
2020-01-31,AAPL,146.51,145.45,145.39,145.43,48076390
2020-02-03,AAPL,146.67,146.19,145.31,146.16,57519330
2020-02-04,AAPL,147.35,148.64,146.93,147.97,55868570
2020-02-05,AAPL,152.95,153.67,152.47,152.91,44965243
2020-02-06,AAPL,149.64,149.48,148.63,149.43,40805757
2020-02-07,AAPL,153.35,153.58,152.73,152.98,37691356
2020-02-10,AAPL,153.66,154.58,152.34,153.57,52598827
2020-02-11,AAPL,155.7,156.41,154.43,155.45,52969846
2020-02-12,AAPL,156.22,156.38,155.58,156.11,52930724
2020-02-13,AAPL,153.97,155.96,154.15,154.52,56565536
2020-02-14,AAPL,151.96,152.94,151.46,152.34,59633761
2020-02-17,AAPL,153.24,153.99,151.9,153.36,42462638
2020-02-18,AAPL,151.54,152.01,151.33,151.39,52766907
2020-02-19,AAPL,153.22,153.35,152.23,153.34,77201691
2020-02-20,AAPL,155.08,155.52,154.03,154.86,47765372
2020-02-21,AAPL,156.2,156.96,156.54,156.59,34851527
2020-02-24,AAPL,155.04,156.29,155.46,155.62,51731809
2020-02-25,AAPL,156.63,157.29,156.48,156.6,38570297
2020-02-26,AAPL,158.02,157.96,156.67,157.52,36223306
2020-02-27,AAPL,155.62,155.78,154.98,155.38,88527314
2020-02-28,AAPL,157.1,157.68,156.04,156.79,46847307
2020-03-02,AAPL,158.42,159.27,158.47,158.65,50818741
2020-03-03,AAPL,163.45,165.77,163.68,164.24,45280681
2020-03-04,AAPL,166.65,167.06,166.11,167.01,56795977
2020-03-05,AAPL,164.94,165.44,165.22,165.26,71439440
2020-03-06,AAPL,166.58,168.6,166.76,166.91,58524333
2020-03-09,AAPL,165.44,165.11,164.6,165.01,37997035
2020-03-10,AAPL,165.14,164.66,163.73,164.27,54049817
2020-03-11,AAPL,161.74,161.98,159.53,161.24,34806300
2020-03-12,AAPL,160.37,161.17,159.59,160.15,57746340
2020-03-13,AAPL,157.52,158.05,155.45,158.01,47474318
2020-03-16,AAPL,154.92,156.39,154.02,155.13,51307405
2020-03-17,AAPL,158.56,159.7,157.64,158.56,40184913
2020-03-18,AAPL,159.77,159.9,159.26,159.74,46146864
2020-03-19,AAPL,159.49,160.62,158.82,160.09,71330333
2020-03-20,AAPL,155.61,155.6,155.02,155.48,43773004
2020-03-23,AAPL,155.47,155.46,154.62,155.07,53570154
2020-03-24,AAPL,153.91,154.23,153.3,153.54,56296288
2020-03-25,AAPL,151.99,152.13,151.14,151.71,49790984
2020-03-26,AAPL,152.3,153.02,151.6,152.05,47978073
2020-03-27,AAPL,152.0,152.46,151.0,151.63,63054788
2020-03-30,AAPL,151.9,152.27,151.52,151.75,48698569
2020-03-31,AAPL,153.0,152.5,151.43,152.05,39939826
2020-04-01,AAPL,149.64,150.22,148.77,149.36,56283455
2020-04-02,AAPL,149.1,150.07,149.35,149.4,59751197
2020-04-03,AAPL,149.33,149.76,148.91,149.15,44362754
2020-04-06,AAPL,147.16,147.56,147.2,147.38,45289616
2020-04-07,AAPL,147.65,149.04,146.93,147.97,47865528
2020-04-08,AAPL,148.66,149.83,148.1,148.73,49809837
2020-04-09,AAPL,146.71,146.59,146.36,146.57,41727690
2020-04-10,AAPL,147.97,148.92,147.71,147.79,56901439
2020-04-13,AAPL,147.02,147.14,146.96,146.97,42269902
2020-04-14,AAPL,147.52,147.47,146.03,147.1,71531824
2020-04-15,AAPL,146.44,146.11,145.35,145.48,41917017
2020-04-16,AAPL,143.49,144.15,142.19,143.72,42408673
2020-04-17,AAPL,144.53,144.36,142.76,144.12,44230963
2020-04-20,AAPL,143.03,142.6,141.31,142.25,61794401
2020-04-21,AAPL,141.27,142.53,140.36,141.32,62378163
2020-04-22,AAPL,138.03,138.42,138.0,138.01,45499345
2020-04-23,AAPL,139.42,140.11,139.27,139.37,55144388
2020-04-24,AAPL,141.46,141.72,139.84,140.92,53323140
2020-04-27,AAPL,139.9,140.49,139.33,139.41,50675184
2020-04-28,AAPL,144.21,145.05,143.61,143.79,56453759
2020-04-29,AAPL,147.28,147.52,146.31,146.81,32412605
2020-04-30,AAPL,144.59,145.75,144.09,144.28,65023570
2020-05-01,AAPL,143.78,145.69,143.52,144.51,49444523
2020-05-04,AAPL,145.38,145.44,143.92,145.42,36955304
2020-05-05,AAPL,146.73,147.22,146.26,146.95,39407864
2020-05-06,AAPL,147.11,147.59,146.16,146.89,44697423
2020-05-07,AAPL,144.97,145.29,144.46,145.21,38021221
2020-05-08,AAPL,149.66,149.59,149.04,149.57,48876719
2020-05-11,AAPL,148.91,149.6,148.58,149.15,44241817
2020-05-12,AAPL,149.21,150.32,147.48,148.6,66449677
2020-05-13,AAPL,149.49,148.55,147.89,148.12,61195749
2020-05-14,AAPL,148.0,148.62,146.73,147.91,42436492
2020-05-15,AAPL,145.57,145.3,144.05,144.83,58816397
2020-05-18,AAPL,144.51,145.96,144.83,144.89,65231240
2020-05-19,AAPL,145.75,146.89,145.99,146.13,36172002
2020-05-20,AAPL,148.48,149.65,147.2,148.23,43493574
2020-05-21,AAPL,147.25,147.66,146.59,147.23,41690498
2020-05-22,AAPL,147.49,147.93,147.72,147.9,44232286
2020-05-25,AAPL,149.69,150.02,148.91,149.65,57513871
2020-05-26,AAPL,146.22,146.37,145.49,145.97,42367408
2020-05-27,AAPL,142.21,143.25,142.06,142.09,40956833
2020-05-28,AAPL,143.01,144.72,143.48,143.53,43481638
2020-05-29,AAPL,144.13,144.32,143.42,143.7,44231081
2020-06-01,AAPL,146.2,146.4,145.19,145.57,25283554
2020-06-02,AAPL,144.07,144.32,143.76,143.91,43960148
2020-06-03,AAPL,144.28,144.28,143.32,144.17,53376026
2020-06-04,AAPL,143.52,143.7,143.04,143.35,45790155
2020-06-05,AAPL,143.9,145.54,143.41,144.04,62012139
2020-06-08,AAPL,142.43,144.69,142.51,143.23,46484865
2020-06-09,AAPL,143.25,144.54,143.11,143.34,58294055
2020-06-10,AAPL,138.05,138.82,138.13,138.66,61437540
2020-06-11,AAPL,140.38,139.72,138.99,139.43,51818662
2020-06-12,AAPL,140.37,140.34,139.43,140.02,41439161
2020-06-15,AAPL,140.38,140.58,139.91,140.24,60375399
2020-06-16,AAPL,139.05,139.43,138.56,139.24,53773004
2020-06-17,AAPL,141.46,141.54,140.28,140.89,54134349
2020-06-18,AAPL,144.15,145.49,144.03,144.93,64960443
2020-06-19,AAPL,145.93,146.46,146.22,146.42,74457519
2020-06-22,AAPL,146.99,146.86,146.25,146.78,52238840
2020-06-23,AAPL,145.7,145.45,143.75,145.11,65931866
2020-06-24,AAPL,144.1,144.79,143.98,144.07,60941915
2020-06-25,AAPL,140.31,141.56,140.38,140.49,39878956
2020-06-26,AAPL,136.54,137.63,137.02,137.07,37049212
2020-06-29,AAPL,135.83,137.59,136.27,136.45,47542569
2020-06-30,AAPL,135.86,137.79,135.92,135.96,56962063
2020-07-01,AAPL,139.33,140.58,139.61,139.8,75733598
2020-07-02,AAPL,140.07,140.0,139.97,139.99,48556395
2020-07-03,AAPL,138.63,139.24,138.83,138.86,42871542
2020-07-06,AAPL,138.04,139.32,138.1,139.15,60915068
2020-07-07,AAPL,141.66,143.29,141.57,141.82,35924883
2020-07-08,AAPL,140.63,141.01,139.01,140.23,62715550
2020-07-09,AAPL,142.03,142.62,141.45,141.82,37778721
2020-07-10,AAPL,143.72,143.58,143.14,143.41,54442633
2020-07-13,AAPL,142.97,143.53,141.93,142.7,55931012
2020-07-14,AAPL,142.51,142.35,141.22,142.11,48150978
2020-07-15,AAPL,140.47,141.81,140.57,141.07,34433708
2020-07-16,AAPL,141.53,143.34,141.17,142.42,66964563
2020-07-17,AAPL,143.12,143.01,142.56,142.95,49623652
2020-07-20,AAPL,145.22,145.47,145.27,145.38,49430543
2020-07-21,AAPL,146.45,147.38,145.14,146.13,51708654
2020-07-22,AAPL,145.56,145.81,145.54,145.8,42216952
2020-07-23,AAPL,145.55,147.01,146.0,146.3,60291556
2020-07-24,AAPL,148.14,147.6,146.68,147.41,60143700
2020-07-27,AAPL,143.42,144.33,142.96,143.41,55176590
2020-07-28,AAPL,141.66,142.05,141.39,141.92,35933389
2020-07-29,AAPL,140.47,140.97,139.34,140.03,40506011
2020-07-30,AAPL,145.25,145.99,145.49,145.63,57003098
2020-07-31,AAPL,144.4,144.53,142.59,144.44,61492733
2020-08-03,AAPL,142.72,143.02,141.72,142.99,68124485
2020-08-04,AAPL,145.0,144.99,144.12,144.58,56218099
2020-08-05,AAPL,141.22,141.76,141.07,141.25,56206720
2020-08-06,AAPL,141.95,142.64,141.42,141.69,55597904
2020-08-07,AAPL,144.03,144.66,143.73,144.06,33390390
2020-08-10,AAPL,144.51,145.21,144.87,145.06,39189434
2020-08-11,AAPL,147.44,147.46,146.92,147.43,50297561
2020-08-12,AAPL,149.37,149.96,149.5,149.57,45655037
2020-08-13,AAPL,149.52,149.12,148.6,148.96,41053926
2020-08-14,AAPL,148.7,148.94,147.54,148.61,60318445
2020-08-17,AAPL,145.41,145.57,144.73,145.38,60654803
2020-08-18,AAPL,144.16,145.34,142.66,144.32,45544974
2020-08-19,AAPL,147.35,148.7,147.15,147.54,47182153
2020-08-20,AAPL,144.3,145.3,143.91,144.64,49653151
2020-08-21,AAPL,145.65,146.34,144.49,145.22,47860111
2020-08-24,AAPL,145.35,145.67,144.37,145.18,51664522
2020-08-25,AAPL,146.05,146.54,144.53,146.33,44690030
2020-08-26,AAPL,145.55,145.44,144.57,145.03,64205042
2020-08-27,AAPL,143.63,144.46,143.52,143.86,56329318
2020-08-28,AAPL,145.15,145.47,143.26,144.37,43872113
2020-08-31,AAPL,143.89,143.81,143.37,143.61,70102045
2020-09-01,AAPL,142.98,143.87,142.31,143.3,49668730
2020-09-02,AAPL,147.22,147.61,147.06,147.23,61883932
2020-09-03,AAPL,153.36,153.29,152.51,152.88,56818914
2020-09-04,AAPL,157.47,157.65,156.91,157.19,61087035
2020-09-07,AAPL,159.76,159.61,158.36,159.2,63821589
2020-09-08,AAPL,161.42,160.97,160.72,160.83,41830643
2020-09-09,AAPL,162.42,162.12,161.78,161.8,51910990
2020-09-10,AAPL,162.31,163.1,161.39,162.0,71632547
2020-09-11,AAPL,162.09,161.51,161.13,161.33,49047044
2020-09-14,AAPL,161.87,162.58,161.93,162.09,51940899
2020-09-15,AAPL,164.43,165.62,164.67,164.78,61950466
2020-09-16,AAPL,161.85,161.54,160.79,161.09,49342497
2020-09-17,AAPL,158.78,161.34,158.68,159.83,54400144
2020-09-18,AAPL,158.83,159.52,158.15,158.71,44359213
2020-09-21,AAPL,155.69,156.42,155.23,155.74,68466369
2020-09-22,AAPL,153.3,154.49,152.79,153.32,52433394
2020-09-23,AAPL,153.5,153.11,151.88,152.84,49178488
2020-09-24,AAPL,155.74,155.75,155.12,155.48,54477085
2020-09-25,AAPL,157.39,158.1,156.9,157.06,49102643
2020-09-28,AAPL,160.51,161.07,159.08,160.53,35692248
2020-09-29,AAPL,160.6,161.46,160.24,160.92,45538165
2020-09-30,AAPL,155.69,156.79,154.54,156.44,57604146
2020-10-01,AAPL,158.33,158.69,157.59,158.36,49963974
2020-10-02,AAPL,155.58,156.86,155.0,155.68,50268858
2020-10-05,AAPL,155.93,157.84,156.06,156.25,39983799
2020-10-06,AAPL,155.4,157.07,155.17,155.67,55725827
2020-10-07,AAPL,158.71,159.75,158.97,159.01,56982233
2020-10-08,AAPL,160.54,160.75,159.52,160.03,44647647
2020-10-09,AAPL,162.94,163.44,161.58,163.27,67359638
2020-10-12,AAPL,163.68,164.37,163.44,163.84,54241659
2020-10-13,AAPL,166.27,165.68,165.19,165.21,67275431
2020-10-14,AAPL,166.68,166.4,166.27,166.37,39772074
2020-10-15,AAPL,166.13,167.2,165.48,165.81,45168135
2020-10-16,AAPL,169.92,170.85,168.57,169.81,60470983
2020-10-19,AAPL,174.16,174.58,173.24,174.18,48273727
2020-10-20,AAPL,177.36,177.16,175.19,176.58,63800913
2020-10-21,AAPL,175.15,175.36,174.58,175.01,44496948
2020-10-22,AAPL,173.62,173.36,172.32,173.34,46293856
2020-10-23,AAPL,174.51,177.93,174.42,175.43,46375590
2020-10-26,AAPL,172.33,173.69,171.57,172.57,53465038
2020-10-27,AAPL,171.87,172.95,172.47,172.54,59962668
2020-10-28,AAPL,172.12,172.68,170.98,171.34,58502217
2020-10-29,AAPL,171.6,170.83,170.26,170.53,53819354
2020-10-30,AAPL,171.59,172.6,171.51,171.72,48036501
2020-11-02,AAPL,171.65,171.65,171.0,171.62,57326400
2020-11-03,AAPL,171.97,171.57,169.78,171.5,53464884
2020-11-04,AAPL,174.08,176.67,172.33,174.15,61081828
2020-11-05,AAPL,171.2,172.05,170.62,171.52,69140313
2020-11-06,AAPL,171.37,171.3,170.37,171.12,51504189
2020-11-09,AAPL,172.24,174.21,172.09,172.14,60506543
2020-11-10,AAPL,174.48,176.12,174.52,175.08,66334315
2020-11-11,AAPL,172.12,172.42,171.51,172.16,53287624
2020-11-12,AAPL,173.31,173.44,171.68,173.07,47558433
2020-11-13,AAPL,175.98,176.71,174.58,175.66,57011727
2020-11-16,AAPL,175.03,176.17,174.83,174.97,48269281
2020-11-17,AAPL,175.93,176.05,173.83,175.09,41530386
2020-11-18,AAPL,171.89,174.44,172.03,172.58,66420151
2020-11-19,AAPL,175.79,175.88,173.3,175.28,46751686
2020-11-20,AAPL,167.96,170.73,167.62,168.79,60225704
2020-11-23,AAPL,175.37,176.27,174.56,175.06,58534155
2020-11-24,AAPL,177.1,177.39,177.04,177.14,42460354
2020-11-25,AAPL,175.96,177.97,176.39,176.48,38964106
2020-11-26,AAPL,176.21,178.28,176.23,177.04,40103718
2020-11-27,AAPL,179.93,180.51,179.43,179.63,40316555
2020-11-30,AAPL,180.18,181.21,179.46,180.0,34070062
2020-12-01,AAPL,181.41,181.3,180.78,181.28,63641404
2020-12-02,AAPL,182.01,182.11,181.6,181.71,50488600
2020-12-03,AAPL,181.15,182.55,181.31,181.92,67495767
2020-12-04,AAPL,179.09,179.23,177.97,178.61,47050503
2020-12-07,AAPL,181.59,182.66,181.79,182.05,71451491
2020-12-08,AAPL,179.12,179.17,178.33,178.89,48147123
2020-12-09,AAPL,179.15,178.67,178.5,178.63,72105230
2020-12-10,AAPL,178.6,178.44,177.15,177.23,41963254
2020-12-11,AAPL,181.99,183.2,181.17,181.68,66283966
2020-12-14,AAPL,180.18,180.92,180.21,180.73,43507224
2020-12-15,AAPL,177.63,177.54,176.82,177.51,34441043
2020-12-16,AAPL,178.68,179.22,176.7,178.48,62276689
2020-12-17,AAPL,174.96,176.79,174.96,175.33,49442309
2020-12-18,AAPL,176.39,176.95,176.41,176.88,51693608
2020-12-21,AAPL,172.84,173.32,172.44,173.22,62360931
2020-12-22,AAPL,175.98,176.68,175.18,176.14,62130976
2020-12-23,AAPL,176.71,178.65,176.26,176.6,46908835
2020-12-24,AAPL,177.56,177.18,176.42,177.05,42140105
2020-12-25,AAPL,173.03,175.19,173.16,173.6,28471094
2020-12-28,AAPL,175.14,176.88,174.69,174.7,50818293
2020-12-29,AAPL,174.67,175.33,174.27,174.53,53216978
2020-12-30,AAPL,172.47,173.72,172.71,172.87,55365098
2020-12-31,AAPL,171.18,170.65,170.61,170.62,54746982
2021-01-01,AAPL,170.93,171.34,169.46,170.64,50103526
2021-01-04,AAPL,167.06,168.26,167.12,167.37,48130286
2021-01-05,AAPL,167.84,168.04,167.54,167.6,50644744
2021-01-06,AAPL,162.12,163.48,162.6,162.71,55999287
2021-01-07,AAPL,167.28,167.55,166.35,166.53,51486674
2021-01-08,AAPL,165.58,166.28,165.52,165.77,51704162
2021-01-11,AAPL,166.85,166.26,165.89,166.26,59495541
2021-01-12,AAPL,161.97,164.71,161.88,162.64,47752345
2021-01-13,AAPL,160.23,161.3,159.43,159.86,44234895
2021-01-14,AAPL,153.05,154.15,153.43,153.73,51833599
2021-01-15,AAPL,153.32,154.22,153.68,153.77,61965715
2021-01-18,AAPL,153.28,153.5,152.77,153.48,41151972
2021-01-19,AAPL,152.42,154.47,152.11,153.16,64711703
2021-01-20,AAPL,152.48,153.27,151.96,152.76,68260097
2021-01-21,AAPL,154.11,154.76,152.72,154.39,57420953
2021-01-22,AAPL,155.17,156.17,153.94,155.16,42465821
2021-01-25,AAPL,156.37,156.83,154.73,156.3,46346784
2021-01-26,AAPL,157.38,157.87,156.05,156.82,43431057
2021-01-27,AAPL,154.76,154.85,153.52,154.43,59960476
2021-01-28,AAPL,152.61,153.84,151.61,152.76,47491669
2021-01-29,AAPL,156.89,156.31,155.52,155.87,43564817
2021-02-01,AAPL,158.85,158.17,157.91,158.12,55078357
2021-02-02,AAPL,159.08,160.33,159.19,159.48,39551908
2021-02-03,AAPL,154.75,156.45,154.0,154.85,47231867
2021-02-04,AAPL,155.37,156.28,154.98,155.65,48328782
2021-02-05,AAPL,156.61,156.58,155.13,156.38,57348777
2021-02-08,AAPL,157.4,158.94,157.87,158.02,53996879
2021-02-09,AAPL,157.13,156.96,156.09,156.55,50212715
2021-02-10,AAPL,158.58,158.69,157.17,157.35,55655096
2021-02-11,AAPL,153.87,153.85,152.99,153.28,56731813
2021-02-12,AAPL,152.65,153.97,152.88,153.04,44194765
2021-02-15,AAPL,153.91,155.75,154.16,154.46,54446026
2021-02-16,AAPL,157.32,157.79,157.21,157.31,42151016
2021-02-17,AAPL,158.5,159.02,158.59,158.92,45625416
2021-02-18,AAPL,160.53,161.02,159.34,160.72,52246847
2021-02-19,AAPL,162.31,164.21,161.62,163.05,62625841
2021-02-22,AAPL,161.87,163.85,161.33,161.78,65421099
2021-02-23,AAPL,167.24,168.45,165.73,166.73,55925269
2021-02-24,AAPL,168.76,169.23,168.07,168.76,48298153
2021-02-25,AAPL,167.74,168.28,166.9,167.7,64775300
2021-02-26,AAPL,163.99,165.07,164.32,164.91,49173193
2021-03-01,AAPL,164.19,165.94,164.17,164.69,68540925
2021-03-02,AAPL,167.31,168.28,167.6,167.79,46277932
2021-03-03,AAPL,170.37,172.22,169.3,170.62,38803825
2021-03-04,AAPL,170.99,172.57,170.79,171.06,45339634
2021-03-05,AAPL,166.47,167.48,166.61,167.06,21277377
2021-03-08,AAPL,166.84,168.55,165.68,167.07,43977879
2021-03-09,AAPL,168.72,169.17,168.07,168.33,62269332
2021-03-10,AAPL,167.74,168.33,167.42,168.16,47735211
2021-03-11,AAPL,169.93,169.94,168.49,169.17,47288763
2021-03-12,AAPL,169.65,169.83,167.15,169.2,57368438
2021-03-15,AAPL,167.78,168.63,168.14,168.57,44709473
2021-03-16,AAPL,169.97,171.73,170.41,170.66,54664299
2021-03-17,AAPL,170.28,172.04,169.66,170.66,41897475
2021-03-18,AAPL,171.29,172.24,170.39,171.26,54288165
2021-03-19,AAPL,172.69,173.28,172.81,173.12,50861438
2021-03-22,AAPL,170.89,172.91,170.05,170.43,26370675
2021-03-23,AAPL,167.94,168.45,166.2,167.93,42719970
2021-03-24,AAPL,167.15,168.7,167.01,167.55,45172564
2021-03-25,AAPL,165.4,165.34,163.9,165.24,47476464
2021-03-26,AAPL,164.56,165.89,163.87,164.6,48195200
2021-03-29,AAPL,172.34,172.82,171.92,172.57,61484457
2021-03-30,AAPL,172.6,174.19,172.15,172.95,68732977
2021-03-31,AAPL,175.87,176.23,174.71,175.83,58527736
2021-04-01,AAPL,177.75,177.95,176.63,177.2,46652246
2021-04-02,AAPL,177.31,177.06,175.84,176.22,39324670
2021-04-05,AAPL,176.61,177.61,176.3,176.37,39376064
2021-04-06,AAPL,178.22,177.76,176.71,177.59,75895636
2021-04-07,AAPL,179.03,179.51,179.05,179.22,53384838
2021-04-08,AAPL,177.98,178.67,177.34,178.52,61398785
2021-04-09,AAPL,181.8,182.24,180.2,182.13,62969945
2021-04-12,AAPL,182.62,183.07,181.7,182.16,55467335
2021-04-13,AAPL,181.1,181.93,181.24,181.6,66153756
2021-04-14,AAPL,181.35,181.91,179.44,180.81,45683796
2021-04-15,AAPL,182.18,182.02,181.18,182.0,38209602
2021-04-16,AAPL,185.49,185.76,185.15,185.33,47410950
2021-04-19,AAPL,186.3,187.5,186.24,187.06,51263795
2021-04-20,AAPL,192.89,193.55,191.94,192.59,51795817
2021-04-21,AAPL,194.34,194.17,193.08,193.7,54098186
2021-04-22,AAPL,193.02,193.74,191.26,193.09,40254706
2021-04-23,AAPL,196.9,196.52,194.26,196.4,44646718
2021-04-26,AAPL,196.65,196.55,196.04,196.23,45645136
2021-04-27,AAPL,198.2,198.09,197.11,197.84,40645612
2021-04-28,AAPL,201.38,201.7,200.35,201.16,68381836
2021-04-29,AAPL,200.4,200.94,200.57,200.59,57999419
2021-04-30,AAPL,196.38,196.85,194.78,195.82,67106133
2021-05-03,AAPL,196.3,195.78,195.55,195.61,40726468
2021-05-04,AAPL,196.52,197.37,195.92,196.41,60010460
2021-05-05,AAPL,187.51,189.18,187.93,188.54,55112025
2021-05-06,AAPL,193.46,192.66,191.61,192.52,63149144
2021-05-07,AAPL,196.41,198.09,197.28,197.36,47539375
2021-05-10,AAPL,195.03,197.07,194.79,194.96,55514853
2021-05-11,AAPL,195.3,196.84,194.58,195.18,42575294
2021-05-12,AAPL,191.17,192.0,191.38,191.42,43075790
2021-05-13,AAPL,187.9,187.55,186.06,187.47,50824397
2021-05-14,AAPL,183.64,183.75,182.78,183.47,63404504
2021-05-17,AAPL,178.76,178.5,178.26,178.4,52131966
2021-05-18,AAPL,177.05,176.76,175.77,176.48,50213116
2021-05-19,AAPL,180.77,181.65,180.96,181.6,31968603
2021-05-20,AAPL,176.53,177.61,176.92,177.37,58950383
2021-05-21,AAPL,176.65,176.31,174.76,176.18,47314693
2021-05-24,AAPL,173.8,175.78,173.29,173.91,40128204
2021-05-25,AAPL,173.32,173.72,173.46,173.66,51686546
2021-05-26,AAPL,174.84,175.85,173.66,174.89,50188496
2021-05-27,AAPL,176.99,177.04,176.0,176.84,43875626
2021-05-28,AAPL,177.87,178.9,177.79,177.89,47918831
2021-05-31,AAPL,177.68,179.3,177.14,177.63,51598563
2021-06-01,AAPL,175.49,176.09,174.22,174.98,54271943
2021-06-02,AAPL,173.85,174.91,172.34,173.37,60005823
2021-06-03,AAPL,171.86,172.91,171.5,171.72,52603218
2021-06-04,AAPL,170.56,172.15,170.78,171.46,63043402
2021-06-07,AAPL,166.72,168.13,166.32,167.27,45891857
2021-06-08,AAPL,164.96,164.75,164.32,164.58,63103087
2021-06-09,AAPL,167.25,168.58,167.93,168.1,41941299
2021-06-10,AAPL,170.32,172.0,169.57,170.62,49735942
2021-06-11,AAPL,171.18,172.12,171.06,171.42,49855477
2021-06-14,AAPL,172.86,172.92,172.54,172.91,49116370
2021-06-15,AAPL,172.33,172.26,170.66,172.04,47045196
2021-06-16,AAPL,174.12,174.21,172.9,173.92,48926978
2021-06-17,AAPL,174.55,176.56,174.19,175.18,51429430
2021-06-18,AAPL,180.09,181.83,179.25,179.82,31989422
2021-06-21,AAPL,178.36,179.15,177.89,178.45,45279094
2021-06-22,AAPL,173.36,173.88,172.31,173.24,70740826
2021-06-23,AAPL,171.5,173.1,170.69,170.93,69583474
2021-06-24,AAPL,167.81,168.28,167.48,167.87,76443433
2021-06-25,AAPL,164.7,164.38,163.78,164.17,50979831
2021-06-28,AAPL,164.84,165.33,164.79,165.01,56215718
2021-06-29,AAPL,164.73,164.48,164.15,164.18,49486062
2021-06-30,AAPL,159.58,160.9,159.17,159.89,44043387
2021-07-01,AAPL,163.78,165.01,160.71,163.27,52232389
2021-07-02,AAPL,163.53,163.45,162.79,163.21,55556044
2021-07-05,AAPL,163.42,163.68,163.39,163.52,61337700
2021-07-06,AAPL,165.15,167.48,164.51,165.05,49812912
2021-07-07,AAPL,163.79,165.1,163.4,164.17,54070522
2021-07-08,AAPL,162.28,162.98,161.36,161.86,59531250
2021-07-09,AAPL,162.88,163.78,162.77,163.19,54319225
2021-07-12,AAPL,165.58,165.85,164.25,165.23,53514482
2021-07-13,AAPL,167.88,167.99,167.22,167.97,42550973
2021-07-14,AAPL,166.19,166.47,165.69,166.35,31063853
2021-07-15,AAPL,167.29,166.96,166.28,166.96,59375701
2021-07-16,AAPL,162.56,163.64,162.39,163.02,58294748
2021-07-19,AAPL,162.94,162.84,161.0,162.63,37607416
2021-07-20,AAPL,162.22,163.08,161.75,162.86,19804878
2021-07-21,AAPL,163.49,164.86,162.37,163.39,45083638
2021-07-22,AAPL,165.7,166.25,165.05,165.45,60602099
2021-07-23,AAPL,172.36,172.72,171.94,172.38,32309240
2021-07-26,AAPL,170.75,171.02,170.22,170.67,41775800
2021-07-27,AAPL,173.45,173.62,173.61,173.62,51551906
2021-07-28,AAPL,175.7,176.62,175.28,175.86,36541290
2021-07-29,AAPL,173.92,174.2,173.03,173.79,51935899
2021-07-30,AAPL,176.04,176.21,175.75,176.09,52653623
2021-08-02,AAPL,175.38,176.77,174.52,174.64,59262154
2021-08-03,AAPL,177.36,178.35,177.18,177.26,43823481
2021-08-04,AAPL,176.43,177.05,175.44,176.5,45498107
2021-08-05,AAPL,175.38,177.12,175.32,176.59,44494631
2021-08-06,AAPL,173.21,173.89,173.32,173.45,64524675
2021-08-09,AAPL,173.79,174.65,173.84,174.38,60391117
2021-08-10,AAPL,173.46,174.86,173.34,174.27,58178896
2021-08-11,AAPL,175.94,176.14,174.58,175.35,38105881
2021-08-12,AAPL,179.58,180.56,179.18,179.75,56031874
2021-08-13,AAPL,177.84,178.52,178.34,178.38,57408243
2021-08-16,AAPL,175.73,177.29,176.21,177.09,48089722
2021-08-17,AAPL,183.44,184.31,183.57,183.59,50224658
2021-08-18,AAPL,185.59,186.28,184.16,185.19,57181857
2021-08-19,AAPL,186.83,186.52,185.87,186.5,46459592
2021-08-20,AAPL,184.3,185.08,183.55,184.99,35324747
2021-08-23,AAPL,185.67,185.58,185.38,185.54,47767977
2021-08-24,AAPL,189.72,191.29,188.99,189.78,33568111
2021-08-25,AAPL,189.5,190.94,189.35,189.37,37398352
2021-08-26,AAPL,188.44,188.07,187.42,187.71,55576910
2021-08-27,AAPL,185.31,184.91,184.22,184.68,65805406
2021-08-30,AAPL,181.83,182.7,180.81,181.96,54663583
2021-08-31,AAPL,184.83,184.81,184.45,184.74,41648570
2021-09-01,AAPL,191.78,192.16,190.45,190.63,50067998
2021-09-02,AAPL,190.96,190.52,190.01,190.18,27881380
2021-09-03,AAPL,194.4,196.03,194.39,194.65,55885532
2021-09-06,AAPL,189.3,190.52,188.16,190.08,51897061
2021-09-07,AAPL,187.93,188.69,188.27,188.29,54878722
2021-09-08,AAPL,192.73,193.66,192.78,193.48,40435636
2021-09-09,AAPL,194.76,196.39,194.6,194.95,49992914
2021-09-10,AAPL,191.13,191.97,190.54,191.39,45299578
2021-09-13,AAPL,193.46,192.67,192.18,192.25,47529742
2021-09-14,AAPL,191.2,191.93,190.6,191.31,43506269
2021-09-15,AAPL,194.1,196.58,194.61,195.2,60075136
2021-09-16,AAPL,193.81,194.05,191.38,193.29,37888280
2021-09-17,AAPL,195.27,195.52,194.57,195.5,56863184
2021-09-20,AAPL,194.99,196.48,193.98,195.91,66172125
2021-09-21,AAPL,196.21,197.2,195.01,196.32,59216501
2021-09-22,AAPL,196.03,197.52,194.62,196.04,37476065
2021-09-23,AAPL,195.67,198.08,196.79,197.21,51989481
2021-09-24,AAPL,197.96,199.0,197.37,198.6,56802161
2021-09-27,AAPL,201.94,204.05,201.93,202.25,49184773
2021-09-28,AAPL,203.43,203.9,202.72,203.4,39127540
2021-09-29,AAPL,200.59,200.87,199.04,200.19,54625912
2021-09-30,AAPL,194.54,195.77,193.95,195.11,45355957
2021-10-01,AAPL,196.21,197.33,196.31,196.56,64223698
2021-10-04,AAPL,201.3,202.77,201.7,201.79,41695555
2021-10-05,AAPL,203.87,203.89,202.04,203.47,34969196
2021-10-06,AAPL,206.94,207.81,206.38,206.78,69956674
2021-10-07,AAPL,216.88,217.19,216.33,216.53,58876554
2021-10-08,AAPL,215.92,217.53,215.35,215.6,56659242
2021-10-11,AAPL,216.71,217.98,216.4,217.07,38998457
2021-10-12,AAPL,219.71,219.46,218.11,218.61,49944039
2021-10-13,AAPL,221.37,222.12,220.48,220.91,58491021
2021-10-14,AAPL,219.81,220.13,218.38,220.05,58903831
2021-10-15,AAPL,222.06,222.61,222.0,222.06,43396788
2021-10-18,AAPL,224.14,224.97,223.94,224.49,28466570
2021-10-19,AAPL,228.78,228.85,227.32,228.3,46079873
2021-10-20,AAPL,231.09,232.76,231.25,232.04,62119439
2021-10-21,AAPL,231.83,233.5,232.9,233.07,54086528
2021-10-22,AAPL,230.35,231.14,227.84,229.59,43707366
2021-10-25,AAPL,234.2,235.61,232.98,234.98,62358116
2021-10-26,AAPL,234.91,235.2,234.36,234.55,61173988
2021-10-27,AAPL,239.47,240.2,238.18,239.77,52602805
2021-10-28,AAPL,236.39,237.55,236.01,236.42,50327969
2021-10-29,AAPL,234.47,234.12,232.77,233.85,60352493
2021-11-01,AAPL,227.05,228.55,225.79,227.49,49165620
2021-11-02,AAPL,222.79,223.68,221.54,222.66,50693443
2021-11-03,AAPL,220.18,220.55,219.75,220.36,66734520
2021-11-04,AAPL,225.45,226.36,223.97,224.9,38517367
2021-11-05,AAPL,227.15,229.52,226.49,227.77,60176614
2021-11-08,AAPL,229.08,229.45,228.42,228.81,36735278
2021-11-09,AAPL,232.49,233.88,232.26,232.52,34688924
2021-11-10,AAPL,235.22,235.1,234.36,234.43,46659227
2021-11-11,AAPL,236.41,237.74,236.51,236.54,52253079
2021-11-12,AAPL,235.03,235.5,234.37,235.34,33934228
2021-11-15,AAPL,242.14,243.31,240.08,241.64,44970252
2021-11-16,AAPL,242.14,243.07,242.43,242.71,43094589
2021-11-17,AAPL,238.98,240.49,239.42,239.5,56820520
2021-11-18,AAPL,245.33,245.67,244.67,244.96,54720022
2021-11-19,AAPL,244.45,246.27,244.77,245.36,58691560
2021-11-22,AAPL,249.26,249.7,248.7,248.75,47906861
2021-11-23,AAPL,251.83,255.87,251.89,252.88,53038185
2021-11-24,AAPL,254.72,256.04,253.88,255.74,56929186
2021-11-25,AAPL,252.96,255.73,251.02,253.55,44504428
2021-11-26,AAPL,256.96,257.44,256.88,256.94,30803268
2021-11-29,AAPL,258.13,257.9,256.38,257.02,37434931
2021-11-30,AAPL,260.9,260.64,259.92,260.28,53400512
2021-12-01,AAPL,262.16,263.91,262.2,262.64,39148494
2021-12-02,AAPL,258.47,263.34,257.9,259.52,36775420
2021-12-03,AAPL,261.32,262.24,260.81,261.52,48745457
2021-12-06,AAPL,262.76,263.05,260.02,262.94,41485935
2021-12-07,AAPL,263.52,267.7,263.28,263.76,59218015
2021-12-08,AAPL,267.44,266.36,265.0,265.8,38691115
2021-12-09,AAPL,267.09,269.07,267.08,267.83,45826331
2021-12-10,AAPL,265.78,268.08,265.55,266.77,50549341
2021-12-13,AAPL,263.82,265.73,263.78,264.07,74267164
2021-12-14,AAPL,266.73,267.75,265.16,265.92,70884427
2021-12-15,AAPL,260.03,262.16,257.29,259.72,41317072
2021-12-16,AAPL,262.19,265.39,261.93,261.94,59242701
2021-12-17,AAPL,258.28,258.19,256.89,258.08,41046536
2021-12-20,AAPL,257.29,257.91,255.8,256.63,47653794
2021-12-21,AAPL,256.87,258.77,256.52,256.91,76207930
2021-12-22,AAPL,252.96,254.6,251.49,252.75,67586204
2021-12-23,AAPL,255.22,254.78,254.22,254.29,60964692
2021-12-24,AAPL,251.42,253.69,251.77,252.03,49364754
2021-12-27,AAPL,256.88,257.42,256.78,256.83,58484308
2021-12-28,AAPL,249.2,249.06,248.04,248.3,45080975
2021-12-29,AAPL,240.58,242.19,240.67,241.44,43756546
2021-12-30,AAPL,241.54,241.62,238.24,240.89,62748750
2021-12-31,AAPL,243.36,244.75,243.12,243.37,55987943
2022-01-03,AAPL,246.27,246.83,245.83,245.93,64558223
2022-01-04,AAPL,249.7,249.63,248.55,248.65,54097627
2022-01-05,AAPL,245.24,247.29,244.71,245.56,45205070
2022-01-06,AAPL,247.01,247.35,246.53,246.78,66999573
2022-01-07,AAPL,250.09,251.11,249.69,250.87,53979270
2022-01-10,AAPL,257.3,258.08,256.71,257.8,39103669
2022-01-11,AAPL,254.91,255.37,253.1,254.9,59022771
2022-01-12,AAPL,252.33,253.46,250.91,251.55,43421654
2022-01-13,AAPL,255.03,256.29,253.77,254.9,55532512
2022-01-14,AAPL,249.82,251.66,249.79,250.54,54632062
2022-01-17,AAPL,245.93,246.56,244.01,245.52,56256309
2022-01-18,AAPL,242.69,243.79,242.76,243.08,39914453
2022-01-19,AAPL,236.11,236.46,234.2,236.04,47365517
2022-01-20,AAPL,239.09,238.93,238.17,238.57,53350580
2022-01-21,AAPL,240.36,240.38,237.98,239.82,56124687
2022-01-24,AAPL,236.19,236.57,236.23,236.28,53338599
2022-01-25,AAPL,241.92,242.78,239.89,241.47,63289333
2022-01-26,AAPL,243.74,244.32,240.55,242.99,52493085
2022-01-27,AAPL,246.66,247.1,246.89,246.92,65634133
2022-01-28,AAPL,242.99,245.89,243.41,244.02,53676492
2022-01-31,AAPL,236.03,237.19,235.41,236.45,51235476
2022-02-01,AAPL,244.58,244.12,242.21,243.5,69625871
2022-02-02,AAPL,243.09,244.87,242.0,243.64,45146941
2022-02-03,AAPL,247.6,250.35,247.56,248.26,69870611
2022-02-04,AAPL,247.55,246.82,245.98,246.4,58539759
2022-02-07,AAPL,248.48,248.63,248.01,248.06,24704399
2022-02-08,AAPL,247.37,247.38,245.66,247.08,47955287
2022-02-09,AAPL,253.6,255.71,253.12,253.71,49260524
2022-02-10,AAPL,251.26,252.36,251.16,252.12,56227112
2022-02-11,AAPL,254.14,255.65,253.48,254.62,52531652
2022-02-14,AAPL,257.49,257.93,257.3,257.89,48035334
2022-02-15,AAPL,256.02,258.18,256.99,257.22,45088462
2022-02-16,AAPL,256.2,256.58,255.94,256.25,54794415
2022-02-17,AAPL,258.92,260.58,258.17,259.74,45127970
2022-02-18,AAPL,258.14,259.49,256.82,258.5,51814266
2022-02-21,AAPL,260.21,261.66,260.39,260.93,49685608
2022-02-22,AAPL,257.46,258.48,255.44,257.74,53011073
2022-02-23,AAPL,257.8,262.06,258.13,258.58,49045357
2022-02-24,AAPL,252.51,251.92,250.77,251.82,44504597
2022-02-25,AAPL,251.26,252.31,249.32,251.51,68325570
2022-02-28,AAPL,255.0,255.32,254.23,254.7,30723274
2022-03-01,AAPL,252.7,254.84,253.7,253.76,49475955
2022-03-02,AAPL,261.12,262.0,260.3,260.38,46334929
2022-03-03,AAPL,253.65,255.03,251.87,253.85,47566160
2022-03-04,AAPL,254.52,255.25,250.78,252.84,48409547
2022-03-07,AAPL,253.2,256.01,252.21,254.09,52167755
2022-03-08,AAPL,249.58,250.77,248.98,250.03,44608772
2022-03-09,AAPL,248.26,249.13,246.73,248.1,62179591
2022-03-10,AAPL,247.19,247.2,246.03,246.31,51941076
2022-03-11,AAPL,244.97,245.07,243.13,244.48,54086073
2022-03-14,AAPL,243.86,244.49,242.39,243.47,62289805
2022-03-15,AAPL,240.84,241.82,238.75,241.26,49689410
2022-03-16,AAPL,238.3,239.21,237.3,238.09,48126709
2022-03-17,AAPL,230.53,232.66,229.52,230.22,22524951
2022-03-18,AAPL,228.34,229.21,227.02,228.61,53829889
2022-03-21,AAPL,229.35,231.65,228.32,229.2,55082686
2022-03-22,AAPL,242.61,245.35,240.72,242.82,52873289
2022-03-23,AAPL,243.01,243.29,242.08,242.77,34828263
2022-03-24,AAPL,245.3,246.14,244.24,245.63,62571492
2022-03-25,AAPL,244.33,244.22,242.89,243.78,56855077
2022-03-28,AAPL,250.73,250.88,249.82,250.66,62958717
2022-03-29,AAPL,248.04,249.01,247.84,248.08,50917524
2022-03-30,AAPL,250.33,249.29,248.88,249.15,59854496
2022-03-31,AAPL,253.24,253.09,251.4,252.52,58760467
2022-04-01,AAPL,256.95,259.0,257.93,258.22,46075288
2022-04-04,AAPL,262.06,262.82,261.37,262.21,53240570
2022-04-05,AAPL,257.68,257.94,253.97,257.83,33695267
2022-04-06,AAPL,263.82,263.64,262.01,262.62,40510834
2022-04-07,AAPL,270.56,270.89,269.32,269.64,38937064
2022-04-08,AAPL,265.59,267.25,265.73,266.44,62230830
2022-04-11,AAPL,264.09,266.0,264.78,265.54,52700573
2022-04-12,AAPL,259.59,258.14,256.29,258.05,59113627
2022-04-13,AAPL,259.01,260.22,257.5,258.59,51998104
2022-04-14,AAPL,259.97,261.4,258.79,259.74,33451125
2022-04-15,AAPL,255.26,256.29,256.01,256.13,74116766
2022-04-18,AAPL,261.92,262.88,261.99,262.09,40480815
2022-04-19,AAPL,262.79,262.86,260.89,262.52,48447409
2022-04-20,AAPL,256.59,256.24,254.61,255.14,55565531
2022-04-21,AAPL,250.97,250.77,248.22,250.16,45288753
2022-04-22,AAPL,248.88,251.59,248.32,249.93,44164006
2022-04-25,AAPL,253.61,255.88,250.35,253.95,55517407
2022-04-26,AAPL,259.54,259.25,258.12,258.65,31302583
2022-04-27,AAPL,256.88,257.52,256.69,257.27,50344410
2022-04-28,AAPL,247.07,248.61,247.23,247.8,50589842
2022-04-29,AAPL,248.86,250.01,249.37,249.58,47933887
2022-05-02,AAPL,252.16,252.19,251.25,251.99,57146097
2022-05-03,AAPL,244.68,245.78,243.96,244.37,61972469
2022-05-04,AAPL,238.9,240.31,239.12,239.46,67349365
2022-05-05,AAPL,235.65,237.16,236.26,236.5,46043192
2022-05-06,AAPL,237.37,238.14,237.64,237.75,34855296
2022-05-09,AAPL,239.18,241.11,238.99,239.01,56927227
2022-05-10,AAPL,235.73,236.58,234.35,234.58,42669670
2022-05-11,AAPL,241.27,242.03,240.43,241.1,47514713
2022-05-12,AAPL,244.74,245.73,243.15,245.56,48141542
2022-05-13,AAPL,245.38,246.89,245.32,246.83,51435879
2022-05-16,AAPL,240.52,241.13,240.1,240.22,41361170
2022-05-17,AAPL,244.85,246.22,244.23,244.95,55798572
2022-05-18,AAPL,243.25,243.51,240.47,242.47,42703975
2022-05-19,AAPL,244.24,245.49,243.21,243.91,31301836
2022-05-20,AAPL,238.91,240.12,239.42,239.78,53889787
2022-05-23,AAPL,241.56,241.04,239.89,240.8,66554071
2022-05-24,AAPL,238.92,239.91,238.59,239.18,48606027
2022-05-25,AAPL,242.0,244.26,240.36,241.95,45885068
2022-05-26,AAPL,242.83,241.79,239.66,241.75,50413256
2022-05-27,AAPL,243.82,244.63,242.23,243.48,47323589
2022-05-30,AAPL,246.24,249.31,246.57,246.69,54322629
2022-05-31,AAPL,248.47,249.43,247.67,248.55,41033577
2022-06-01,AAPL,251.53,252.28,248.16,251.82,39614561
2022-06-02,AAPL,246.76,247.3,245.65,245.78,53131844
2022-06-03,AAPL,243.16,244.22,243.11,243.67,38456373
2022-06-06,AAPL,237.32,237.85,237.2,237.39,45840330
2022-06-07,AAPL,234.68,234.85,232.6,234.14,39977829
2022-06-08,AAPL,232.29,233.31,231.03,231.61,55156280
2022-06-09,AAPL,234.89,235.74,233.83,235.13,42198008
2022-06-10,AAPL,240.58,241.37,238.87,239.94,68296202
2022-06-13,AAPL,238.14,239.43,235.86,238.58,34649597
2022-06-14,AAPL,231.72,232.8,229.79,231.97,54373131
2022-06-15,AAPL,233.63,233.23,232.48,232.73,40476836
2022-06-16,AAPL,231.11,231.38,229.53,230.49,54512253
2022-06-17,AAPL,235.77,236.08,232.74,234.69,57356219
2022-06-20,AAPL,240.55,243.08,240.45,241.08,57214793
2022-06-21,AAPL,237.9,238.31,235.78,237.41,52837510
2022-06-22,AAPL,234.56,235.0,232.55,234.01,49609804
2022-06-23,AAPL,233.99,235.01,231.41,232.66,37195444
2022-06-24,AAPL,233.57,234.61,231.97,233.44,59379155
2022-06-27,AAPL,234.34,236.95,231.65,233.6,48271982
2022-06-28,AAPL,236.58,236.94,235.55,236.42,31420985
2022-06-29,AAPL,239.43,239.03,237.91,238.68,53676198
2022-06-30,AAPL,240.18,240.38,238.47,239.32,64363354
2022-07-01,AAPL,239.43,238.64,237.51,238.59,56654168
2022-07-04,AAPL,245.83,246.74,245.19,245.66,56464895
2022-07-05,AAPL,245.51,246.05,243.9,244.98,40837258
2022-07-06,AAPL,250.15,251.55,249.92,250.09,55540577
2022-07-07,AAPL,247.63,247.02,244.32,246.98,34385067
2022-07-08,AAPL,252.2,253.09,252.41,252.67,47119611
2022-07-11,AAPL,258.44,261.39,256.53,258.18,37929783
2022-07-12,AAPL,253.26,256.27,252.94,254.14,61373145
2022-07-13,AAPL,254.77,256.76,255.28,255.56,61008213
2022-07-14,AAPL,261.13,260.45,259.29,259.76,49996863
2022-07-15,AAPL,254.5,255.85,252.62,255.28,46385372
2022-07-18,AAPL,257.87,257.07,255.74,257.0,73200407
2022-07-19,AAPL,258.09,259.05,255.89,257.89,61038773
2022-07-20,AAPL,259.0,259.86,259.09,259.85,58347513
2022-07-21,AAPL,264.0,265.58,261.45,263.55,63995946
2022-07-22,AAPL,258.76,260.14,258.18,258.37,67963608
2022-07-25,AAPL,262.2,261.55,259.9,261.24,40352945
2022-07-26,AAPL,268.29,268.13,265.62,267.75,48630045
2022-07-27,AAPL,265.86,266.25,265.23,265.8,44061885
2022-07-28,AAPL,265.63,265.37,262.45,265.27,40202787
2022-07-29,AAPL,259.75,263.01,258.47,260.81,42909790
2022-08-01,AAPL,268.91,269.29,268.35,268.59,51310651
2022-08-02,AAPL,269.86,270.01,266.46,268.41,33173413
2022-08-03,AAPL,264.82,264.79,263.14,264.42,42717277
2022-08-04,AAPL,273.98,274.76,272.85,273.14,61059004
2022-08-05,AAPL,271.66,272.07,270.86,270.96,51390603
2022-08-08,AAPL,264.63,265.75,264.59,264.69,69725421
2022-08-09,AAPL,261.09,259.98,257.39,259.32,45956025
2022-08-10,AAPL,261.28,262.11,261.11,261.36,54359753
2022-08-11,AAPL,251.4,252.42,251.41,251.56,70468621
2022-08-12,AAPL,248.52,249.65,246.66,249.14,44498847
2022-08-15,AAPL,247.75,249.76,248.46,248.72,44678314
2022-08-16,AAPL,246.89,246.67,246.05,246.58,32239882
2022-08-17,AAPL,250.97,250.95,248.9,250.63,61013229
2022-08-18,AAPL,252.44,254.21,251.85,252.51,72724347
2022-08-19,AAPL,255.02,256.74,254.37,256.01,52927154
2022-08-22,AAPL,257.92,257.48,256.51,256.69,56954024
2022-08-23,AAPL,252.14,252.57,251.41,252.43,45863843
2022-08-24,AAPL,250.33,252.32,250.59,250.75,20705513
2022-08-25,AAPL,258.61,260.0,258.11,258.59,38283456
2022-08-26,AAPL,266.12,267.82,265.09,265.3,51752867
2022-08-29,AAPL,259.76,260.65,259.94,260.11,47813467
2022-08-30,AAPL,259.06,259.99,259.82,259.89,42829838
2022-08-31,AAPL,255.89,256.26,252.33,255.01,63863493
2022-09-01,AAPL,253.93,257.29,253.52,253.98,39894017
2022-09-02,AAPL,251.45,254.07,251.31,252.15,34024008
2022-09-05,AAPL,250.63,251.3,250.41,251.04,55114995
2022-09-06,AAPL,258.31,259.5,258.39,258.45,46433268
2022-09-07,AAPL,263.19,263.98,263.09,263.15,44982158
2022-09-08,AAPL,258.25,258.28,257.79,257.87,44663996
2022-09-09,AAPL,261.34,263.87,260.47,262.72,54347700
2022-09-12,AAPL,265.74,265.78,264.16,264.72,27831811
2022-09-13,AAPL,268.16,270.18,265.56,266.85,44182179
2022-09-14,AAPL,260.85,262.55,259.58,262.29,39486900
2022-09-15,AAPL,267.31,270.8,268.17,268.31,70958435
2022-09-16,AAPL,274.82,275.79,273.74,274.86,48396399
2022-09-19,AAPL,275.47,278.37,275.15,276.36,63764964
2022-09-20,AAPL,276.87,278.75,275.76,277.8,49641744
2022-09-21,AAPL,277.8,277.88,275.24,275.72,31599222
2022-09-22,AAPL,275.63,276.61,275.56,275.73,37007836
2022-09-23,AAPL,277.82,277.88,273.8,276.83,59583858
2022-09-26,AAPL,277.37,277.5,275.69,277.18,59040175
2022-09-27,AAPL,276.24,277.89,275.64,276.08,37299389
2022-09-28,AAPL,276.73,278.56,276.52,277.41,39337650
2022-09-29,AAPL,285.34,288.3,283.64,286.39,50712537
2022-09-30,AAPL,282.02,281.95,279.69,280.98,46037703
2022-10-03,AAPL,284.35,286.48,282.33,285.62,62592332
2022-10-04,AAPL,290.97,292.09,289.21,290.67,47725237
2022-10-05,AAPL,287.23,288.26,284.28,287.23,57821300
2022-10-06,AAPL,282.81,285.07,282.43,283.96,45847862
2022-10-07,AAPL,284.59,284.41,283.99,284.25,56928557
2022-10-10,AAPL,288.55,288.94,287.12,287.52,58946471
2022-10-11,AAPL,281.79,282.24,278.96,281.75,68977670
2022-10-12,AAPL,276.6,279.04,276.82,277.88,43672449
2022-10-13,AAPL,281.13,281.4,280.18,280.51,54215460
2022-10-14,AAPL,281.66,282.25,281.25,281.77,54578056
2022-10-17,AAPL,279.78,280.07,278.43,279.81,41889991
2022-10-18,AAPL,275.92,275.63,274.98,275.27,45688744
2022-10-19,AAPL,276.41,277.86,276.48,277.1,51493634
2022-10-20,AAPL,278.88,278.76,275.84,278.75,72125310
2022-10-21,AAPL,277.64,278.39,276.86,277.38,61927351
2022-10-24,AAPL,272.17,273.28,271.48,272.29,53386873
2022-10-25,AAPL,277.31,277.84,275.05,276.63,49353113
2022-10-26,AAPL,278.06,277.17,276.86,277.07,49162820
2022-10-27,AAPL,273.56,273.09,272.31,272.55,56030946
2022-10-28,AAPL,270.24,272.56,268.86,269.21,48482855
2022-10-31,AAPL,272.36,272.64,269.85,271.5,58721970
2022-11-01,AAPL,271.11,271.13,269.91,270.35,47772792
2022-11-02,AAPL,274.12,276.81,273.55,274.81,48596249
2022-11-03,AAPL,276.57,276.94,274.35,276.22,50394470
2022-11-04,AAPL,268.67,272.18,270.02,270.4,60126374
2022-11-07,AAPL,269.75,274.27,266.78,269.9,48936629
2022-11-08,AAPL,272.59,276.4,271.82,274.06,43779651
2022-11-09,AAPL,275.6,277.28,275.12,276.6,26838561
2022-11-10,AAPL,280.42,281.45,277.47,280.29,57931756
2022-11-11,AAPL,279.61,280.56,279.7,279.92,36519528
2022-11-14,AAPL,277.2,277.78,276.61,277.06,40048515
2022-11-15,AAPL,277.63,279.45,276.2,276.44,35258678
2022-11-16,AAPL,273.78,274.6,272.44,274.15,43077496
2022-11-17,AAPL,266.41,266.33,263.48,266.19,49777210
2022-11-18,AAPL,268.27,267.63,266.52,267.61,52257615
2022-11-21,AAPL,268.35,269.12,266.07,267.82,44470791
2022-11-22,AAPL,271.36,272.65,270.91,271.98,32289314
2022-11-23,AAPL,272.33,276.54,272.35,274.03,49139303
2022-11-24,AAPL,272.59,274.0,272.13,273.55,54643698
2022-11-25,AAPL,271.58,271.86,270.23,271.43,63032780
2022-11-28,AAPL,273.76,274.52,273.6,273.95,50078801
2022-11-29,AAPL,271.94,272.98,272.46,272.75,39841211
2022-11-30,AAPL,267.34,269.35,265.58,267.21,41072124
2022-12-01,AAPL,269.93,269.45,266.75,269.4,58107986
2022-12-02,AAPL,265.6,266.08,264.38,265.52,37355015
2022-12-05,AAPL,258.2,259.01,258.35,258.51,38159694
2022-12-06,AAPL,257.23,257.44,257.03,257.09,43298847
2022-12-07,AAPL,262.66,263.28,261.1,261.74,54809080
2022-12-08,AAPL,259.96,261.76,259.72,261.07,40298757
2022-12-09,AAPL,258.89,261.25,259.15,259.65,46896922
2022-12-12,AAPL,256.32,258.3,256.12,257.38,66087808
2022-12-13,AAPL,260.59,262.13,260.11,260.71,35668481
2022-12-14,AAPL,257.93,259.43,257.11,258.79,46344940
2022-12-15,AAPL,257.77,260.13,257.57,258.33,48046096
2022-12-16,AAPL,256.54,257.72,256.7,256.71,46281421
2022-12-19,AAPL,254.14,254.44,251.93,254.03,59961182
2022-12-20,AAPL,247.76,249.06,247.49,248.86,42606285
2022-12-21,AAPL,252.27,254.64,253.13,253.43,48037193
2022-12-22,AAPL,254.03,254.93,252.36,254.71,49359222
2022-12-23,AAPL,256.99,259.7,256.68,256.88,58496119
2022-12-26,AAPL,258.2,260.44,258.64,259.68,46069472
2022-12-27,AAPL,264.05,265.55,262.78,263.71,53796396
2022-12-28,AAPL,260.91,261.82,259.46,261.65,66147787
2022-12-29,AAPL,260.97,262.24,258.68,260.51,42632298
2022-12-30,AAPL,254.47,255.39,253.82,255.11,35009840
2023-01-02,AAPL,255.61,255.0,254.19,254.89,49405848
2023-01-03,AAPL,260.84,262.4,261.66,262.11,47373404
2023-01-04,AAPL,260.0,262.17,260.32,260.92,51722543
2023-01-05,AAPL,264.28,265.69,262.51,263.68,50600859
2023-01-06,AAPL,265.07,267.0,263.58,265.35,42274312
2023-01-09,AAPL,265.07,268.63,266.19,266.99,45877792
2023-01-10,AAPL,270.55,271.51,270.2,270.78,37209692
2023-01-11,AAPL,273.47,274.15,270.03,273.01,44193516
2023-01-12,AAPL,271.55,270.77,270.32,270.64,51864161
2023-01-13,AAPL,268.42,270.34,267.74,267.8,43917734
2023-01-16,AAPL,271.03,269.82,266.85,269.4,62906444
2023-01-17,AAPL,268.0,269.4,267.46,267.93,53556689
2023-01-18,AAPL,269.29,269.51,266.89,268.83,39503445
2023-01-19,AAPL,273.53,276.71,270.13,274.46,52428820
2023-01-20,AAPL,267.56,266.76,265.3,266.03,42253850
2023-01-23,AAPL,260.0,260.03,256.86,259.42,29349169
2023-01-24,AAPL,260.94,262.36,259.24,259.66,53606478
2023-01-25,AAPL,256.79,256.47,256.4,256.43,36331416
2023-01-26,AAPL,258.45,262.33,258.02,258.83,56333268
2023-01-27,AAPL,259.2,260.87,257.77,259.05,49209326
2023-01-30,AAPL,256.53,257.55,256.03,256.93,49119087
2023-01-31,AAPL,266.04,267.31,262.96,265.42,43213569
2023-02-01,AAPL,265.55,265.32,263.94,264.29,58021284
2023-02-02,AAPL,265.55,269.73,266.29,267.84,41906191
2023-02-03,AAPL,271.8,272.52,271.51,271.81,43111144
2023-02-06,AAPL,273.03,273.83,270.58,272.78,59324348
2023-02-07,AAPL,271.14,272.17,267.41,271.22,53933070
2023-02-08,AAPL,268.51,268.6,267.74,268.36,39803046
2023-02-09,AAPL,270.1,271.29,268.72,269.32,47629880
2023-02-10,AAPL,272.74,272.86,271.19,272.48,40083033
2023-02-13,AAPL,269.07,270.29,269.63,270.03,60539857
2023-02-14,AAPL,272.37,273.45,270.39,272.49,45540562
2023-02-15,AAPL,272.77,273.58,270.34,273.08,46943808
2023-02-16,AAPL,274.23,276.78,273.5,275.82,63111674
2023-02-17,AAPL,275.97,276.21,274.92,275.03,46126380
2023-02-20,AAPL,270.81,272.55,270.48,270.63,62347519
2023-02-21,AAPL,266.47,267.37,265.79,266.58,50722789
2023-02-22,AAPL,261.41,261.73,258.95,260.71,49373604
2023-02-23,AAPL,261.64,262.18,260.02,261.79,52318420
2023-02-24,AAPL,265.2,267.46,264.35,266.42,66296421
2023-02-27,AAPL,264.71,265.39,262.56,265.07,39601934
2023-02-28,AAPL,262.95,262.97,261.53,262.78,53076766
2023-03-01,AAPL,258.03,259.74,256.27,258.6,66562082
2023-03-02,AAPL,258.77,257.79,256.4,257.78,48891874
2023-03-03,AAPL,257.1,256.48,255.98,256.41,50042298
2023-03-06,AAPL,259.16,261.04,258.43,258.92,34810891
2023-03-07,AAPL,248.45,249.32,248.71,248.83,52435302
2023-03-08,AAPL,248.17,250.13,248.62,248.73,59901662
2023-03-09,AAPL,247.56,248.7,247.45,248.05,50841682
2023-03-10,AAPL,246.85,248.81,247.88,248.22,45672261
2023-03-13,AAPL,252.04,251.67,250.99,251.3,42880267
2023-03-14,AAPL,244.9,245.8,245.01,245.61,48246215
2023-03-15,AAPL,248.89,247.55,247.16,247.54,46571211
2023-03-16,AAPL,248.26,249.33,247.65,248.7,45212414
2023-03-17,AAPL,249.85,253.1,249.27,250.16,49368769
2023-03-20,AAPL,249.94,252.11,250.16,251.77,26130701
2023-03-21,AAPL,247.77,251.4,248.07,250.03,55711794
2023-03-22,AAPL,250.34,252.43,249.83,251.07,51105353
2023-03-23,AAPL,248.19,249.45,245.28,248.83,38739460
2023-03-24,AAPL,246.62,248.67,247.01,248.0,50454914
2023-03-27,AAPL,250.45,252.52,249.6,250.2,31961372
2023-03-28,AAPL,242.2,242.37,241.34,241.35,36265971
2023-03-29,AAPL,243.55,245.63,242.84,243.35,50085560
2023-03-30,AAPL,238.1,239.35,237.01,237.74,34369656
2023-03-31,AAPL,234.67,235.33,233.25,233.65,49217693
2023-04-03,AAPL,227.79,228.33,226.64,227.31,50252108
2023-04-04,AAPL,222.49,222.35,219.73,222.17,49424822
2023-04-05,AAPL,225.12,226.1,225.62,225.86,52338480
2023-04-06,AAPL,229.42,230.44,227.85,229.48,41122304
2023-04-07,AAPL,232.83,233.36,232.15,233.03,49401738
2023-04-10,AAPL,234.08,235.21,232.53,234.87,59294099
2023-04-11,AAPL,233.76,235.14,232.93,234.52,29782013
2023-04-12,AAPL,234.24,234.99,233.15,234.29,53639706
2023-04-13,AAPL,242.46,243.59,240.36,241.76,42209072
2023-04-14,AAPL,243.71,243.17,242.39,242.62,56056062
2023-04-17,AAPL,244.44,245.11,242.77,244.59,62066081
2023-04-18,AAPL,238.4,240.37,238.96,239.11,42074765
2023-04-19,AAPL,238.21,239.33,236.55,237.71,36926302
2023-04-20,AAPL,231.99,232.86,231.28,232.13,45354189
2023-04-21,AAPL,232.67,234.43,231.83,232.4,45906915
2023-04-24,AAPL,236.13,237.35,234.69,236.02,46634474
2023-04-25,AAPL,235.31,236.2,234.63,236.07,42374807
2023-04-26,AAPL,241.08,240.57,238.78,239.86,45982049
2023-04-27,AAPL,242.57,243.83,241.51,242.43,54730382
2023-04-28,AAPL,238.72,242.2,239.6,240.2,46826495
2023-05-01,AAPL,244.46,243.95,241.34,243.71,43461016
2023-05-02,AAPL,243.25,243.99,242.01,243.94,44392390
2023-05-03,AAPL,235.42,236.66,236.31,236.61,54042128
2023-05-04,AAPL,239.69,239.54,238.88,239.27,56802203
2023-05-05,AAPL,241.35,241.48,240.16,240.49,44033709
2023-05-08,AAPL,247.68,248.83,248.14,248.18,52232708
2023-05-09,AAPL,241.91,242.48,240.5,241.82,59944473
2023-05-10,AAPL,244.5,247.18,241.79,244.28,42235008
2023-05-11,AAPL,245.12,245.19,244.16,244.98,43925277
2023-05-12,AAPL,243.72,244.45,241.87,243.61,55852994
2023-05-15,AAPL,245.23,246.63,245.22,245.62,58396638
2023-05-16,AAPL,241.52,241.82,239.58,240.74,59427885
2023-05-17,AAPL,242.87,243.92,241.55,242.62,48748255
2023-05-18,AAPL,246.22,245.96,245.35,245.82,58761691
2023-05-19,AAPL,241.66,243.56,242.19,243.48,52004596
2023-05-22,AAPL,245.57,246.15,243.43,245.83,27816522
2023-05-23,AAPL,251.71,252.36,249.43,251.0,40994096
2023-05-24,AAPL,246.94,247.29,245.82,246.86,45171724
2023-05-25,AAPL,239.98,243.07,240.12,240.39,44469101
2023-05-26,AAPL,242.77,244.44,242.69,243.02,55001430
2023-05-29,AAPL,238.68,238.46,237.54,238.19,30632472
2023-05-30,AAPL,235.93,236.63,235.47,235.59,64967104
2023-05-31,AAPL,234.17,234.54,232.62,233.96,62676515
2023-06-01,AAPL,234.0,236.45,233.52,235.09,56620518
2023-06-02,AAPL,240.24,241.61,238.39,239.4,44199836
2023-06-05,AAPL,235.44,236.37,234.88,235.37,53873714
2023-06-06,AAPL,237.01,238.14,235.09,236.63,58458028
2023-06-07,AAPL,237.57,239.12,237.67,238.57,60538915
2023-06-08,AAPL,234.8,234.75,233.42,234.41,49660747
2023-06-09,AAPL,229.53,229.4,228.26,228.92,50013256
2023-06-12,AAPL,230.08,231.5,229.72,230.4,58567024
2023-06-13,AAPL,234.77,237.26,235.04,236.31,38058105
2023-06-14,AAPL,233.32,234.6,231.18,233.03,47859323
2023-06-15,AAPL,234.93,235.28,234.16,234.47,49304677
2023-06-16,AAPL,229.77,231.63,229.73,230.41,48220821
2023-06-19,AAPL,227.61,227.85,226.98,227.37,41021699
2023-06-20,AAPL,227.23,227.04,225.26,225.82,61801281
2023-06-21,AAPL,229.78,231.41,228.93,229.81,44490181
2023-06-22,AAPL,229.9,231.6,229.93,230.51,57424589
2023-06-23,AAPL,228.27,228.66,228.07,228.42,57662429
2023-06-26,AAPL,224.56,227.16,222.92,224.97,53702118
2023-06-27,AAPL,227.33,227.17,226.99,227.05,47689305
2023-06-28,AAPL,231.24,232.88,230.9,231.91,49206115
2023-06-29,AAPL,230.61,232.14,230.56,230.98,56554038
2023-06-30,AAPL,227.54,229.34,226.37,227.39,57918593
2023-07-03,AAPL,226.54,226.52,224.17,225.56,50141492
2023-07-04,AAPL,223.26,223.99,222.75,223.65,42506423
2023-07-05,AAPL,222.64,224.33,220.99,223.02,58316167
2023-07-06,AAPL,224.36,224.93,223.82,223.83,48117386
2023-07-07,AAPL,227.63,229.11,226.9,227.95,39201575
2023-07-10,AAPL,224.49,226.19,225.35,225.97,49918867
2023-07-11,AAPL,226.9,226.93,225.15,226.61,63101919
2023-07-12,AAPL,226.88,227.05,224.15,225.99,39078584
2023-07-13,AAPL,225.71,225.63,224.7,225.25,41611073
2023-07-14,AAPL,225.24,227.87,223.96,225.59,50558639
2023-07-17,AAPL,224.64,225.94,221.47,224.65,48941812
2023-07-18,AAPL,223.75,225.16,222.25,223.24,53562527
2023-07-19,AAPL,228.32,228.33,226.74,227.57,54253213
2023-07-20,AAPL,222.97,223.01,221.98,222.41,43207693
2023-07-21,AAPL,211.51,213.36,211.5,212.8,21676740
2023-07-24,AAPL,216.4,215.64,215.26,215.51,56373246
2023-07-25,AAPL,219.77,222.38,220.8,220.84,47706176
2023-07-26,AAPL,220.54,220.82,220.08,220.13,57034401
2023-07-27,AAPL,227.52,227.71,226.28,227.35,41977199
2023-07-28,AAPL,232.19,232.85,231.86,232.52,57184174
2023-07-31,AAPL,231.49,232.83,230.15,232.08,50355660
2023-08-01,AAPL,233.73,236.38,233.91,234.47,58227827
2023-08-02,AAPL,231.8,232.0,229.92,231.2,52513166
2023-08-03,AAPL,230.03,231.18,228.82,230.52,39629339
2023-08-04,AAPL,231.92,233.86,231.83,232.93,45170901
2023-08-07,AAPL,233.13,233.04,231.65,232.76,48091277
2023-08-08,AAPL,232.27,232.78,230.71,232.18,45308691
2023-08-09,AAPL,229.24,230.5,228.08,228.84,55773635
2023-08-10,AAPL,229.17,230.12,227.96,228.52,49612571
2023-08-11,AAPL,226.79,227.22,226.08,226.54,50812784
2023-08-14,AAPL,227.02,229.23,225.19,226.53,51117991
2023-08-15,AAPL,229.85,230.66,230.03,230.06,49190826
2023-08-16,AAPL,220.29,219.47,218.7,219.24,50193440
2023-08-17,AAPL,215.74,215.49,214.31,215.44,52909473
2023-08-18,AAPL,217.75,219.51,218.6,218.64,57014947
2023-08-21,AAPL,220.73,221.0,220.45,220.45,66043391
2023-08-22,AAPL,219.05,219.77,218.43,219.62,50978132
2023-08-23,AAPL,223.09,223.65,223.1,223.37,44652433
2023-08-24,AAPL,224.02,226.15,223.03,224.47,57219034
2023-08-25,AAPL,220.56,221.04,219.56,220.3,40055714
2023-08-28,AAPL,221.92,222.55,220.96,221.24,57967019
2023-08-29,AAPL,221.41,222.48,220.68,221.4,26796844
2023-08-30,AAPL,223.37,224.13,222.76,224.11,18232961
2023-08-31,AAPL,224.5,225.49,223.25,225.16,77552177
2023-09-01,AAPL,222.83,225.06,223.51,224.24,48297417
2023-09-04,AAPL,223.63,223.9,223.33,223.46,48498830
2023-09-05,AAPL,217.98,219.86,217.19,219.33,57391804
2023-09-06,AAPL,220.64,221.17,219.57,221.11,47372532
2023-09-07,AAPL,216.85,216.72,215.22,215.93,45805652
2023-09-08,AAPL,217.96,220.58,217.76,218.49,53073456
2023-09-11,AAPL,218.19,219.22,216.83,217.78,47204925
2023-09-12,AAPL,217.37,217.57,216.46,217.37,49373517
2023-09-13,AAPL,218.87,218.36,217.4,218.27,39493766
2023-09-14,AAPL,221.63,222.54,220.57,221.22,30886831
2023-09-15,AAPL,222.54,222.16,220.8,221.64,43463208
2023-09-18,AAPL,218.98,219.16,218.32,219.07,61663705
2023-09-19,AAPL,220.55,223.33,220.34,220.93,54793609
2023-09-20,AAPL,212.43,215.04,211.77,212.34,61815677
2023-09-21,AAPL,220.0,220.87,218.87,219.91,48584742
2023-09-22,AAPL,217.56,219.35,217.7,218.45,49241285
2023-09-25,AAPL,213.13,213.24,213.0,213.04,44778684
2023-09-26,AAPL,223.13,224.49,221.59,222.98,43919938
2023-09-27,AAPL,219.25,221.17,219.22,219.7,59678260
2023-09-28,AAPL,223.4,224.61,222.13,223.08,56324542
2023-09-29,AAPL,221.76,222.46,219.82,221.61,56359677
2023-10-02,AAPL,218.9,220.32,218.36,218.98,39357799
2023-10-03,AAPL,219.5,220.91,217.83,219.06,56037905
2023-10-04,AAPL,217.64,218.99,216.76,217.88,56445184
2023-10-05,AAPL,221.2,221.57,219.75,221.03,41764650
2023-10-06,AAPL,219.52,220.87,218.51,219.42,37280809
2023-10-09,AAPL,221.12,221.39,219.81,220.22,62927452
2023-10-10,AAPL,226.79,226.17,225.17,225.83,54473939
2023-10-11,AAPL,223.38,224.75,223.98,224.24,48567410
2023-10-12,AAPL,228.81,230.54,226.3,228.05,45402353
2023-10-13,AAPL,230.7,230.02,228.6,230.02,35999292
2023-10-16,AAPL,231.65,232.4,232.06,232.16,67481370
2023-10-17,AAPL,235.62,236.77,234.32,235.9,54345026
2023-10-18,AAPL,237.55,238.35,235.93,236.86,53268554
2023-10-19,AAPL,232.01,232.27,230.82,232.05,55030903
2023-10-20,AAPL,231.27,232.24,230.91,231.05,43443122
2023-10-23,AAPL,230.15,231.43,229.06,230.35,64527555
2023-10-24,AAPL,234.27,235.85,234.56,235.75,35279629
2023-10-25,AAPL,231.28,232.6,230.88,231.01,27795789
2023-10-26,AAPL,226.87,227.98,226.65,226.97,55648423
2023-10-27,AAPL,232.79,232.91,232.58,232.66,73921096
2023-10-30,AAPL,225.83,226.22,225.32,225.45,43426274
2023-10-31,AAPL,225.94,226.2,221.89,225.39,41519344
2023-11-01,AAPL,223.85,224.58,222.06,224.07,57328290
2023-11-02,AAPL,219.42,221.06,219.37,219.9,48584703
2023-11-03,AAPL,225.12,226.11,225.28,225.28,50766090
2023-11-06,AAPL,223.77,226.02,221.38,223.67,53981472
2023-11-07,AAPL,222.51,224.41,223.38,223.59,72770864
2023-11-08,AAPL,220.41,220.69,219.07,219.56,50145089
2023-11-09,AAPL,215.94,216.95,214.81,215.6,57157342
2023-11-10,AAPL,224.54,225.89,222.68,223.45,53831681
2023-11-13,AAPL,224.68,227.14,225.04,225.23,58280588
2023-11-14,AAPL,229.73,231.34,228.94,228.96,48133210
2023-11-15,AAPL,231.39,231.99,231.19,231.58,37834191
2023-11-16,AAPL,227.71,228.61,227.78,227.8,45761099
2023-11-17,AAPL,225.96,228.06,226.49,226.87,57436517
2023-11-20,AAPL,226.27,226.32,224.47,226.29,52891836
2023-11-21,AAPL,221.36,222.64,221.72,222.4,52008450
2023-11-22,AAPL,223.07,222.89,221.69,222.85,64780718
2023-11-23,AAPL,218.93,219.79,219.54,219.64,59562950
2023-11-24,AAPL,227.46,227.43,226.83,227.41,42864153
2023-11-27,AAPL,222.44,222.09,219.77,221.31,48848903
2023-11-28,AAPL,219.76,221.25,219.04,220.27,50680722
2023-11-29,AAPL,223.83,224.34,223.5,223.78,54002358
2023-11-30,AAPL,223.85,225.73,224.52,224.57,50810825
2023-12-01,AAPL,222.12,225.89,223.02,223.06,48658197
2023-12-04,AAPL,223.84,226.79,224.25,224.91,58168370
2023-12-05,AAPL,220.32,220.85,220.08,220.37,56891644
2023-12-06,AAPL,218.31,218.52,218.2,218.22,50978271
2023-12-07,AAPL,220.05,220.68,219.32,219.75,34177768
2023-12-08,AAPL,219.57,220.56,219.23,220.03,43409607
2023-12-11,AAPL,217.98,218.83,217.12,218.24,59079623
2023-12-12,AAPL,219.25,218.89,218.53,218.76,53255778
2023-12-13,AAPL,225.98,227.3,225.75,226.33,41307130
2023-12-14,AAPL,226.29,226.57,223.11,226.41,38698212
2023-12-15,AAPL,227.46,229.81,227.35,227.45,57946003
2023-12-18,AAPL,230.36,231.47,230.71,230.89,38719374
2023-12-19,AAPL,231.38,233.55,231.59,232.08,55496831
2023-12-20,AAPL,238.37,240.01,236.25,238.46,50156977
2023-12-21,AAPL,239.63,239.9,239.12,239.36,60404308
2023-12-22,AAPL,231.82,232.89,232.22,232.46,67311696
2023-12-25,AAPL,229.96,230.41,229.72,230.36,31534269
2023-12-26,AAPL,228.42,230.18,228.61,229.0,59256722
2023-12-27,AAPL,228.5,228.56,227.81,227.98,73817135
2023-12-28,AAPL,230.21,232.26,230.34,230.92,50623313
2023-12-29,AAPL,231.68,232.65,231.2,231.41,53603933
2024-01-01,AAPL,232.91,233.61,232.68,233.27,38010486
2024-01-02,AAPL,238.97,239.65,239.36,239.63,79356579
2024-01-03,AAPL,236.32,236.4,235.41,235.9,59579320
2024-01-04,AAPL,242.22,243.02,241.13,242.41,53078323
2024-01-05,AAPL,250.19,251.8,248.55,250.05,58378305
2024-01-08,AAPL,250.28,250.85,248.86,249.79,59720569
2024-01-09,AAPL,250.48,250.62,247.92,249.87,54238894
2024-01-10,AAPL,245.28,247.04,245.8,246.37,41823176
2024-01-11,AAPL,241.12,242.81,241.41,242.31,70225902
2024-01-12,AAPL,247.29,247.94,246.64,246.98,61910858
2024-01-15,AAPL,243.09,245.4,243.4,244.07,57241365
2024-01-16,AAPL,249.44,252.14,247.43,248.92,45901987
2024-01-17,AAPL,251.38,253.82,250.38,251.97,50789640
2024-01-18,AAPL,250.12,250.49,248.39,249.67,66187876
2024-01-19,AAPL,250.9,252.88,249.64,251.35,59104184
2024-01-22,AAPL,256.7,258.0,255.49,257.41,63227444
2024-01-23,AAPL,257.43,256.99,255.91,256.89,52787998
2024-01-24,AAPL,256.64,256.61,255.11,256.21,47426999
2024-01-25,AAPL,259.91,260.67,259.39,260.5,40212591
2024-01-26,AAPL,259.71,261.17,258.52,259.57,43433106
2024-01-29,AAPL,258.53,260.63,258.4,258.68,55402879
2024-01-30,AAPL,259.84,261.23,258.27,259.68,51983935
2024-01-31,AAPL,260.14,260.44,259.49,259.77,32531043
2024-02-01,AAPL,258.73,258.13,257.47,257.8,42282591
2024-02-02,AAPL,255.74,256.66,254.98,256.01,57708022
2024-02-05,AAPL,251.66,252.63,249.94,252.09,46705106
2024-02-06,AAPL,257.0,258.9,255.7,258.55,50340295
2024-02-07,AAPL,261.97,261.55,260.84,261.06,44604087
2024-02-08,AAPL,263.26,266.85,263.49,264.69,47251546
2024-02-09,AAPL,263.9,264.79,264.56,264.64,48097591
2024-02-12,AAPL,258.45,260.59,258.43,258.83,65889403
2024-02-13,AAPL,254.08,255.56,252.74,254.13,54316316
2024-02-14,AAPL,257.55,260.39,254.19,257.08,44428694
2024-02-15,AAPL,256.24,255.74,253.79,254.95,58422973
2024-02-16,AAPL,254.15,256.89,253.23,255.16,28220322
2024-02-19,AAPL,252.73,252.82,252.48,252.61,35889431
2024-02-20,AAPL,254.33,256.09,254.85,255.78,53114908
2024-02-21,AAPL,251.42,251.85,250.68,251.35,41484600
2024-02-22,AAPL,251.35,253.43,250.06,251.5,61185499
2024-02-23,AAPL,250.3,250.3,248.69,249.64,42905688
2024-02-26,AAPL,251.75,252.66,249.69,252.18,38208917
2024-02-27,AAPL,252.37,253.94,251.27,252.44,48224040
2024-02-28,AAPL,254.46,256.28,255.02,255.05,32260303
2024-02-29,AAPL,252.29,253.33,252.41,252.55,56879329
2024-03-01,AAPL,250.61,250.42,248.87,250.35,49399624
2024-03-04,AAPL,247.81,249.0,247.16,248.22,57556658
2024-03-05,AAPL,247.75,249.19,245.33,247.52,35930565
2024-03-06,AAPL,245.18,246.14,243.9,246.0,59760407
2024-03-07,AAPL,250.5,252.08,250.94,251.29,47965388
2024-03-08,AAPL,250.71,252.1,249.9,251.27,30326749
2024-03-11,AAPL,251.07,251.69,251.01,251.32,51247520
2024-03-12,AAPL,256.77,257.65,256.68,257.16,48301476
2024-03-13,AAPL,263.22,263.84,263.57,263.6,60989833
2024-03-14,AAPL,271.51,272.09,271.37,271.48,26156932
2024-03-15,AAPL,274.07,274.84,274.06,274.65,46155431
2024-03-18,AAPL,274.8,274.49,272.58,273.1,54308624
2024-03-19,AAPL,266.24,268.18,267.13,268.01,65994709
2024-03-20,AAPL,269.84,271.69,270.74,270.97,45163828
2024-03-21,AAPL,274.34,275.97,271.05,274.52,48582424
2024-03-22,AAPL,275.43,276.22,274.34,275.22,61955313
2024-03-25,AAPL,268.09,269.76,268.24,269.09,34971293
2024-03-26,AAPL,265.72,267.09,265.21,266.21,41436514
2024-03-27,AAPL,263.76,265.38,263.88,263.9,48899945
2024-03-28,AAPL,269.32,270.16,267.38,269.15,48395806
2024-03-29,AAPL,278.35,280.85,278.88,279.38,59524619
2024-04-01,AAPL,286.43,288.99,284.84,286.6,46347590
2024-04-02,AAPL,279.14,282.4,278.9,279.56,63280568
2024-04-03,AAPL,276.14,276.18,275.38,275.62,49364264
2024-04-04,AAPL,269.73,269.86,268.34,269.76,57751151
2024-04-05,AAPL,266.26,265.69,264.83,265.66,50314915
2024-04-08,AAPL,268.76,270.0,267.61,268.54,40017877
2024-04-09,AAPL,268.36,269.38,268.2,268.67,40200744
2024-04-10,AAPL,259.86,261.78,260.66,260.91,50156822
2024-04-11,AAPL,268.79,269.85,266.27,268.48,61675098
2024-04-12,AAPL,266.64,266.55,262.06,265.7,65403239
2024-04-15,AAPL,263.93,263.96,262.63,263.63,61249325
2024-04-16,AAPL,256.95,257.39,256.51,256.87,54589940
2024-04-17,AAPL,257.02,256.4,256.0,256.27,54187599
2024-04-18,AAPL,257.94,258.88,256.76,257.25,50376965
2024-04-19,AAPL,259.99,262.22,258.57,259.92,44890108
2024-04-22,AAPL,250.39,250.3,249.69,250.09,48460947
2024-04-23,AAPL,249.37,251.23,247.85,249.02,67159076
2024-04-24,AAPL,248.17,249.18,247.59,248.78,53668140
2024-04-25,AAPL,246.36,247.2,245.95,246.14,42174014
2024-04-26,AAPL,248.62,251.47,247.62,248.87,52316074
2024-04-29,AAPL,252.96,252.64,248.36,251.93,57605061
2024-04-30,AAPL,246.54,246.22,243.55,245.47,59386400
2024-05-01,AAPL,245.77,245.05,244.79,244.95,41241575
2024-05-02,AAPL,243.11,243.33,242.05,242.11,43284877
2024-05-03,AAPL,240.96,243.15,242.02,242.03,45123665
2024-05-06,AAPL,235.71,237.76,236.09,236.94,63338857
2024-05-07,AAPL,248.01,245.99,245.14,245.93,36810315
2024-05-08,AAPL,246.39,246.35,244.47,246.13,45013661
2024-05-09,AAPL,242.77,243.15,241.52,242.74,44358038
2024-05-10,AAPL,236.52,238.91,236.83,237.42,48317408
2024-05-13,AAPL,237.04,239.86,237.39,237.78,67110288
2024-05-14,AAPL,239.7,240.25,238.88,239.77,56127907
2024-05-15,AAPL,239.36,240.06,239.73,239.8,46567940
2024-05-16,AAPL,231.88,233.55,232.07,232.42,68987349
2024-05-17,AAPL,233.11,234.04,231.84,232.84,53945799
2024-05-20,AAPL,231.85,231.99,231.16,231.47,30950555
2024-05-21,AAPL,229.66,232.06,229.19,230.07,45520386
2024-05-22,AAPL,226.09,228.49,225.74,226.0,49474949
2024-05-23,AAPL,225.49,225.67,224.47,225.62,44259174
2024-05-24,AAPL,224.36,225.43,223.19,224.78,50989337
2024-05-27,AAPL,225.04,227.16,226.01,226.03,32309496
2024-05-28,AAPL,227.38,227.83,227.16,227.39,40235999
2024-05-29,AAPL,226.42,228.75,225.77,227.35,48042147
2024-05-30,AAPL,223.56,224.55,223.54,223.91,58532015
2024-05-31,AAPL,223.17,224.7,223.02,224.12,51072079
2024-06-03,AAPL,223.3,223.86,223.07,223.16,33766174
2024-06-04,AAPL,229.02,229.78,228.79,229.59,53080099
2024-06-05,AAPL,225.24,225.73,224.82,225.22,56979740
2024-06-06,AAPL,222.56,221.93,220.66,221.17,48619176
2024-06-07,AAPL,222.07,223.36,221.07,223.24,50946210
2024-06-10,AAPL,218.0,220.64,217.59,217.91,47151630
2024-06-11,AAPL,218.0,221.04,217.39,217.67,43506351
2024-06-12,AAPL,219.94,219.0,218.29,218.74,61771849
2024-06-13,AAPL,221.08,221.83,218.91,219.3,47693383
2024-06-14,AAPL,222.48,224.65,222.8,223.04,25646876
2024-06-17,AAPL,224.6,226.36,225.24,225.44,47347624
2024-06-18,AAPL,226.48,225.97,224.41,225.67,44031052
2024-06-19,AAPL,220.22,220.23,220.07,220.11,63621324
2024-06-20,AAPL,219.98,219.57,218.23,219.44,51843090
2024-06-21,AAPL,217.37,220.25,216.59,218.17,44087219
2024-06-24,AAPL,218.05,220.76,217.81,219.45,57209969
2024-06-25,AAPL,217.16,220.95,216.68,217.77,44346070
2024-06-26,AAPL,218.03,219.18,218.0,218.67,36184082
2024-06-27,AAPL,212.69,215.25,212.33,212.88,43685629
2024-06-28,AAPL,215.79,218.29,216.59,216.96,44332948
2024-07-01,AAPL,214.69,215.82,214.36,215.11,46134583
2024-07-02,AAPL,212.59,213.39,212.79,213.17,62710653
2024-07-03,AAPL,209.63,211.84,209.74,210.14,53212914
2024-07-04,AAPL,201.76,204.08,201.99,202.67,35212228
2024-07-05,AAPL,206.44,208.62,206.99,207.86,46492217
2024-07-08,AAPL,206.31,207.99,205.8,207.25,54509626
2024-07-09,AAPL,210.51,212.14,209.35,210.48,60918053
2024-07-10,AAPL,211.04,213.02,210.21,210.37,41062539
2024-07-11,AAPL,210.3,209.43,206.21,209.25,40986243
2024-07-12,AAPL,211.2,211.03,209.61,210.94,47650757
2024-07-15,AAPL,208.62,209.05,206.27,208.22,39009552
2024-07-16,AAPL,212.29,212.41,211.55,212.23,32476229
2024-07-17,AAPL,210.34,210.3,209.43,209.6,54032745
2024-07-18,AAPL,205.23,207.49,206.56,206.67,66734418
2024-07-19,AAPL,208.92,209.42,206.49,208.14,72314989
2024-07-22,AAPL,203.17,204.91,204.12,204.12,54928839
2024-07-23,AAPL,205.74,207.39,205.57,206.77,35052438
2024-07-24,AAPL,207.8,207.33,206.56,207.3,55308943
2024-07-25,AAPL,209.79,210.2,209.44,210.07,70538186
2024-07-26,AAPL,206.76,209.8,207.58,207.62,63680793
2024-07-29,AAPL,208.32,209.0,206.84,208.11,44077591
2024-07-30,AAPL,209.9,211.26,210.54,211.26,54469817
2024-07-31,AAPL,209.49,211.07,208.69,209.34,54863099
2024-08-01,AAPL,206.56,207.99,204.26,206.31,65904035
2024-08-02,AAPL,204.92,205.47,204.61,204.66,46060133
2024-08-05,AAPL,206.73,206.72,205.38,206.41,58635282
2024-08-06,AAPL,207.33,208.24,205.78,207.04,38297192
2024-08-07,AAPL,203.35,204.33,202.73,203.69,47858496
2024-08-08,AAPL,207.05,206.68,204.71,206.35,41629098
2024-08-09,AAPL,206.94,206.73,206.06,206.27,54790031
2024-08-12,AAPL,203.62,205.92,203.51,203.71,59639254
2024-08-13,AAPL,204.4,204.98,202.02,204.57,46822391
2024-08-14,AAPL,203.82,206.13,203.49,205.03,44128847
2024-08-15,AAPL,199.57,200.53,199.6,200.11,35731734
2024-08-16,AAPL,200.91,201.28,198.72,200.42,58173062
2024-08-19,AAPL,203.17,204.62,201.14,203.38,51095715
2024-08-20,AAPL,201.4,202.22,200.67,202.22,41389503
2024-08-21,AAPL,207.02,207.55,206.12,206.49,53412158
2024-08-22,AAPL,212.92,211.32,210.16,211.24,55980991
2024-08-23,AAPL,213.02,212.27,211.12,211.51,51800710
2024-08-26,AAPL,211.29,211.63,209.59,210.75,45026456
2024-08-27,AAPL,212.96,214.28,212.48,212.67,67073298
2024-08-28,AAPL,209.48,211.66,209.38,210.32,63366573
2024-08-29,AAPL,215.4,215.66,214.0,215.31,49048883
2024-08-30,AAPL,214.51,214.68,212.68,214.34,49596660
2024-09-02,AAPL,216.28,216.95,216.67,216.85,50721532
2024-09-03,AAPL,219.51,220.61,219.26,219.36,42819352
2024-09-04,AAPL,217.76,217.78,216.3,217.53,41046456
2024-09-05,AAPL,221.46,223.69,220.16,221.11,42732580
2024-09-06,AAPL,224.08,226.09,224.13,224.67,47930154
2024-09-09,AAPL,221.68,222.22,220.38,221.31,46559019
2024-09-10,AAPL,221.18,221.2,220.2,221.04,65303345
2024-09-11,AAPL,218.04,219.85,216.93,218.57,35449453
2024-09-12,AAPL,219.69,220.27,217.62,219.67,41978005
2024-09-13,AAPL,216.03,217.18,215.38,216.0,59558027
2024-09-16,AAPL,214.98,214.59,214.52,214.54,55907443
2024-09-17,AAPL,212.99,214.01,213.54,213.94,52576008
2024-09-18,AAPL,219.54,221.09,219.27,220.12,57245917
2024-09-19,AAPL,221.77,221.88,220.69,221.71,34353778
2024-09-20,AAPL,221.27,223.26,220.91,222.3,65794378
2024-09-23,AAPL,220.26,221.62,220.2,220.37,54384126
2024-09-24,AAPL,216.69,217.7,217.14,217.56,53374820
2024-09-25,AAPL,217.84,216.97,215.49,216.8,58767141
2024-09-26,AAPL,221.34,220.38,218.15,220.05,49389024
2024-09-27,AAPL,217.67,218.14,216.42,217.69,62785751
2024-09-30,AAPL,221.97,222.52,220.59,221.33,22873874
2024-10-01,AAPL,220.75,222.53,220.42,220.95,46417556
2024-10-02,AAPL,220.46,220.43,216.71,219.23,38379341
2024-10-03,AAPL,224.5,224.99,224.39,224.54,43402513
2024-10-04,AAPL,227.07,228.11,227.42,227.97,41064049
2024-10-07,AAPL,222.29,222.48,221.14,222.47,63701018
2024-10-08,AAPL,227.86,226.62,226.48,226.58,55207561
2024-10-09,AAPL,226.14,227.19,225.13,225.58,43683484
2024-10-10,AAPL,224.99,227.09,226.47,226.68,47782185
2024-10-11,AAPL,229.56,230.81,230.03,230.09,53604416
2024-10-14,AAPL,230.09,230.53,227.93,229.45,43950932
2024-10-15,AAPL,230.11,231.9,230.54,231.28,60066065
2024-10-16,AAPL,229.63,229.83,226.4,229.42,46136775
2024-10-17,AAPL,221.28,223.49,220.45,221.95,46686477
2024-10-18,AAPL,226.98,227.65,226.59,226.77,43996143
2024-10-21,AAPL,228.02,227.45,226.26,227.36,54939773
2024-10-22,AAPL,225.51,227.08,226.14,226.24,45967122
2024-10-23,AAPL,225.82,227.67,226.43,226.64,50567416
2024-10-24,AAPL,227.83,227.35,226.09,227.14,44057891
2024-10-25,AAPL,226.13,226.32,224.37,225.15,46849180
2024-10-28,AAPL,224.74,226.1,223.88,224.45,38090834
2024-10-29,AAPL,226.61,227.9,225.56,226.85,44142072
2024-10-30,AAPL,226.97,227.84,225.12,226.21,30526575
2024-10-31,AAPL,229.59,230.57,228.66,229.64,50287755
2024-11-01,AAPL,229.54,230.51,227.7,229.12,61013301
2024-11-04,AAPL,232.36,234.39,231.08,231.69,48939093
2024-11-05,AAPL,237.02,236.11,235.64,236.1,45084380
2024-11-06,AAPL,232.18,231.81,230.5,231.21,51111293
2024-11-07,AAPL,235.69,237.5,235.38,235.9,48854405
2024-11-08,AAPL,236.41,237.13,235.79,236.31,49548771
2024-11-11,AAPL,233.03,233.28,232.98,233.15,50317594
2024-11-12,AAPL,232.71,234.04,232.05,233.53,42790298
2024-11-13,AAPL,243.92,244.65,241.74,243.39,29228801
2024-11-14,AAPL,241.21,245.25,240.77,242.65,35008187
2024-11-15,AAPL,246.54,247.42,245.41,246.04,63902553
2024-11-18,AAPL,252.14,253.07,249.85,252.76,45731958
2024-11-19,AAPL,252.87,252.14,250.49,251.9,48283263
2024-11-20,AAPL,256.88,256.64,256.1,256.18,50722520
2024-11-21,AAPL,264.12,266.12,263.54,264.22,54394526
2024-11-22,AAPL,270.05,269.41,267.46,269.37,57549587
2024-11-25,AAPL,261.14,261.67,259.58,261.66,40971910
2024-11-26,AAPL,265.67,265.12,263.27,264.97,35661941
2024-11-27,AAPL,266.82,267.5,265.93,266.41,55214493
2024-11-28,AAPL,271.53,272.0,271.47,271.89,51819898
2024-11-29,AAPL,274.09,273.95,271.35,273.82,53645614
2024-12-02,AAPL,271.56,272.9,269.16,271.16,47709189
2024-12-03,AAPL,266.78,267.77,264.94,266.67,44494129
2024-12-04,AAPL,269.94,269.94,266.83,268.84,45334259
2024-12-05,AAPL,265.37,269.93,264.47,266.44,51351903
2024-12-06,AAPL,265.68,267.06,264.9,265.27,55278393
2024-12-09,AAPL,258.54,258.01,256.06,257.85,57841464
2024-12-10,AAPL,252.78,255.48,253.92,254.5,53359681
2024-12-11,AAPL,253.12,254.82,252.2,253.59,34934747
2024-12-12,AAPL,249.37,251.37,248.65,249.89,51241756
2024-12-13,AAPL,249.04,250.17,248.38,248.59,37922406
2024-12-16,AAPL,252.13,252.8,251.13,251.73,43365638
2024-12-17,AAPL,250.2,252.4,251.84,252.0,31703181
2024-12-18,AAPL,254.27,255.78,253.3,254.46,52947192
2024-12-19,AAPL,256.97,259.84,256.09,257.23,57031401
2024-12-20,AAPL,267.32,267.3,265.12,267.0,63209957
2024-12-23,AAPL,268.1,268.78,266.28,267.56,39739191
2024-12-24,AAPL,269.17,270.57,267.64,269.23,46419205
2024-12-25,AAPL,273.19,275.98,273.72,274.32,60653762
2024-12-26,AAPL,272.39,275.13,272.72,273.39,64246277
2024-12-27,AAPL,279.64,281.13,278.83,279.89,51454272
2024-12-30,AAPL,274.83,279.42,276.88,277.08,53393558
2024-12-31,AAPL,276.44,275.87,275.26,275.77,61196877
2020-01-01,MSFT,200.92,201.25,200.87,200.91,41975699
2020-01-02,MSFT,203.42,203.13,201.1,202.66,43143250
2020-01-03,MSFT,204.79,206.09,204.4,205.11,39767467
2020-01-06,MSFT,205.93,208.79,204.23,206.04,50824417
2020-01-07,MSFT,205.34,206.72,204.26,205.1,55817817
2020-01-08,MSFT,204.71,206.36,204.76,205.17,47194979
2020-01-09,MSFT,201.68,201.37,200.15,201.27,64020093
2020-01-10,MSFT,201.42,201.88,200.34,200.53,49781432
2020-01-13,MSFT,202.77,204.13,202.44,202.64,62888634
2020-01-14,MSFT,202.1,203.72,200.21,202.38,51587560
2020-01-15,MSFT,205.94,206.41,204.74,205.78,32069236
2020-01-16,MSFT,204.12,205.33,204.8,205.07,65941779
2020-01-17,MSFT,204.95,206.97,205.23,205.49,52691809
2020-01-20,MSFT,204.61,206.2,203.49,205.0,31597336
2020-01-21,MSFT,207.83,209.46,208.3,208.93,67409414
2020-01-22,MSFT,205.55,205.35,204.35,205.29,49403456
2020-01-23,MSFT,200.04,201.33,200.33,200.52,52033594
2020-01-24,MSFT,203.89,203.53,201.31,202.55,57674793
2020-01-27,MSFT,201.79,203.77,200.27,202.67,47747373
2020-01-28,MSFT,196.02,196.23,195.68,196.04,43454664
2020-01-29,MSFT,190.2,190.89,189.15,190.53,54400599
2020-01-30,MSFT,186.04,186.89,186.1,186.47,42396363
2020-01-31,MSFT,185.33,185.9,184.33,185.55,49585282
2020-02-03,MSFT,182.44,184.45,182.03,182.81,40216920
2020-02-04,MSFT,188.14,188.04,186.64,187.52,52006986
2020-02-05,MSFT,188.5,188.63,187.6,188.31,44549127
2020-02-06,MSFT,193.14,194.44,191.73,193.21,52990857
2020-02-07,MSFT,193.99,196.2,194.73,195.58,42800104
2020-02-10,MSFT,193.39,194.38,192.96,193.17,57026599
2020-02-11,MSFT,194.01,194.58,193.58,193.93,59360561
2020-02-12,MSFT,195.77,196.19,195.28,196.16,44502106
2020-02-13,MSFT,195.38,195.67,194.71,195.41,50161247
2020-02-14,MSFT,194.89,196.43,195.01,195.92,43048506
2020-02-17,MSFT,197.61,198.03,197.1,197.34,55206894
2020-02-18,MSFT,193.81,195.44,193.38,194.47,41761631
2020-02-19,MSFT,197.0,197.98,195.64,197.83,47506303
2020-02-20,MSFT,195.58,195.13,194.7,194.73,47095460
2020-02-21,MSFT,197.94,199.18,196.35,197.77,30367108
2020-02-24,MSFT,200.21,200.21,199.08,199.16,58598335
2020-02-25,MSFT,199.37,201.96,200.53,200.87,45008610
2020-02-26,MSFT,203.71,205.18,204.13,204.36,67839225
2020-02-27,MSFT,208.86,210.21,209.13,209.29,56149446
2020-02-28,MSFT,212.76,211.76,210.56,210.91,39720762
2020-03-02,MSFT,205.06,206.39,204.37,205.98,39986853
2020-03-03,MSFT,203.14,204.42,202.92,203.45,48204854
2020-03-04,MSFT,206.34,206.91,205.84,206.12,30584321
2020-03-05,MSFT,200.59,199.7,198.87,199.36,51580948
2020-03-06,MSFT,202.77,201.96,201.47,201.77,28760071
2020-03-09,MSFT,204.06,205.22,202.77,203.06,43707878
2020-03-10,MSFT,202.37,203.12,200.83,203.09,39031249
2020-03-11,MSFT,206.05,206.44,205.21,205.55,48358505
2020-03-12,MSFT,208.96,209.14,209.07,209.13,56844504
2020-03-13,MSFT,207.33,209.03,206.84,208.02,56874267
2020-03-16,MSFT,207.51,208.36,206.96,207.89,47997987
2020-03-17,MSFT,211.9,213.72,210.42,212.08,62307029
2020-03-18,MSFT,210.44,210.34,206.93,209.39,41360201
2020-03-19,MSFT,208.91,210.1,208.42,209.15,36951831
2020-03-20,MSFT,209.24,212.08,209.68,210.57,35760418
2020-03-23,MSFT,211.22,213.29,209.65,211.22,44563931
2020-03-24,MSFT,217.6,219.23,216.29,217.24,57492825
2020-03-25,MSFT,215.44,217.16,215.54,215.55,45642355
2020-03-26,MSFT,217.08,217.83,215.76,217.01,53859700
2020-03-27,MSFT,213.2,214.56,211.68,213.57,47419914
2020-03-30,MSFT,211.25,212.39,209.81,211.79,74412217
2020-03-31,MSFT,214.84,213.32,212.71,213.22,40064069
2020-04-01,MSFT,208.91,210.79,209.97,210.0,50223392
2020-04-02,MSFT,214.71,215.27,214.79,215.11,58985117
2020-04-03,MSFT,212.91,214.71,210.69,212.75,49884849
2020-04-06,MSFT,215.61,217.13,215.08,215.95,36776525
2020-04-07,MSFT,217.02,218.04,215.85,217.31,36527460
2020-04-08,MSFT,214.51,215.3,213.92,214.71,33726882
2020-04-09,MSFT,215.28,215.45,214.61,215.4,51802948
2020-04-10,MSFT,212.67,214.64,211.15,213.07,49032398
2020-04-13,MSFT,216.51,220.03,214.87,216.21,42924477
2020-04-14,MSFT,214.69,215.49,213.5,214.71,35254973
2020-04-15,MSFT,217.38,217.75,217.23,217.69,46327960
2020-04-16,MSFT,218.13,219.97,218.3,218.7,41094311
2020-04-17,MSFT,213.11,213.79,211.64,212.37,60687923
2020-04-20,MSFT,209.77,209.81,206.0,208.67,49684814
2020-04-21,MSFT,209.1,210.21,209.09,209.55,29676462
2020-04-22,MSFT,205.75,205.82,204.63,205.8,39253389
2020-04-23,MSFT,203.66,204.53,203.41,203.67,58789639
2020-04-24,MSFT,204.89,206.64,204.69,205.16,36988907
2020-04-27,MSFT,204.64,205.03,202.72,204.05,32058081
2020-04-28,MSFT,207.04,209.17,206.34,207.27,57025333
2020-04-29,MSFT,203.12,204.72,202.03,203.52,40019053
2020-04-30,MSFT,200.24,198.74,196.85,198.65,50971557
2020-05-01,MSFT,201.66,202.11,201.37,201.87,51950769
2020-05-04,MSFT,203.48,204.1,203.43,203.51,58264033
2020-05-05,MSFT,201.3,200.65,198.68,200.6,63491790
2020-05-06,MSFT,201.73,201.11,199.78,200.79,30483970
2020-05-07,MSFT,196.81,198.5,196.94,197.21,37458390
2020-05-08,MSFT,195.78,197.17,193.75,195.79,49420494
2020-05-11,MSFT,198.16,198.47,196.59,197.52,43691544
2020-05-12,MSFT,196.82,197.58,196.3,196.82,53987637
2020-05-13,MSFT,198.96,200.87,198.39,199.1,57074577
2020-05-14,MSFT,202.2,203.0,200.02,201.39,64436703
2020-05-15,MSFT,202.77,202.36,201.45,202.33,46909337
2020-05-18,MSFT,204.38,203.63,202.73,203.6,50551992
2020-05-19,MSFT,209.58,211.26,208.97,209.56,61373810
2020-05-20,MSFT,210.12,211.18,209.67,210.86,53225046
2020-05-21,MSFT,206.35,207.51,206.44,206.96,66053559
2020-05-22,MSFT,209.18,212.28,209.64,210.63,42174086
2020-05-25,MSFT,212.04,213.45,212.52,213.01,57979752
2020-05-26,MSFT,210.68,211.5,211.39,211.48,38469156
2020-05-27,MSFT,214.69,214.9,213.35,214.48,51429906
2020-05-28,MSFT,210.65,209.71,209.39,209.42,56869566
2020-05-29,MSFT,214.13,214.69,213.29,214.05,52362236
2020-06-01,MSFT,212.38,211.77,211.15,211.37,29192594
2020-06-02,MSFT,215.82,216.07,213.59,215.06,57318980
2020-06-03,MSFT,219.33,219.84,216.71,218.97,48435226
2020-06-04,MSFT,219.72,221.52,219.29,220.15,46910399
2020-06-05,MSFT,213.83,213.94,211.78,213.8,58652897
2020-06-08,MSFT,213.26,214.28,210.94,212.5,56751370
2020-06-09,MSFT,206.97,210.33,207.45,207.52,35929128
2020-06-10,MSFT,206.82,207.14,206.9,207.0,56332253
2020-06-11,MSFT,204.54,208.0,205.85,206.0,53537706
2020-06-12,MSFT,202.73,203.47,201.97,203.3,60612562
2020-06-15,MSFT,201.68,203.96,201.82,202.19,56872384
2020-06-16,MSFT,201.05,201.93,200.6,201.08,63421801
2020-06-17,MSFT,195.87,195.78,195.14,195.76,63098651
2020-06-18,MSFT,195.73,195.85,195.09,195.67,46095912
2020-06-19,MSFT,196.89,197.84,196.6,197.2,63530691
2020-06-22,MSFT,187.48,188.8,188.39,188.43,53097267
2020-06-23,MSFT,190.57,190.35,187.28,189.8,42622632
2020-06-24,MSFT,192.11,192.44,190.89,191.73,46145067
2020-06-25,MSFT,185.81,187.38,185.57,186.29,45969341
2020-06-26,MSFT,186.36,187.16,186.6,187.11,42576136
2020-06-29,MSFT,187.53,188.69,186.81,186.92,50385551
2020-06-30,MSFT,186.1,185.99,185.61,185.76,63746112
2020-07-01,MSFT,186.58,187.92,185.91,186.81,42756974
2020-07-02,MSFT,187.22,188.08,187.06,187.75,50430309
2020-07-03,MSFT,189.5,191.62,187.65,189.66,29749600
2020-07-06,MSFT,190.76,190.23,190.12,190.2,57474449
2020-07-07,MSFT,192.12,191.54,191.01,191.11,35208039
2020-07-08,MSFT,191.11,191.66,190.81,191.59,32563273
2020-07-09,MSFT,191.4,192.4,190.7,192.13,61546937
2020-07-10,MSFT,198.37,198.99,197.33,198.61,50140049
2020-07-13,MSFT,199.63,200.89,198.74,200.3,32607948
2020-07-14,MSFT,205.43,205.84,203.31,203.52,49879564
2020-07-15,MSFT,200.55,200.51,200.4,200.45,56622629
2020-07-16,MSFT,198.09,199.32,197.41,197.66,43718506
2020-07-17,MSFT,200.77,201.59,201.05,201.33,40030683
2020-07-20,MSFT,203.0,203.85,202.53,203.39,56989530
2020-07-21,MSFT,200.56,201.84,201.71,201.73,35288735
2020-07-22,MSFT,203.38,203.54,201.72,202.8,57191686
2020-07-23,MSFT,207.72,208.17,207.41,208.08,74523699
2020-07-24,MSFT,214.86,214.0,213.57,213.99,48528604
2020-07-27,MSFT,212.27,213.08,212.07,212.15,41657286
2020-07-28,MSFT,207.03,207.42,206.24,207.17,64364295
2020-07-29,MSFT,205.21,206.34,205.19,205.26,57699687
2020-07-30,MSFT,203.13,204.54,201.16,203.15,62497104
2020-07-31,MSFT,200.79,201.35,199.22,200.27,49844369
2020-08-03,MSFT,191.54,192.72,191.51,192.11,51222430
2020-08-04,MSFT,190.69,191.88,190.08,191.1,61214992
2020-08-05,MSFT,189.63,189.93,189.01,189.44,54562494
2020-08-06,MSFT,180.91,182.41,180.18,181.48,40277017
2020-08-07,MSFT,179.39,181.13,180.24,180.45,38820723
2020-08-10,MSFT,184.64,185.3,183.3,184.44,31907322
2020-08-11,MSFT,186.33,186.3,185.77,186.19,54746334
2020-08-12,MSFT,187.37,189.26,187.77,188.15,45263545
2020-08-13,MSFT,196.84,196.73,193.69,196.02,52418020
2020-08-14,MSFT,196.97,197.0,195.25,196.96,62106745
2020-08-17,MSFT,194.89,195.83,194.59,195.42,45486971
2020-08-18,MSFT,192.24,193.55,191.52,192.76,64194556
2020-08-19,MSFT,191.08,190.52,189.92,190.4,63111622
2020-08-20,MSFT,192.13,193.11,192.6,192.82,69435288
2020-08-21,MSFT,190.57,191.52,189.87,190.88,60380125
2020-08-24,MSFT,192.3,194.71,192.59,193.04,44945102
2020-08-25,MSFT,192.61,193.78,193.34,193.72,54704829
2020-08-26,MSFT,199.53,199.65,198.58,199.19,53970466
2020-08-27,MSFT,201.42,202.3,201.59,201.9,47510263
2020-08-28,MSFT,203.18,203.23,202.59,202.91,58331794
2020-08-31,MSFT,206.47,206.76,205.33,206.68,50440625
2020-09-01,MSFT,201.72,202.89,201.35,201.49,63655264
2020-09-02,MSFT,199.72,200.41,199.73,199.83,42278076
2020-09-03,MSFT,203.46,205.0,203.9,204.61,61799885
2020-09-04,MSFT,208.0,207.85,207.52,207.75,72887906
2020-09-07,MSFT,202.74,203.54,201.82,202.75,47521198
2020-09-08,MSFT,202.28,201.66,200.51,201.65,32058564
2020-09-09,MSFT,203.42,203.63,202.11,203.3,34430489
2020-09-10,MSFT,202.97,204.98,203.06,203.53,45490059
2020-09-11,MSFT,203.56,205.28,204.43,204.49,56308756
2020-09-14,MSFT,210.16,212.6,209.57,209.67,32193743
2020-09-15,MSFT,215.0,215.04,213.69,214.21,47455239
2020-09-16,MSFT,213.61,213.47,211.83,212.96,39440101
2020-09-17,MSFT,209.57,210.91,209.16,209.96,36520042
2020-09-18,MSFT,207.58,208.34,207.07,208.3,71112963
2020-09-21,MSFT,205.66,206.25,205.54,205.92,56213467
2020-09-22,MSFT,209.57,209.1,207.48,208.78,49046589
2020-09-23,MSFT,215.19,216.36,213.75,213.96,46467358
2020-09-24,MSFT,213.21,213.73,212.82,213.41,46621849
2020-09-25,MSFT,211.82,212.97,211.18,211.66,58085710
2020-09-28,MSFT,211.01,211.83,210.37,211.01,39407882
2020-09-29,MSFT,207.91,210.2,207.43,209.66,48203802
2020-09-30,MSFT,214.91,214.98,214.04,214.85,43326666
2020-10-01,MSFT,207.73,208.45,207.43,208.23,45010127
2020-10-02,MSFT,213.15,216.01,213.21,213.45,38227735
2020-10-05,MSFT,213.44,216.89,214.71,214.97,56700496
2020-10-06,MSFT,218.36,219.8,217.88,218.07,49268926
2020-10-07,MSFT,214.82,216.88,215.35,215.78,29505255
2020-10-08,MSFT,219.43,220.4,219.63,219.72,44710015
2020-10-09,MSFT,216.07,217.01,214.25,216.55,46890624
2020-10-12,MSFT,219.41,218.57,217.66,218.53,60581700
2020-10-13,MSFT,220.58,220.11,219.02,220.1,66797473
2020-10-14,MSFT,220.52,223.4,219.59,221.28,58552015
2020-10-15,MSFT,221.65,223.69,222.22,222.23,47864067
2020-10-16,MSFT,218.17,218.83,216.54,217.6,53630042
2020-10-19,MSFT,213.24,212.87,211.18,212.49,44162778
2020-10-20,MSFT,210.32,209.41,208.71,209.38,42651891
2020-10-21,MSFT,205.06,207.62,205.38,205.41,35710953
2020-10-22,MSFT,209.81,209.65,208.92,208.95,56625360
2020-10-23,MSFT,206.91,207.74,205.82,206.67,51697477
2020-10-26,MSFT,204.28,204.96,203.57,204.34,64469441
2020-10-27,MSFT,203.18,204.17,201.51,202.58,52547311
2020-10-28,MSFT,201.82,202.85,201.84,202.33,53056655
2020-10-29,MSFT,200.16,201.28,199.74,200.38,49511701
2020-10-30,MSFT,200.93,204.87,200.35,201.16,65050620
2020-11-02,MSFT,197.46,198.4,196.76,198.24,53939752
2020-11-03,MSFT,195.7,196.63,195.35,196.13,77219121
2020-11-04,MSFT,197.61,199.66,198.08,198.57,53949579
2020-11-05,MSFT,202.1,202.53,200.7,201.67,68520400
2020-11-06,MSFT,201.48,201.71,200.25,200.61,31715941
2020-11-09,MSFT,194.93,195.01,194.49,194.92,59453117
2020-11-10,MSFT,192.95,195.35,191.56,193.53,39409628
2020-11-11,MSFT,196.93,197.02,196.58,196.64,60835831
2020-11-12,MSFT,196.29,197.33,193.75,195.84,41604724
2020-11-13,MSFT,200.12,199.86,199.05,199.72,58931883
2020-11-16,MSFT,201.63,202.67,201.15,201.63,49587403
2020-11-17,MSFT,203.69,205.93,203.53,203.87,41614993
2020-11-18,MSFT,201.45,202.09,198.24,201.88,41241851
2020-11-19,MSFT,204.44,204.32,203.28,203.5,59943515
2020-11-20,MSFT,206.05,206.71,205.64,206.19,48039067
2020-11-23,MSFT,207.4,208.12,205.95,207.5,56183605
2020-11-24,MSFT,212.14,212.95,210.36,211.85,58507193
2020-11-25,MSFT,215.27,215.82,213.92,214.63,42382396
2020-11-26,MSFT,213.39,215.54,213.8,213.85,41223826
2020-11-27,MSFT,215.19,216.41,214.71,214.98,62991498
2020-11-30,MSFT,216.92,217.89,215.84,217.12,37642969
2020-12-01,MSFT,216.73,218.28,216.55,216.72,66372116
2020-12-02,MSFT,212.75,213.88,210.8,212.51,51664931
2020-12-03,MSFT,217.23,217.49,216.79,217.23,51177074
2020-12-04,MSFT,212.41,215.15,211.72,212.28,56151639
2020-12-07,MSFT,214.9,214.66,213.83,214.51,53857108
2020-12-08,MSFT,212.67,213.71,211.9,212.21,63919208
2020-12-09,MSFT,211.94,212.74,211.54,212.4,50540516
2020-12-10,MSFT,212.0,213.92,210.43,212.9,37018960
2020-12-11,MSFT,217.34,217.72,215.83,216.95,64678504
2020-12-14,MSFT,217.44,219.8,215.11,216.98,61665283
2020-12-15,MSFT,220.11,220.05,219.5,219.82,58157544
2020-12-16,MSFT,221.66,222.96,220.68,221.81,40599840
2020-12-17,MSFT,222.47,221.86,220.62,220.74,51934063
2020-12-18,MSFT,221.02,221.18,220.35,221.06,61277880
2020-12-21,MSFT,221.24,222.42,220.52,221.54,50738634
2020-12-22,MSFT,225.48,226.89,225.02,225.38,31662942
2020-12-23,MSFT,223.01,223.64,222.0,222.88,48394403
2020-12-24,MSFT,222.37,221.76,219.38,221.29,30772282
2020-12-25,MSFT,222.94,223.4,223.03,223.21,51175886
2020-12-28,MSFT,223.51,224.46,222.81,223.81,52342592
2020-12-29,MSFT,226.02,226.79,225.27,225.82,59625025
2020-12-30,MSFT,229.78,229.71,229.39,229.64,38502925
2020-12-31,MSFT,228.97,230.01,228.42,229.16,52177182
2021-01-01,MSFT,226.46,227.45,226.56,226.65,46382761
2021-01-04,MSFT,226.32,227.1,225.84,226.59,65929640
2021-01-05,MSFT,230.92,232.4,231.29,231.37,46733524
2021-01-06,MSFT,238.38,238.36,237.57,238.0,39993706
2021-01-07,MSFT,233.28,236.71,234.25,235.29,55445824
2021-01-08,MSFT,241.73,242.38,240.48,242.2,45411231
2021-01-11,MSFT,238.07,239.92,237.93,238.89,57250810
2021-01-12,MSFT,243.48,246.47,240.65,244.14,78242204
2021-01-13,MSFT,242.65,243.8,242.68,243.08,53990441
2021-01-14,MSFT,238.69,239.02,237.2,238.73,51415957
2021-01-15,MSFT,240.89,241.87,238.47,240.46,47318608
2021-01-18,MSFT,240.44,242.45,239.73,241.17,30645700
2021-01-19,MSFT,238.5,241.05,239.32,239.46,45143212
2021-01-20,MSFT,233.79,235.94,234.16,234.62,61126343
2021-01-21,MSFT,235.07,234.62,234.2,234.52,57831598
2021-01-22,MSFT,236.15,236.43,235.51,235.76,46621222
2021-01-25,MSFT,235.42,236.24,235.37,235.91,54676901
2021-01-26,MSFT,241.31,241.79,238.87,240.38,46818414
2021-01-27,MSFT,242.78,243.65,242.38,242.55,35153952
2021-01-28,MSFT,245.76,246.41,244.55,244.76,48103065
2021-01-29,MSFT,248.93,250.57,244.82,247.82,47153744
2021-02-01,MSFT,241.45,241.47,239.38,241.12,54115657
2021-02-02,MSFT,238.79,239.43,237.13,238.09,50088577
2021-02-03,MSFT,232.54,234.66,233.2,233.52,63520393
2021-02-04,MSFT,240.59,240.57,237.92,240.52,46195440
2021-02-05,MSFT,239.07,240.49,237.61,238.54,44408361
2021-02-08,MSFT,236.86,238.37,236.7,237.15,61328046
2021-02-09,MSFT,242.22,243.37,241.8,242.59,50799152
2021-02-10,MSFT,243.89,245.03,242.95,243.83,32842916
2021-02-11,MSFT,242.17,241.41,240.72,240.8,52381713
2021-02-12,MSFT,238.35,238.38,237.69,238.11,55805676
2021-02-15,MSFT,242.95,242.32,240.3,242.29,42925604
2021-02-16,MSFT,251.17,250.34,248.88,249.93,70777775
2021-02-17,MSFT,250.5,250.59,249.75,249.96,62778566
2021-02-18,MSFT,251.87,252.24,250.22,252.11,60309193
2021-02-19,MSFT,251.2,251.79,251.1,251.24,46226134
2021-02-22,MSFT,257.75,257.06,255.18,256.12,59778475
2021-02-23,MSFT,247.02,248.43,245.48,247.73,18614853
2021-02-24,MSFT,246.19,248.81,247.33,247.4,50829118
2021-02-25,MSFT,246.69,247.96,244.37,246.11,46733862
2021-02-26,MSFT,253.04,255.06,251.32,253.1,72540381
2021-03-01,MSFT,253.25,252.77,250.71,252.53,59531762
2021-03-02,MSFT,254.48,256.28,254.57,255.48,50838725
2021-03-03,MSFT,251.4,253.25,251.23,251.76,44620214
2021-03-04,MSFT,253.7,253.66,253.19,253.56,40084729
2021-03-05,MSFT,254.84,254.28,252.18,254.09,41185662
2021-03-08,MSFT,254.59,256.04,253.38,254.56,46375009
2021-03-09,MSFT,257.47,258.96,257.29,258.09,29276448
2021-03-10,MSFT,259.08,258.91,257.33,258.8,63342291
2021-03-11,MSFT,257.03,257.89,255.75,256.43,35412416
2021-03-12,MSFT,257.77,259.98,257.08,257.43,44790314
2021-03-15,MSFT,253.42,254.87,253.66,253.8,50418959
2021-03-16,MSFT,263.66,264.83,261.79,263.32,51664852
2021-03-17,MSFT,253.21,255.51,254.03,254.64,38425842
2021-03-18,MSFT,248.55,247.78,246.72,247.73,54147844
2021-03-19,MSFT,243.61,246.9,242.39,244.54,41111403
2021-03-22,MSFT,243.97,245.38,243.73,244.14,50105457
2021-03-23,MSFT,248.17,249.65,247.66,248.18,46665137
2021-03-24,MSFT,251.27,252.51,250.22,251.41,52812116
2021-03-25,MSFT,251.98,251.33,250.25,250.6,34697208
2021-03-26,MSFT,249.1,251.46,249.56,250.32,53463127
2021-03-29,MSFT,247.91,249.17,246.47,248.26,60845005
2021-03-30,MSFT,248.52,249.1,246.26,248.32,44412004
2021-03-31,MSFT,248.96,250.78,249.46,250.1,59262574
2021-04-01,MSFT,249.22,249.12,247.61,248.89,42380587
2021-04-02,MSFT,248.53,249.64,247.57,248.55,32318689
2021-04-05,MSFT,258.53,261.37,258.18,259.11,48864078
2021-04-06,MSFT,256.69,258.92,256.96,257.3,45292449
2021-04-07,MSFT,262.08,263.58,259.49,261.49,47473751
2021-04-08,MSFT,249.89,250.15,249.78,249.78,50538973
2021-04-09,MSFT,245.79,245.98,244.52,245.29,59465770
2021-04-12,MSFT,247.58,248.02,247.43,247.51,51076994
2021-04-13,MSFT,252.78,251.93,248.51,251.12,50796495
2021-04-14,MSFT,237.21,239.25,237.14,237.78,46015547
2021-04-15,MSFT,235.68,237.16,234.6,236.44,53431585
2021-04-16,MSFT,237.94,239.41,237.7,238.64,44933651
2021-04-19,MSFT,239.43,241.37,237.14,239.59,36673215
2021-04-20,MSFT,234.51,235.32,233.55,234.19,59210258
2021-04-21,MSFT,232.59,233.26,230.21,232.76,57351321
2021-04-22,MSFT,232.51,235.07,230.54,232.92,60561012
2021-04-23,MSFT,236.77,236.71,234.47,235.63,40351066
2021-04-26,MSFT,237.42,236.48,236.27,236.47,42948894
2021-04-27,MSFT,234.5,232.17,231.68,232.15,56765074
2021-04-28,MSFT,230.24,232.17,228.78,230.95,51149417
2021-04-29,MSFT,235.48,237.03,235.44,235.71,52688123
2021-04-30,MSFT,234.08,236.15,233.92,234.14,27841775
2021-05-03,MSFT,233.11,234.62,232.39,233.64,57927110
2021-05-04,MSFT,228.68,230.16,228.34,228.95,38761215
2021-05-05,MSFT,229.7,233.13,229.4,230.3,61356205
2021-05-06,MSFT,227.39,230.99,228.49,229.41,39959203
2021-05-07,MSFT,232.14,232.76,231.39,232.59,30937633
2021-05-10,MSFT,233.96,235.01,231.5,232.44,58823970
2021-05-11,MSFT,235.79,238.25,235.47,235.92,60326575
2021-05-12,MSFT,240.96,241.44,239.99,240.86,58314988
2021-05-13,MSFT,243.23,245.43,241.37,243.7,47349350
2021-05-14,MSFT,240.15,244.01,240.47,240.77,58639235
2021-05-17,MSFT,242.9,243.73,242.48,243.5,45070817
2021-05-18,MSFT,237.96,238.36,234.66,236.8,50657886
2021-05-19,MSFT,242.49,242.64,242.16,242.45,48750784
2021-05-20,MSFT,242.38,243.25,241.68,241.87,60313805
2021-05-21,MSFT,243.43,244.51,241.68,243.33,48287436
2021-05-24,MSFT,242.8,243.79,240.62,243.77,30100537
2021-05-25,MSFT,245.48,245.51,244.66,245.05,62841046
2021-05-26,MSFT,240.58,240.69,239.51,240.03,71934495
2021-05-27,MSFT,242.97,243.45,242.3,243.38,44072971
2021-05-28,MSFT,245.44,246.08,244.13,245.76,58775475
2021-05-31,MSFT,248.32,247.82,246.64,247.12,52360430
2021-06-01,MSFT,244.13,247.06,245.62,245.93,48157109
2021-06-02,MSFT,245.96,247.04,244.23,245.37,52307117
2021-06-03,MSFT,246.78,246.24,245.75,245.87,51234291
2021-06-04,MSFT,240.57,242.96,240.55,240.99,37465982
2021-06-07,MSFT,242.22,242.62,240.57,242.47,41626192
2021-06-08,MSFT,246.16,246.8,245.45,245.66,49623128
2021-06-09,MSFT,246.49,248.05,245.84,246.61,63523625
2021-06-10,MSFT,238.15,241.04,236.56,238.6,49590824
2021-06-11,MSFT,238.44,239.45,236.99,238.25,44217879
2021-06-14,MSFT,238.98,239.45,239.27,239.38,44899360
2021-06-15,MSFT,239.86,241.62,239.76,240.48,56134601
2021-06-16,MSFT,239.23,241.52,239.43,240.52,44669959
2021-06-17,MSFT,238.61,238.18,237.32,238.08,47118497
2021-06-18,MSFT,238.71,238.91,238.49,238.73,55106006
2021-06-21,MSFT,235.28,237.86,235.93,236.21,51880733
2021-06-22,MSFT,232.99,234.31,230.96,233.54,53323723
2021-06-23,MSFT,227.51,228.45,226.93,227.94,38987135
2021-06-24,MSFT,229.81,231.57,230.38,230.41,65895230
2021-06-25,MSFT,227.37,230.59,227.61,228.13,59886087
2021-06-28,MSFT,226.22,227.73,225.46,227.05,44340628
2021-06-29,MSFT,226.54,228.69,226.2,226.94,54781405
2021-06-30,MSFT,226.74,225.42,223.5,225.25,36522907
2021-07-01,MSFT,223.47,224.4,222.22,224.37,69837041
2021-07-02,MSFT,227.27,227.35,225.76,226.88,42765133
2021-07-05,MSFT,230.65,232.16,230.91,231.04,40124770
2021-07-06,MSFT,232.33,234.2,232.16,233.58,60641707
2021-07-07,MSFT,241.72,242.45,239.62,241.91,36275902
2021-07-08,MSFT,240.58,242.28,240.01,241.02,55935394
2021-07-09,MSFT,241.52,241.88,240.89,241.17,45676988
2021-07-12,MSFT,241.64,243.22,240.54,242.1,61288474
2021-07-13,MSFT,240.72,241.7,240.86,241.45,32552396
2021-07-14,MSFT,238.75,238.42,237.78,238.03,45542425
2021-07-15,MSFT,236.21,236.93,234.67,235.24,62663302
2021-07-16,MSFT,237.95,238.47,235.7,237.71,56461296
2021-07-19,MSFT,236.78,238.4,235.98,236.79,50607853
2021-07-20,MSFT,243.0,243.42,241.88,243.32,46883241
2021-07-21,MSFT,238.94,239.82,238.31,238.94,59429386
2021-07-22,MSFT,239.62,240.11,237.11,239.69,61630009
2021-07-23,MSFT,238.63,239.33,237.38,238.48,26455170
2021-07-26,MSFT,239.01,240.16,238.06,238.69,32777430
2021-07-27,MSFT,237.28,236.91,235.94,236.42,48551332
2021-07-28,MSFT,236.3,237.93,236.73,237.91,54310096
2021-07-29,MSFT,239.08,239.37,236.7,238.63,47340799
2021-07-30,MSFT,240.13,242.88,238.06,240.63,47906243
2021-08-02,MSFT,245.78,247.69,243.3,245.68,49039993
2021-08-03,MSFT,244.36,245.68,243.86,245.15,53454141
2021-08-04,MSFT,244.28,244.9,240.82,243.97,56132655
2021-08-05,MSFT,246.14,249.77,245.83,248.01,42312335
2021-08-06,MSFT,246.44,247.28,246.29,246.56,49880026
2021-08-09,MSFT,243.84,245.16,242.45,243.33,65844943
2021-08-10,MSFT,241.65,241.62,240.45,240.79,60219627
2021-08-11,MSFT,242.11,242.06,240.48,241.64,43155595
2021-08-12,MSFT,238.11,237.64,235.5,237.3,38876725
2021-08-13,MSFT,233.92,235.05,232.23,233.56,43839287
2021-08-16,MSFT,239.12,239.91,237.62,238.99,52521948
2021-08-17,MSFT,232.71,235.1,232.28,232.54,38748021
2021-08-18,MSFT,229.04,229.78,228.49,229.13,57802017
2021-08-19,MSFT,225.55,225.91,223.65,225.51,51263125
2021-08-20,MSFT,234.08,234.55,231.99,232.92,46751420
2021-08-23,MSFT,236.14,237.02,235.05,235.86,57985666
2021-08-24,MSFT,240.56,241.59,239.63,239.71,46576951
2021-08-25,MSFT,243.19,243.13,242.34,242.88,33952949
2021-08-26,MSFT,239.8,239.32,237.18,239.2,58715559
2021-08-27,MSFT,241.91,241.79,238.78,240.44,51470768
2021-08-30,MSFT,242.22,242.55,241.66,242.3,49654357
2021-08-31,MSFT,245.44,248.4,243.8,245.52,38195395
2021-09-01,MSFT,251.62,251.88,249.33,251.14,67443111
2021-09-02,MSFT,254.7,253.88,253.11,253.62,41258007
2021-09-03,MSFT,253.13,253.95,251.9,253.38,61077210
2021-09-06,MSFT,255.94,256.36,255.35,255.54,41994096
2021-09-07,MSFT,254.83,254.83,254.23,254.59,48616647
2021-09-08,MSFT,253.71,257.4,252.25,253.39,47667915
2021-09-09,MSFT,250.52,252.11,251.58,251.95,34306104
2021-09-10,MSFT,250.96,250.11,249.55,249.85,35176032
2021-09-13,MSFT,248.03,249.25,247.21,247.37,70512469
2021-09-14,MSFT,243.68,245.24,244.78,245.12,46896031
2021-09-15,MSFT,248.01,248.96,247.52,248.29,43439027
2021-09-16,MSFT,252.97,253.48,252.48,252.85,64617170
2021-09-17,MSFT,256.89,258.1,254.92,256.44,49356623
2021-09-20,MSFT,255.0,256.25,254.72,254.96,57798286
2021-09-21,MSFT,254.27,255.76,252.77,253.77,64338328
2021-09-22,MSFT,249.9,249.46,247.61,249.03,48285043
2021-09-23,MSFT,245.76,247.8,245.16,246.62,37960863
2021-09-24,MSFT,248.05,248.33,247.18,247.55,42898633
2021-09-27,MSFT,240.17,240.88,240.29,240.37,38413967
2021-09-28,MSFT,235.28,235.0,233.35,234.4,61877133
2021-09-29,MSFT,232.31,233.2,231.29,231.86,54001696
2021-09-30,MSFT,225.79,226.44,225.43,225.47,57673073
2021-10-01,MSFT,226.52,226.43,225.96,226.06,53128656
2021-10-04,MSFT,226.73,226.7,226.31,226.4,52674753
2021-10-05,MSFT,227.3,229.27,227.44,227.74,58836067
2021-10-06,MSFT,223.87,224.73,223.15,223.52,37549487
2021-10-07,MSFT,223.09,223.13,221.92,222.46,57065054
2021-10-08,MSFT,223.48,223.14,221.03,222.53,55921139
2021-10-11,MSFT,220.28,221.26,220.39,220.47,54352115
2021-10-12,MSFT,217.98,218.68,218.18,218.31,56690852
2021-10-13,MSFT,222.81,225.0,222.29,224.15,48495318
2021-10-14,MSFT,221.14,222.44,222.06,222.21,31851161
2021-10-15,MSFT,222.15,223.41,222.78,223.26,54713912
2021-10-18,MSFT,227.4,227.68,226.41,227.37,36338859
2021-10-19,MSFT,230.66,230.97,228.83,230.87,54633015
2021-10-20,MSFT,230.33,230.25,228.53,229.94,43515307
2021-10-21,MSFT,222.87,223.55,222.04,223.13,67379849
2021-10-22,MSFT,224.56,224.99,224.46,224.61,47365763
2021-10-25,MSFT,223.07,224.38,222.74,223.79,38768049
2021-10-26,MSFT,229.6,230.94,229.98,230.33,56233423
2021-10-27,MSFT,230.21,230.34,228.97,230.1,45761664
2021-10-28,MSFT,228.15,228.6,226.02,227.77,56844861
2021-10-29,MSFT,225.29,226.02,224.85,225.1,48471450
2021-11-01,MSFT,225.43,228.6,226.02,226.6,58259235
2021-11-02,MSFT,231.99,232.53,230.81,232.08,38814765
2021-11-03,MSFT,233.6,235.89,233.95,234.3,51268246
2021-11-04,MSFT,232.55,233.45,233.22,233.24,56268770
2021-11-05,MSFT,233.56,234.38,230.61,233.22,48467394
2021-11-08,MSFT,238.23,240.18,237.81,237.98,40119971
2021-11-09,MSFT,237.87,237.87,237.42,237.64,55598284
2021-11-10,MSFT,238.18,240.01,237.45,238.57,47177594
2021-11-11,MSFT,242.92,243.63,241.79,242.22,47001225
2021-11-12,MSFT,243.76,244.1,243.62,243.93,56670654
2021-11-15,MSFT,239.18,239.23,238.45,238.8,64929526
2021-11-16,MSFT,238.58,239.39,236.85,237.64,58174671
2021-11-17,MSFT,235.18,235.1,234.68,234.74,47767284
2021-11-18,MSFT,234.45,235.47,233.75,233.87,47746485
2021-11-19,MSFT,240.56,240.28,238.73,239.47,45550536
2021-11-22,MSFT,243.65,246.07,244.79,244.98,49806816
2021-11-23,MSFT,244.97,246.91,243.52,245.47,58011817
2021-11-24,MSFT,246.81,249.58,247.63,248.25,48445775
2021-11-25,MSFT,244.61,244.63,243.19,244.38,61480908
2021-11-26,MSFT,245.81,247.3,242.6,245.7,47860735
2021-11-29,MSFT,242.35,244.55,241.6,242.49,56658778
2021-11-30,MSFT,243.92,245.23,242.01,243.27,50472987
2021-12-01,MSFT,246.0,246.32,244.47,245.78,43205550
2021-12-02,MSFT,245.02,246.19,245.29,245.89,49706482
2021-12-03,MSFT,247.97,247.44,245.73,247.4,49925192
2021-12-06,MSFT,246.94,248.67,247.8,248.3,46984737
2021-12-07,MSFT,243.15,244.84,243.21,243.29,58967973
2021-12-08,MSFT,244.63,246.25,244.78,244.87,32554671
2021-12-09,MSFT,241.57,242.87,242.51,242.65,61516655
2021-12-10,MSFT,241.88,242.5,241.96,242.45,54563559
2021-12-13,MSFT,242.43,242.43,240.66,241.35,57248293
2021-12-14,MSFT,245.71,245.25,242.66,244.61,70545148
2021-12-15,MSFT,249.24,250.46,248.6,250.04,33162674
2021-12-16,MSFT,250.04,251.82,249.64,249.82,63755969
2021-12-17,MSFT,248.46,251.08,246.08,248.55,44224657
2021-12-20,MSFT,252.1,251.57,249.68,251.13,62164473
2021-12-21,MSFT,251.91,253.42,250.28,251.83,45001289
2021-12-22,MSFT,251.81,252.06,249.86,250.78,40093767
2021-12-23,MSFT,250.87,250.67,249.16,249.72,54205367
2021-12-24,MSFT,256.08,257.02,254.97,256.33,50142872
2021-12-27,MSFT,259.69,261.85,258.81,259.76,63773350
2021-12-28,MSFT,251.95,253.73,251.08,251.94,56055136
2021-12-29,MSFT,252.75,253.04,251.29,252.32,59944145
2021-12-30,MSFT,256.99,259.37,256.47,256.78,34768275
2021-12-31,MSFT,254.56,255.27,253.69,255.02,57963400
2022-01-03,MSFT,254.87,255.4,254.85,255.17,45709627
2022-01-04,MSFT,248.85,249.54,248.64,249.23,54168730
2022-01-05,MSFT,252.12,251.97,250.43,251.68,47049438
2022-01-06,MSFT,251.25,250.59,249.49,250.2,61911730
2022-01-07,MSFT,249.25,248.58,247.62,248.46,59389694
2022-01-10,MSFT,248.59,249.94,247.14,248.38,53422255
2022-01-11,MSFT,243.87,244.77,243.94,244.71,61049972
2022-01-12,MSFT,242.81,245.1,242.92,243.57,45418630
2022-01-13,MSFT,243.63,243.86,243.12,243.39,48288206
2022-01-14,MSFT,243.24,245.39,242.83,243.31,66102929
2022-01-17,MSFT,240.5,242.43,239.51,240.25,39915669
2022-01-18,MSFT,233.5,237.06,233.59,235.25,45417769
2022-01-19,MSFT,240.67,241.45,240.28,240.87,38791030
2022-01-20,MSFT,235.44,236.51,233.1,235.27,58865794
2022-01-21,MSFT,231.0,231.7,229.23,230.63,43827142
2022-01-24,MSFT,234.02,236.07,234.34,234.65,45865512
2022-01-25,MSFT,234.65,235.95,234.63,235.73,35057364
2022-01-26,MSFT,235.22,237.05,235.73,236.47,50195458
2022-01-27,MSFT,236.34,237.21,236.36,236.44,61770006
2022-01-28,MSFT,231.65,232.86,230.3,232.24,37873428
2022-01-31,MSFT,234.14,234.99,234.9,234.92,47003065
2022-02-01,MSFT,233.48,232.99,231.39,232.55,33244195
2022-02-02,MSFT,229.15,231.99,229.56,230.06,52190715
2022-02-03,MSFT,230.57,229.62,227.42,228.67,47484480
2022-02-04,MSFT,222.13,224.3,221.96,222.64,40668809
2022-02-07,MSFT,226.08,225.15,222.71,224.87,45660095
2022-02-08,MSFT,230.43,231.19,228.57,229.72,43485574
2022-02-09,MSFT,223.54,224.33,223.41,223.85,46929516
2022-02-10,MSFT,228.05,227.69,226.61,227.57,51976755
2022-02-11,MSFT,219.69,220.14,219.24,219.67,58917005
2022-02-14,MSFT,218.0,218.1,216.03,217.74,69530596
2022-02-15,MSFT,214.92,215.65,214.07,214.83,39369637
2022-02-16,MSFT,215.08,217.15,215.65,216.23,59951676
2022-02-17,MSFT,219.34,220.11,218.79,219.2,60323893
2022-02-18,MSFT,225.17,226.31,224.02,225.23,48703269
2022-02-21,MSFT,220.21,220.84,219.42,220.52,39018136
2022-02-22,MSFT,218.21,219.71,219.16,219.27,35544818
2022-02-23,MSFT,220.66,221.39,219.33,220.51,56067621
2022-02-24,MSFT,225.59,225.35,224.35,225.0,55095135
2022-02-25,MSFT,224.57,226.11,224.3,224.54,50212226
2022-02-28,MSFT,222.04,221.83,220.19,221.74,50310634
2022-03-01,MSFT,221.78,221.74,220.54,221.37,46681351
2022-03-02,MSFT,222.62,223.04,221.39,222.51,28386961
2022-03-03,MSFT,223.88,224.89,223.31,224.15,53090468
2022-03-04,MSFT,228.85,230.37,228.72,228.75,61109111
2022-03-07,MSFT,224.74,224.44,222.58,224.08,53692637
2022-03-08,MSFT,219.71,219.55,218.84,219.49,41906533
2022-03-09,MSFT,216.21,218.71,215.15,216.47,51571457
2022-03-10,MSFT,215.94,217.75,215.23,216.59,42768315
2022-03-11,MSFT,218.51,218.7,215.93,217.84,58083595
2022-03-14,MSFT,217.58,219.25,217.36,217.6,51699745
2022-03-15,MSFT,219.52,220.57,219.35,219.87,56399029
2022-03-16,MSFT,222.07,222.64,220.44,222.2,56235257
2022-03-17,MSFT,227.69,229.32,227.47,227.95,63558053
2022-03-18,MSFT,227.7,229.01,227.34,227.98,37756127
2022-03-21,MSFT,225.34,227.22,224.83,225.27,47501062
2022-03-22,MSFT,226.4,226.64,225.99,226.32,58687983
2022-03-23,MSFT,225.19,227.64,225.84,226.53,70268171
2022-03-24,MSFT,228.97,230.36,229.08,229.4,65425472
2022-03-25,MSFT,225.54,225.11,224.86,224.98,48959907
2022-03-28,MSFT,219.63,219.85,218.51,219.58,64341770
2022-03-29,MSFT,214.12,215.22,213.77,214.36,57401256
2022-03-30,MSFT,214.12,214.42,213.3,213.97,57777976
2022-03-31,MSFT,212.57,212.73,211.85,211.91,47985800
2022-04-01,MSFT,213.33,213.21,213.06,213.16,55368074
2022-04-04,MSFT,209.13,211.06,207.61,209.56,49057309
2022-04-05,MSFT,210.58,212.56,208.94,210.9,28731665
2022-04-06,MSFT,211.19,211.4,209.44,211.12,60440251
2022-04-07,MSFT,213.15,213.43,211.47,212.97,35078979
2022-04-08,MSFT,216.65,217.14,215.66,216.96,52688507
2022-04-11,MSFT,217.98,217.77,217.25,217.73,40738367
2022-04-12,MSFT,214.21,215.5,213.39,214.17,66651423
2022-04-13,MSFT,212.84,214.91,213.31,213.5,68480401
2022-04-14,MSFT,216.32,216.72,215.8,216.58,58291490
2022-04-15,MSFT,209.31,210.53,208.44,209.46,52075422
2022-04-18,MSFT,205.52,207.54,204.42,205.64,45953041
2022-04-19,MSFT,210.09,210.8,207.73,208.73,40776486
2022-04-20,MSFT,206.57,207.69,206.0,206.46,48480488
2022-04-21,MSFT,208.55,210.21,207.33,208.92,58201435
2022-04-22,MSFT,206.88,208.51,206.62,207.68,46984201
2022-04-25,MSFT,208.4,209.36,207.94,208.76,64086194
2022-04-26,MSFT,208.12,209.22,207.74,208.52,29465134
2022-04-27,MSFT,209.55,209.77,209.11,209.7,45695723
2022-04-28,MSFT,215.35,217.31,214.93,215.72,46642213
2022-04-29,MSFT,215.79,215.75,214.28,214.89,54700136
2022-05-02,MSFT,216.72,216.39,214.77,215.33,46193053
2022-05-03,MSFT,212.56,214.93,213.8,214.32,54050353
2022-05-04,MSFT,211.23,213.62,211.12,211.92,46613309
2022-05-05,MSFT,216.57,217.92,214.74,216.39,61494873
2022-05-06,MSFT,210.45,212.19,211.14,211.75,57985013
2022-05-09,MSFT,215.21,214.81,213.14,214.48,51031179
2022-05-10,MSFT,213.62,214.29,213.21,213.25,46758231
2022-05-11,MSFT,206.59,208.13,206.62,206.82,58571583
2022-05-12,MSFT,210.45,214.32,210.9,211.36,54991105
2022-05-13,MSFT,210.67,212.54,211.34,211.86,45496318
2022-05-16,MSFT,213.86,214.28,211.95,213.2,43521277
2022-05-17,MSFT,214.98,214.95,214.21,214.41,37729859
2022-05-18,MSFT,211.95,212.69,209.94,212.5,70401338
2022-05-19,MSFT,218.13,218.69,218.26,218.59,49317974
2022-05-20,MSFT,214.02,214.49,212.81,214.41,47592756
2022-05-23,MSFT,209.48,209.83,209.16,209.43,47831729
2022-05-24,MSFT,208.9,209.23,208.67,208.7,52149828
2022-05-25,MSFT,213.08,212.83,211.91,212.11,54202685
2022-05-26,MSFT,216.96,216.77,214.12,216.11,51351762
2022-05-27,MSFT,216.23,216.39,215.71,216.08,44081239
2022-05-30,MSFT,219.46,220.19,219.65,220.07,52687757
2022-05-31,MSFT,219.72,221.21,219.64,220.78,56255913
2022-06-01,MSFT,225.69,226.66,223.71,225.5,49929370
2022-06-02,MSFT,223.86,225.93,223.27,224.38,42201933
2022-06-03,MSFT,227.62,229.77,225.9,227.63,52932844
2022-06-06,MSFT,229.15,229.66,226.41,229.31,47692138
2022-06-07,MSFT,227.71,227.03,226.19,226.89,35107157
2022-06-08,MSFT,226.25,226.75,225.58,226.25,55424239
2022-06-09,MSFT,222.92,225.56,222.71,223.82,39248969
2022-06-10,MSFT,220.45,221.42,219.25,220.67,54547043
2022-06-13,MSFT,220.99,220.89,219.42,220.6,43867881
2022-06-14,MSFT,219.75,219.99,219.62,219.73,42493731
2022-06-15,MSFT,218.64,218.94,217.44,218.94,53876798
2022-06-16,MSFT,214.35,216.4,213.79,215.16,63576196
2022-06-17,MSFT,215.45,215.3,214.32,214.85,54060940
2022-06-20,MSFT,212.65,213.77,210.98,212.53,55724714
2022-06-21,MSFT,214.16,214.72,213.36,214.6,61523486
2022-06-22,MSFT,213.49,213.42,212.12,213.27,45423154
2022-06-23,MSFT,216.44,217.36,215.99,216.52,44488837
2022-06-24,MSFT,212.56,213.26,212.14,212.35,51485479
2022-06-27,MSFT,212.03,212.57,211.51,211.58,32262248
2022-06-28,MSFT,199.96,200.37,198.66,200.09,46979029
2022-06-29,MSFT,205.17,205.07,204.49,204.66,53684975
2022-06-30,MSFT,203.66,204.56,202.34,203.47,34524302
2022-07-01,MSFT,203.21,204.37,202.46,204.17,43991128
2022-07-04,MSFT,206.05,206.99,206.46,206.64,44091816
2022-07-05,MSFT,210.3,210.42,209.98,210.37,38169144
2022-07-06,MSFT,212.6,213.78,210.79,213.25,58225729
2022-07-07,MSFT,208.16,209.62,208.44,209.46,47950675
2022-07-08,MSFT,208.63,208.66,207.53,207.93,48667212
2022-07-11,MSFT,207.97,208.78,208.65,208.66,61084446
2022-07-12,MSFT,209.35,210.06,208.8,209.64,48238658
2022-07-13,MSFT,205.59,207.0,204.65,205.27,43468626
2022-07-14,MSFT,202.25,203.29,202.0,202.46,71655214
2022-07-15,MSFT,204.96,206.63,204.37,205.57,37776353
2022-07-18,MSFT,201.75,203.86,201.96,202.51,45690037
2022-07-19,MSFT,201.45,202.23,201.7,201.96,56856563
2022-07-20,MSFT,199.88,200.43,199.58,200.27,44306485
2022-07-21,MSFT,202.39,202.92,201.66,202.05,70540924
2022-07-22,MSFT,203.23,204.36,203.34,203.88,51155967
2022-07-25,MSFT,204.15,204.25,203.8,203.92,46885328
2022-07-26,MSFT,205.06,205.46,203.88,204.21,53188083
2022-07-27,MSFT,203.59,206.21,202.88,204.27,67127114
2022-07-28,MSFT,204.8,204.77,203.3,204.53,55444598
2022-07-29,MSFT,201.67,201.66,201.18,201.52,38807497
2022-08-01,MSFT,205.03,206.11,204.8,205.17,48635778
2022-08-02,MSFT,204.04,203.51,202.78,203.06,59466183
2022-08-03,MSFT,205.81,206.22,204.68,205.83,59704884
2022-08-04,MSFT,202.98,202.98,199.98,202.33,64140291
2022-08-05,MSFT,203.56,204.05,202.34,203.07,56543881
2022-08-08,MSFT,203.9,205.36,203.47,204.02,50954620
2022-08-09,MSFT,201.83,201.43,199.47,201.2,50466373
2022-08-10,MSFT,200.27,200.69,199.62,199.85,55477389
2022-08-11,MSFT,197.57,198.84,197.35,198.0,50599097
2022-08-12,MSFT,197.71,198.77,197.61,198.46,30888406
2022-08-15,MSFT,198.09,198.78,195.01,197.0,48070186
2022-08-16,MSFT,192.09,194.46,191.62,192.21,63006254
2022-08-17,MSFT,194.1,194.88,193.79,194.66,52541276
2022-08-18,MSFT,197.06,197.06,195.66,196.67,54259109
2022-08-19,MSFT,193.71,194.6,193.18,193.84,65891473
2022-08-22,MSFT,195.36,195.79,195.31,195.32,42716096
2022-08-23,MSFT,193.29,193.62,192.13,192.94,65153180
2022-08-24,MSFT,191.01,193.2,190.73,191.59,32400411
2022-08-25,MSFT,190.65,190.99,190.01,190.51,38070266
2022-08-26,MSFT,189.02,189.93,187.9,189.58,42291863
2022-08-29,MSFT,192.63,193.68,192.86,193.5,61942144
2022-08-30,MSFT,197.43,199.11,196.44,197.14,56443884
2022-08-31,MSFT,195.45,195.68,194.8,195.38,61971785
2022-09-01,MSFT,192.9,194.36,192.64,193.39,58185946
2022-09-02,MSFT,195.73,196.84,194.72,196.0,58229885
2022-09-05,MSFT,195.82,197.29,195.79,196.24,67945248
2022-09-06,MSFT,200.64,201.2,199.23,200.6,57654374
2022-09-07,MSFT,203.82,205.12,204.61,204.87,49168664
2022-09-08,MSFT,207.02,208.33,206.83,207.35,30231784
2022-09-09,MSFT,206.42,206.35,205.72,206.04,69856764
2022-09-12,MSFT,206.6,206.74,206.25,206.52,41717062
2022-09-13,MSFT,207.28,207.46,206.77,206.99,54337476
2022-09-14,MSFT,201.32,202.62,201.3,201.98,38955481
2022-09-15,MSFT,203.62,203.55,201.62,203.33,35603918
2022-09-16,MSFT,204.94,204.09,202.95,203.85,36353236
2022-09-19,MSFT,203.95,204.1,203.38,203.82,46474537
2022-09-20,MSFT,202.96,203.82,201.68,202.68,59177681
2022-09-21,MSFT,202.14,202.59,200.84,201.93,39602067
2022-09-22,MSFT,208.25,208.63,206.99,207.27,55990897
2022-09-23,MSFT,208.39,208.91,206.47,207.91,65061472
2022-09-26,MSFT,206.15,207.93,204.21,206.75,48863431
2022-09-27,MSFT,211.25,212.22,211.18,211.51,44168342
2022-09-28,MSFT,215.36,216.01,213.53,215.8,41417839
2022-09-29,MSFT,214.23,214.88,214.16,214.28,63134731
2022-09-30,MSFT,212.37,214.29,211.6,212.31,47187964
2022-10-03,MSFT,212.33,213.28,212.35,212.81,38770853
2022-10-04,MSFT,219.33,220.93,219.62,220.39,47203872
2022-10-05,MSFT,220.24,220.65,217.14,220.13,38502585
2022-10-06,MSFT,221.08,222.41,220.32,221.27,39476705
2022-10-07,MSFT,220.6,221.24,217.91,219.93,37039513
2022-10-10,MSFT,218.96,220.33,218.83,219.51,52262380
2022-10-11,MSFT,221.92,224.38,222.91,223.07,46067989
2022-10-12,MSFT,222.37,224.27,222.81,223.32,50770786
2022-10-13,MSFT,227.09,227.99,226.04,226.75,62120907
2022-10-14,MSFT,222.08,222.33,221.83,222.15,25232079
2022-10-17,MSFT,223.15,225.54,223.71,223.84,44868727
2022-10-18,MSFT,229.76,230.56,228.78,229.52,43388628
2022-10-19,MSFT,230.05,229.1,228.38,229.01,61183381
2022-10-20,MSFT,225.02,224.85,223.77,224.6,43707662
2022-10-21,MSFT,234.06,235.39,232.63,233.9,71168030
2022-10-24,MSFT,231.29,231.61,230.05,231.3,46653961
2022-10-25,MSFT,234.17,233.59,232.07,233.27,53070030
2022-10-26,MSFT,234.4,234.61,233.79,234.36,49993915
2022-10-27,MSFT,238.44,240.24,236.63,238.43,43113055
2022-10-28,MSFT,237.45,238.01,236.74,237.53,30866596
2022-10-31,MSFT,235.3,235.52,231.25,234.47,55212299
2022-11-01,MSFT,239.24,239.16,236.46,238.93,62746531
2022-11-02,MSFT,241.78,242.97,242.06,242.16,41807335
2022-11-03,MSFT,244.74,247.02,244.45,245.55,35097524
2022-11-04,MSFT,245.09,247.63,245.97,246.2,58399445
2022-11-07,MSFT,252.55,252.97,251.55,252.16,66218737
2022-11-08,MSFT,251.07,252.14,249.68,250.47,50061314
2022-11-09,MSFT,248.09,249.9,248.01,248.67,50490947
2022-11-10,MSFT,243.79,244.95,243.79,244.11,49671255
2022-11-11,MSFT,244.28,245.49,243.67,244.39,57636681
2022-11-14,MSFT,245.8,246.44,245.76,245.91,55052613
2022-11-15,MSFT,245.49,245.27,242.39,244.8,42393993
2022-11-16,MSFT,247.0,247.05,246.42,246.9,61896426
2022-11-17,MSFT,248.42,248.32,246.95,248.24,51214785
2022-11-18,MSFT,249.04,249.6,249.47,249.48,42488327
2022-11-21,MSFT,246.02,247.86,245.06,246.14,51031175
2022-11-22,MSFT,246.16,248.25,243.43,245.36,54457598
2022-11-23,MSFT,251.33,253.29,249.68,252.06,52387379
2022-11-24,MSFT,247.6,247.73,247.23,247.71,57138774
2022-11-25,MSFT,248.81,248.85,247.5,248.2,43462579
2022-11-28,MSFT,252.39,253.07,249.44,251.53,70604226
2022-11-29,MSFT,252.36,253.33,251.26,252.57,51822802
2022-11-30,MSFT,248.46,248.25,247.46,248.08,60654247
2022-12-01,MSFT,245.42,246.19,243.21,245.54,52000337
2022-12-02,MSFT,245.06,246.46,243.46,245.45,38727144
2022-12-05,MSFT,243.34,246.49,243.26,244.05,56174286
2022-12-06,MSFT,242.46,242.97,240.2,241.9,47846117
2022-12-07,MSFT,241.89,244.37,242.36,242.52,56943263
2022-12-08,MSFT,251.13,252.03,248.9,251.4,51224909
2022-12-09,MSFT,250.92,252.78,251.55,251.86,40550912
2022-12-12,MSFT,253.24,255.58,253.6,254.29,67648258
2022-12-13,MSFT,251.26,251.96,251.27,251.68,51434059
2022-12-14,MSFT,253.73,255.08,252.86,253.86,48533682
2022-12-15,MSFT,262.44,263.61,261.15,262.36,46648568
2022-12-16,MSFT,263.45,263.63,261.48,262.02,55790763
2022-12-19,MSFT,252.77,254.58,251.66,253.04,57172635
2022-12-20,MSFT,249.94,250.74,248.27,250.15,31302683
2022-12-21,MSFT,250.09,250.18,248.58,250.08,45784176
2022-12-22,MSFT,254.77,254.04,252.93,253.89,51936617
2022-12-23,MSFT,253.65,254.27,252.69,254.05,50035826
2022-12-26,MSFT,254.16,255.12,253.23,253.51,50093953
2022-12-27,MSFT,257.4,257.92,257.39,257.41,40455613
2022-12-28,MSFT,260.25,259.44,258.74,259.39,37497839
2022-12-29,MSFT,257.98,259.34,257.61,258.01,52510035
2022-12-30,MSFT,260.07,260.78,258.36,258.82,43406758
2023-01-02,MSFT,257.37,258.52,257.7,257.82,54867415
2023-01-03,MSFT,258.42,259.68,257.32,258.68,47742773
2023-01-04,MSFT,261.42,261.52,259.3,260.49,40111276
2023-01-05,MSFT,258.52,259.54,255.45,258.86,66776254
2023-01-06,MSFT,253.78,255.68,253.55,254.42,47321012
2023-01-09,MSFT,252.97,253.08,250.59,252.05,59492964
2023-01-10,MSFT,253.32,254.17,253.42,254.05,53629957
2023-01-11,MSFT,251.45,251.27,248.59,250.03,53932951
2023-01-12,MSFT,254.52,254.36,252.35,254.05,55692893
2023-01-13,MSFT,253.7,254.77,253.23,254.46,42262194
2023-01-16,MSFT,250.5,251.13,249.65,251.02,42942444
2023-01-17,MSFT,251.19,252.11,250.14,250.25,51354913
2023-01-18,MSFT,255.86,257.51,254.81,255.8,50225003
2023-01-19,MSFT,259.07,259.2,256.26,258.69,38689313
2023-01-20,MSFT,254.28,255.36,255.24,255.36,51654915
2023-01-23,MSFT,257.76,260.43,257.32,258.97,71173241
2023-01-24,MSFT,257.59,257.82,255.2,257.63,52284821
2023-01-25,MSFT,258.35,258.2,256.26,257.48,50308071
2023-01-26,MSFT,263.83,263.88,262.61,263.19,33770250
2023-01-27,MSFT,257.46,260.29,257.36,258.87,68685271
2023-01-30,MSFT,251.84,254.21,253.89,253.98,47326829
2023-01-31,MSFT,255.43,256.18,254.57,255.72,57125044
2023-02-01,MSFT,252.3,255.2,251.77,253.41,60095859
2023-02-02,MSFT,248.11,248.53,247.86,248.19,63636072
2023-02-03,MSFT,246.7,247.57,246.77,246.81,72999691
2023-02-06,MSFT,241.63,243.54,241.19,241.98,66293185
2023-02-07,MSFT,236.16,236.48,234.44,235.87,38869358
2023-02-08,MSFT,237.71,237.66,236.87,237.44,47313783
2023-02-09,MSFT,232.4,237.24,233.39,233.96,41579013
2023-02-10,MSFT,230.23,230.9,229.58,229.95,46299775
2023-02-13,MSFT,229.76,229.61,229.1,229.19,53360754
2023-02-14,MSFT,231.13,231.51,229.91,230.93,53588480
2023-02-15,MSFT,234.08,235.69,233.91,234.91,51829145
2023-02-16,MSFT,229.74,229.49,228.83,228.96,43280826
2023-02-17,MSFT,227.98,229.73,226.86,228.44,51817812
2023-02-20,MSFT,230.4,229.95,229.22,229.52,31102965
2023-02-21,MSFT,229.23,228.82,227.79,228.31,61982253
2023-02-22,MSFT,228.17,229.01,226.72,227.53,68105224
2023-02-23,MSFT,230.48,231.66,231.15,231.54,53105396
2023-02-24,MSFT,227.75,228.97,226.7,228.06,49720305
2023-02-27,MSFT,228.93,229.76,227.85,229.07,42122775
2023-02-28,MSFT,229.69,232.19,229.55,229.94,34725386
2023-03-01,MSFT,228.22,229.64,228.92,229.37,41494346
2023-03-02,MSFT,234.65,235.85,233.14,234.18,38214272
2023-03-03,MSFT,237.69,239.21,237.79,238.92,56776371
2023-03-06,MSFT,239.08,240.06,237.94,239.04,43991703
2023-03-07,MSFT,241.12,241.86,240.74,241.79,35228355
2023-03-08,MSFT,239.83,241.53,239.99,240.21,58048559
2023-03-09,MSFT,238.11,237.67,237.34,237.55,34227716
2023-03-10,MSFT,235.72,236.79,234.56,234.87,44945527
2023-03-13,MSFT,233.27,234.35,232.08,233.33,56847148
2023-03-14,MSFT,230.31,231.54,227.48,229.95,29156683
2023-03-15,MSFT,229.16,228.99,227.81,228.29,55881572
2023-03-16,MSFT,226.05,226.21,225.16,226.17,44454067
2023-03-17,MSFT,228.7,232.46,228.38,230.03,47548275
2023-03-20,MSFT,226.28,225.33,224.43,225.27,52013945
2023-03-21,MSFT,224.85,227.02,224.77,224.8,56389568
2023-03-22,MSFT,221.18,223.19,221.06,222.71,38915029
2023-03-23,MSFT,217.59,218.31,217.38,217.94,40155869
2023-03-24,MSFT,207.95,209.78,207.17,208.21,35451078
2023-03-27,MSFT,210.92,211.32,210.3,211.17,66781799
2023-03-28,MSFT,209.88,211.27,210.09,211.08,48399613
2023-03-29,MSFT,211.45,213.34,209.78,212.17,44192589
2023-03-30,MSFT,212.55,212.44,212.16,212.29,40967068
2023-03-31,MSFT,216.22,215.66,214.85,215.19,65564160
2023-04-03,MSFT,218.65,221.42,216.41,218.13,70064086
2023-04-04,MSFT,222.94,223.79,221.06,222.04,69941237
2023-04-05,MSFT,223.11,224.6,222.5,222.85,50748875
2023-04-06,MSFT,219.62,220.88,218.28,219.09,65803397
2023-04-07,MSFT,220.87,223.21,221.94,222.03,45447794
2023-04-10,MSFT,221.65,221.91,221.3,221.36,58530151
2023-04-11,MSFT,220.66,222.73,220.1,220.63,62228079
2023-04-12,MSFT,219.04,219.57,218.69,219.01,59305333
2023-04-13,MSFT,216.7,217.74,217.1,217.12,55080122
2023-04-14,MSFT,215.22,215.32,214.97,215.08,45402586
2023-04-17,MSFT,214.18,214.29,213.97,214.19,67053623
2023-04-18,MSFT,211.58,211.41,209.68,211.34,38847534
2023-04-19,MSFT,210.3,211.04,210.35,210.65,44046943
2023-04-20,MSFT,214.85,215.31,214.41,215.01,66453549
2023-04-21,MSFT,214.08,215.17,213.69,214.43,44055022
2023-04-24,MSFT,211.09,211.9,209.84,210.72,46187627
2023-04-25,MSFT,210.05,211.57,208.87,210.23,43691364
2023-04-26,MSFT,207.57,208.53,207.6,207.81,41863354
2023-04-27,MSFT,206.31,206.03,204.35,205.7,44661553
2023-04-28,MSFT,205.19,206.76,205.38,205.39,49499194
2023-05-01,MSFT,209.3,209.93,208.91,209.75,55951311
2023-05-02,MSFT,214.08,213.99,212.95,213.69,64190644
2023-05-03,MSFT,207.15,208.68,206.96,207.98,41143318
2023-05-04,MSFT,205.78,206.38,205.13,205.63,58656746
2023-05-05,MSFT,209.69,209.74,207.98,208.87,56467439
2023-05-08,MSFT,209.56,209.73,209.2,209.23,46639333
2023-05-09,MSFT,209.72,211.73,209.42,210.15,46256099
2023-05-10,MSFT,207.89,208.1,205.97,207.55,49174864
2023-05-11,MSFT,202.39,203.56,202.38,202.72,43030585
2023-05-12,MSFT,202.96,202.97,201.17,202.63,41997067
2023-05-15,MSFT,202.07,202.73,202.16,202.7,47143134
2023-05-16,MSFT,207.27,208.84,205.68,207.43,50353714
2023-05-17,MSFT,203.76,205.19,203.89,204.4,47910820
2023-05-18,MSFT,203.42,205.24,202.17,203.36,52478462
2023-05-19,MSFT,198.93,201.12,200.03,200.43,56598496
2023-05-22,MSFT,197.21,198.45,196.74,197.42,59177721
2023-05-23,MSFT,200.43,201.53,200.08,200.88,72331159
2023-05-24,MSFT,199.24,200.07,198.21,199.05,43294568
2023-05-25,MSFT,198.96,200.89,198.53,198.75,51334994
2023-05-26,MSFT,190.76,191.8,189.88,190.6,52893389
2023-05-29,MSFT,190.61,190.86,189.28,190.26,54747421
2023-05-30,MSFT,191.66,191.55,189.62,191.38,40316641
2023-05-31,MSFT,192.78,192.88,191.59,192.16,53820337
2023-06-01,MSFT,186.27,186.25,185.59,185.97,59442148
2023-06-02,MSFT,186.94,188.14,186.42,186.59,58049425
2023-06-05,MSFT,186.21,187.17,185.89,186.45,36875113
2023-06-06,MSFT,187.63,187.49,186.09,187.19,47152044
2023-06-07,MSFT,184.63,184.61,183.19,184.21,60844775
2023-06-08,MSFT,183.75,184.21,183.1,183.78,49214092
2023-06-09,MSFT,183.99,184.54,184.3,184.42,59416190
2023-06-12,MSFT,183.99,184.89,184.04,184.73,63079641
2023-06-13,MSFT,186.79,187.79,185.56,186.27,51243761
2023-06-14,MSFT,190.76,190.76,189.2,190.55,52448973
2023-06-15,MSFT,189.62,189.6,187.48,189.06,41218782
2023-06-16,MSFT,186.66,186.67,186.16,186.56,42573408
2023-06-19,MSFT,185.95,186.4,185.15,185.35,49957370
2023-06-20,MSFT,187.59,189.06,187.14,187.7,71711928
2023-06-21,MSFT,191.6,193.21,191.23,191.6,58264531
2023-06-22,MSFT,189.4,190.52,189.08,189.72,58153241
2023-06-23,MSFT,187.26,187.28,185.03,186.7,62710300
2023-06-26,MSFT,186.78,186.23,185.53,185.95,54086107
2023-06-27,MSFT,184.29,185.74,183.22,184.25,43446724
2023-06-28,MSFT,184.21,185.37,183.89,184.86,65623545
2023-06-29,MSFT,187.03,188.9,186.77,187.28,63233409
2023-06-30,MSFT,185.64,187.51,187.26,187.3,66047350
2023-07-03,MSFT,188.79,189.01,188.64,188.7,44027210
2023-07-04,MSFT,190.76,191.69,190.27,190.44,48013308
2023-07-05,MSFT,191.68,192.5,190.62,191.55,56785496
2023-07-06,MSFT,186.53,187.12,186.13,186.63,36604820
2023-07-07,MSFT,184.31,185.41,184.49,184.52,48835116
2023-07-10,MSFT,186.5,186.3,185.82,185.89,59704626
2023-07-11,MSFT,187.26,187.13,186.47,187.08,60608000
2023-07-12,MSFT,189.15,190.52,188.52,189.55,59761386
2023-07-13,MSFT,186.13,185.85,185.14,185.48,51803386
2023-07-14,MSFT,181.81,182.98,181.03,182.1,48170984
2023-07-17,MSFT,179.97,180.56,178.05,179.24,61851630
2023-07-18,MSFT,180.91,182.23,181.29,181.6,59109070
2023-07-19,MSFT,180.18,181.9,180.41,181.52,39614591
2023-07-20,MSFT,184.82,184.83,184.31,184.46,68056688
2023-07-21,MSFT,189.32,188.91,186.17,187.99,72689916
2023-07-24,MSFT,188.54,189.8,187.69,188.6,48870188
2023-07-25,MSFT,190.89,191.4,189.94,191.08,56611529
2023-07-26,MSFT,192.35,192.81,191.66,192.56,51786697
2023-07-27,MSFT,183.36,183.99,182.87,183.57,45337726
2023-07-28,MSFT,181.45,181.91,180.51,181.01,32737860
2023-07-31,MSFT,180.37,180.96,180.46,180.71,46538957
2023-08-01,MSFT,183.23,184.72,181.34,182.97,49576681
2023-08-02,MSFT,185.33,186.75,184.78,185.4,63655603
2023-08-03,MSFT,185.66,185.81,184.84,185.39,66772395
2023-08-04,MSFT,188.41,188.16,187.45,188.08,55065876
2023-08-07,MSFT,191.49,192.18,191.0,191.13,46169050
2023-08-08,MSFT,187.83,189.02,188.7,188.77,58603325
2023-08-09,MSFT,181.43,184.03,180.21,181.57,50094263
2023-08-10,MSFT,182.37,182.99,182.27,182.45,49057272
2023-08-11,MSFT,183.11,184.22,182.99,183.02,51288496
2023-08-14,MSFT,182.7,183.62,182.26,182.58,62972975
2023-08-15,MSFT,183.16,182.68,182.4,182.49,47422754
2023-08-16,MSFT,186.25,185.97,185.08,185.87,46953321
2023-08-17,MSFT,187.34,190.16,187.6,187.6,39367413
2023-08-18,MSFT,185.5,186.79,186.21,186.26,53162737
2023-08-21,MSFT,190.56,190.2,189.17,189.93,62364895
2023-08-22,MSFT,195.48,195.51,194.32,195.02,57082662
2023-08-23,MSFT,197.51,199.12,197.24,197.26,40196117
2023-08-24,MSFT,203.06,203.61,202.96,203.27,43551041
2023-08-25,MSFT,200.84,201.84,199.94,201.32,69489631
2023-08-28,MSFT,204.63,204.45,202.31,203.51,32285774
2023-08-29,MSFT,199.95,200.93,199.66,200.13,45530224
2023-08-30,MSFT,199.55,200.9,200.14,200.86,40071312
2023-08-31,MSFT,199.15,199.69,198.31,199.44,38690126
2023-09-01,MSFT,198.43,200.28,198.36,199.21,48464993
2023-09-04,MSFT,196.87,197.8,196.51,196.91,42025145
2023-09-05,MSFT,199.03,198.76,197.94,198.08,54596373
2023-09-06,MSFT,200.25,200.86,200.05,200.73,45416016
2023-09-07,MSFT,202.5,202.18,201.32,201.83,35750288
2023-09-08,MSFT,201.22,199.43,198.48,199.2,55157196
2023-09-11,MSFT,199.12,199.61,198.62,199.1,51119819
2023-09-12,MSFT,198.77,198.22,196.62,197.95,52520339
2023-09-13,MSFT,195.15,194.87,192.84,194.35,57344258
2023-09-14,MSFT,197.93,198.39,197.71,198.34,52922654
2023-09-15,MSFT,202.21,202.74,201.28,202.15,47733377
2023-09-18,MSFT,203.32,204.57,202.35,204.11,62537347
2023-09-19,MSFT,201.89,203.86,201.8,202.04,38903906
2023-09-20,MSFT,197.75,197.42,196.44,197.41,50567066
2023-09-21,MSFT,198.0,198.88,197.43,198.85,47968314
2023-09-22,MSFT,198.88,199.37,197.77,198.52,47197172
2023-09-25,MSFT,193.41,195.21,194.29,194.8,41656618
2023-09-26,MSFT,193.01,193.15,192.26,193.04,47894650
2023-09-27,MSFT,192.1,193.41,192.11,192.72,53800674
2023-09-28,MSFT,194.19,195.13,192.9,194.38,65301856
2023-09-29,MSFT,192.89,194.7,192.36,192.75,50343937
2023-10-02,MSFT,190.96,191.16,190.64,191.13,58416322
2023-10-03,MSFT,191.54,192.32,191.52,191.74,38465174
2023-10-04,MSFT,190.81,194.03,190.3,190.86,55636736
2023-10-05,MSFT,190.22,190.59,188.18,190.26,33204972
2023-10-06,MSFT,187.36,187.33,185.96,187.15,50182309
2023-10-09,MSFT,187.45,187.88,186.7,187.21,36146394
2023-10-10,MSFT,189.42,189.25,188.1,188.88,33269159
2023-10-11,MSFT,186.87,188.26,185.76,187.46,74412558
2023-10-12,MSFT,188.75,190.98,188.38,189.17,46182288
2023-10-13,MSFT,189.97,191.26,190.29,190.84,82877611
2023-10-16,MSFT,190.44,190.89,190.47,190.58,51227289
2023-10-17,MSFT,194.03,194.25,193.0,194.12,45355982
2023-10-18,MSFT,197.35,199.27,198.0,198.11,37741077
2023-10-19,MSFT,197.99,198.6,197.9,198.27,44072007
2023-10-20,MSFT,197.95,200.69,197.23,198.33,62075031
2023-10-23,MSFT,196.95,196.36,195.96,196.18,62625774
2023-10-24,MSFT,196.0,196.61,195.49,196.14,45659666
2023-10-25,MSFT,198.53,198.2,197.2,197.78,68628691
2023-10-26,MSFT,198.95,199.34,197.9,198.25,60615091
2023-10-27,MSFT,200.32,201.26,200.49,201.16,49599627
2023-10-30,MSFT,206.12,205.92,204.8,205.6,47163137
2023-10-31,MSFT,208.94,212.56,208.23,209.51,41802849
2023-11-01,MSFT,211.0,210.93,210.21,210.63,40498954
2023-11-02,MSFT,206.18,207.57,206.51,207.16,59713442
2023-11-03,MSFT,211.73,212.98,211.13,211.33,63698682
2023-11-06,MSFT,210.13,210.72,209.27,209.56,51860930
2023-11-07,MSFT,214.42,213.73,211.91,213.49,40524692
2023-11-08,MSFT,218.1,217.46,216.08,217.36,54301429
2023-11-09,MSFT,219.12,219.5,216.83,219.04,38839358
2023-11-10,MSFT,220.75,220.95,218.4,219.7,60694473
2023-11-13,MSFT,220.19,220.02,219.54,219.82,43239456
2023-11-14,MSFT,223.02,223.29,222.54,223.01,44088531
2023-11-15,MSFT,224.98,224.77,223.64,224.17,42806783
2023-11-16,MSFT,224.2,224.41,223.4,223.89,55553988
2023-11-17,MSFT,227.21,228.11,226.35,227.42,40322476
2023-11-20,MSFT,230.25,230.69,226.68,229.35,50125757
2023-11-21,MSFT,231.87,234.18,229.35,232.28,48795025
2023-11-22,MSFT,226.45,226.93,225.13,226.38,44557255
2023-11-23,MSFT,222.24,224.0,222.85,223.1,42511883
2023-11-24,MSFT,224.69,228.24,224.77,225.31,46328858
2023-11-27,MSFT,225.69,225.94,224.52,225.54,59078523
2023-11-28,MSFT,224.03,226.17,224.5,224.68,71773203
2023-11-29,MSFT,220.73,219.89,218.39,219.08,68068588
2023-11-30,MSFT,224.04,224.16,221.08,223.79,59772633
2023-12-01,MSFT,224.35,224.54,224.21,224.49,56084916
2023-12-04,MSFT,223.77,225.81,224.07,225.78,55098872
2023-12-05,MSFT,228.32,229.49,228.11,228.18,59859483
2023-12-06,MSFT,234.26,233.43,232.77,233.08,28759729
2023-12-07,MSFT,231.33,232.66,229.71,230.97,45514031
2023-12-08,MSFT,227.83,228.93,226.49,228.26,51014229
2023-12-11,MSFT,225.92,226.94,225.38,225.99,33166178
2023-12-12,MSFT,222.41,221.03,219.55,221.02,29384768
2023-12-13,MSFT,217.95,218.69,218.27,218.67,40420721
2023-12-14,MSFT,215.82,216.08,213.67,215.77,61829004
2023-12-15,MSFT,217.23,218.64,214.39,217.43,63071354
2023-12-18,MSFT,215.52,217.73,214.22,215.82,44968364
2023-12-19,MSFT,213.16,213.56,211.58,212.89,35439535
2023-12-20,MSFT,215.82,215.49,213.03,214.82,55136092
2023-12-21,MSFT,217.93,218.02,216.53,217.2,49013916
2023-12-22,MSFT,223.62,223.47,222.14,223.42,55855215
2023-12-25,MSFT,217.77,218.73,217.52,218.33,67441031
2023-12-26,MSFT,216.95,218.9,217.41,217.8,64338844
2023-12-27,MSFT,215.49,216.38,214.35,215.81,55320224
2023-12-28,MSFT,212.71,215.43,211.83,212.83,42271662
2023-12-29,MSFT,211.84,212.98,210.54,212.62,51348014
2024-01-01,MSFT,212.62,212.82,212.57,212.69,58730660
2024-01-02,MSFT,214.82,215.08,211.38,214.63,33443606
2024-01-03,MSFT,216.53,218.3,215.7,216.7,44006442
2024-01-04,MSFT,220.85,220.69,218.67,220.58,52424501
2024-01-05,MSFT,220.98,221.83,219.0,220.92,49299535
2024-01-08,MSFT,223.3,223.51,222.14,223.3,39171594
2024-01-09,MSFT,217.72,218.21,216.79,217.41,63029284
2024-01-10,MSFT,215.3,217.06,215.45,215.52,41577042
2024-01-11,MSFT,215.12,216.07,213.43,215.41,38636248
2024-01-12,MSFT,217.28,216.95,215.04,216.24,56793813
2024-01-15,MSFT,211.68,213.26,210.0,211.67,63229261
2024-01-16,MSFT,211.25,212.12,209.36,210.16,35089200
2024-01-17,MSFT,210.01,210.32,209.75,210.29,50722491
2024-01-18,MSFT,209.43,210.24,208.54,208.76,58695725
2024-01-19,MSFT,207.49,207.81,206.22,206.52,56455980
2024-01-22,MSFT,208.75,209.61,208.24,208.68,56623068
2024-01-23,MSFT,207.98,208.67,206.46,207.21,38817680
2024-01-24,MSFT,209.2,211.48,209.71,209.72,51230186
2024-01-25,MSFT,207.22,208.87,207.77,208.23,35560710
2024-01-26,MSFT,209.58,208.43,208.05,208.41,51045140
2024-01-29,MSFT,209.94,211.3,209.47,210.28,50714208
2024-01-30,MSFT,208.64,211.17,208.71,210.08,47865673
2024-01-31,MSFT,211.86,211.75,210.28,211.59,44361516
2024-02-01,MSFT,204.58,205.07,203.77,204.82,50283202
2024-02-02,MSFT,207.17,207.2,205.51,206.16,48271866
2024-02-05,MSFT,203.23,203.09,200.76,203.02,54522743
2024-02-06,MSFT,207.37,208.11,207.48,207.91,46435728
2024-02-07,MSFT,203.77,203.79,203.28,203.59,43764031
2024-02-08,MSFT,204.0,204.29,203.61,203.95,50405229
2024-02-09,MSFT,206.13,206.37,205.89,206.25,42853358
2024-02-12,MSFT,205.16,207.42,204.39,205.33,46125113
2024-02-13,MSFT,203.69,205.08,204.46,204.74,60371714
2024-02-14,MSFT,206.07,207.96,204.33,206.68,47573335
2024-02-15,MSFT,213.83,214.85,212.33,214.27,49467875
2024-02-16,MSFT,214.7,216.57,215.01,215.16,38962414
2024-02-19,MSFT,216.44,216.91,215.16,216.07,45026304
2024-02-20,MSFT,217.96,218.7,218.22,218.36,45031238
2024-02-21,MSFT,218.32,221.39,218.39,218.72,41676105
2024-02-22,MSFT,217.94,219.71,216.91,217.34,46240717
2024-02-23,MSFT,217.85,219.13,217.64,218.27,66588696
2024-02-26,MSFT,221.71,222.28,220.54,221.41,70177758
2024-02-27,MSFT,221.13,222.32,220.07,221.68,37991810
2024-02-28,MSFT,223.74,228.65,225.31,225.76,41687121
2024-02-29,MSFT,223.79,225.9,223.9,224.35,60659637
2024-03-01,MSFT,223.87,224.58,223.19,224.54,41749027
2024-03-04,MSFT,225.08,224.91,223.08,224.82,22924343
2024-03-05,MSFT,225.23,227.42,224.69,225.78,43366616
2024-03-06,MSFT,221.81,221.8,220.01,221.57,72369710
2024-03-07,MSFT,217.38,217.89,214.83,217.58,56427171
2024-03-08,MSFT,221.58,219.99,218.93,219.91,67123046
2024-03-11,MSFT,217.81,220.01,217.98,218.43,54513475
2024-03-12,MSFT,214.88,215.03,214.05,214.95,40536861
2024-03-13,MSFT,218.58,220.67,218.25,218.61,50159086
2024-03-14,MSFT,219.05,219.96,219.26,219.3,45924106
2024-03-15,MSFT,218.1,218.41,216.85,217.55,50189990
2024-03-18,MSFT,216.51,216.76,215.31,216.09,52127261
2024-03-19,MSFT,215.16,214.98,213.83,214.42,59661470
2024-03-20,MSFT,215.11,217.24,213.38,216.02,59492631
2024-03-21,MSFT,217.4,218.73,217.32,217.46,63055827
2024-03-22,MSFT,216.54,215.7,212.9,215.41,39295317
2024-03-25,MSFT,217.06,216.64,216.42,216.53,66712624
2024-03-26,MSFT,218.09,218.13,217.06,217.42,45370836
2024-03-27,MSFT,220.39,222.05,219.63,220.83,48316623
2024-03-28,MSFT,221.69,223.22,219.93,221.7,52839278
2024-03-29,MSFT,220.19,221.5,219.38,220.04,56734288
2024-04-01,MSFT,221.0,221.05,220.3,220.67,64828328
2024-04-02,MSFT,221.98,223.88,222.65,222.98,39553334
2024-04-03,MSFT,225.66,224.55,224.04,224.53,57260359
2024-04-04,MSFT,228.59,228.73,227.7,228.63,41952481
2024-04-05,MSFT,234.62,234.68,233.14,233.75,29799435
2024-04-08,MSFT,235.6,237.36,235.81,235.82,56617366
2024-04-09,MSFT,237.21,238.3,236.0,236.71,51622232
2024-04-10,MSFT,232.21,232.5,231.26,231.43,54637230
2024-04-11,MSFT,227.87,227.95,225.49,227.79,46726744
2024-04-12,MSFT,229.84,230.37,228.97,229.49,46711105
2024-04-15,MSFT,231.42,232.14,231.38,231.94,41787136
2024-04-16,MSFT,234.94,235.25,234.82,235.15,58987267
2024-04-17,MSFT,234.11,233.45,232.38,233.29,44762407
2024-04-18,MSFT,240.1,240.21,238.58,239.83,46170007
2024-04-19,MSFT,240.77,241.49,241.35,241.43,59900612
2024-04-22,MSFT,238.81,238.99,237.24,237.67,46474069
2024-04-23,MSFT,239.92,241.44,239.17,240.15,39089532
2024-04-24,MSFT,232.08,233.18,231.5,232.87,57002098
2024-04-25,MSFT,229.46,230.03,229.1,229.91,51704846
2024-04-26,MSFT,228.75,229.52,228.44,228.71,65583499
2024-04-29,MSFT,230.92,231.77,230.87,230.97,50803195
2024-04-30,MSFT,238.88,239.72,236.84,239.27,30676279
2024-05-01,MSFT,237.22,240.68,237.27,238.31,53841601
2024-05-02,MSFT,237.46,238.82,238.33,238.46,55135213
2024-05-03,MSFT,243.97,245.52,244.49,245.02,40919330
2024-05-06,MSFT,247.31,248.04,246.4,246.72,57076782
2024-05-07,MSFT,247.98,249.43,248.4,248.62,50174289
2024-05-08,MSFT,250.28,252.01,248.28,249.92,64812365
2024-05-09,MSFT,253.71,253.77,251.98,252.72,39125218
2024-05-10,MSFT,248.88,247.98,245.29,247.97,62207151
2024-05-13,MSFT,246.65,247.07,246.52,246.61,51271739
2024-05-14,MSFT,249.02,248.9,247.52,248.69,43930365
2024-05-15,MSFT,254.22,255.21,253.37,253.49,42769268
2024-05-16,MSFT,254.68,255.43,253.64,254.74,48434961
2024-05-17,MSFT,253.68,255.83,251.96,252.92,46071989
2024-05-20,MSFT,249.91,249.35,248.42,249.23,65622651
2024-05-21,MSFT,260.01,259.98,258.79,259.65,47337870
2024-05-22,MSFT,263.85,264.88,260.06,263.17,33159959
2024-05-23,MSFT,259.72,261.78,259.19,260.72,57130258
2024-05-24,MSFT,253.35,253.88,252.36,253.77,34930777
2024-05-27,MSFT,253.76,255.21,253.64,254.44,42273631
2024-05-28,MSFT,246.51,247.6,247.19,247.39,51937987
2024-05-29,MSFT,251.31,251.37,250.76,251.1,37956701
2024-05-30,MSFT,259.08,259.09,257.63,258.48,48604048
2024-05-31,MSFT,260.57,261.15,258.98,260.83,43874490
2024-06-03,MSFT,260.55,260.99,257.84,259.3,59780029
2024-06-04,MSFT,263.45,264.52,263.23,264.07,56440649
2024-06-05,MSFT,265.39,265.17,263.35,265.07,41613423
2024-06-06,MSFT,263.13,263.59,261.33,262.7,68968887
2024-06-07,MSFT,267.81,269.46,267.74,268.87,46126182
2024-06-10,MSFT,272.82,274.35,271.3,271.87,47546925
2024-06-11,MSFT,274.06,275.53,271.68,274.4,59497003
2024-06-12,MSFT,275.32,277.27,272.27,275.62,49284143
2024-06-13,MSFT,272.92,272.57,271.68,272.37,26440810
2024-06-14,MSFT,267.92,267.93,266.76,267.53,54718699
2024-06-17,MSFT,266.86,266.69,265.28,266.25,40795112
2024-06-18,MSFT,269.05,269.86,269.52,269.58,36444581
2024-06-19,MSFT,267.14,267.74,264.13,267.3,59243573
2024-06-20,MSFT,269.13,270.25,269.51,269.58,51487607
2024-06-21,MSFT,275.15,276.89,274.83,275.55,57499383
2024-06-24,MSFT,269.81,269.55,268.42,269.21,56698844
2024-06-25,MSFT,269.71,270.75,269.76,270.48,41553227
2024-06-26,MSFT,271.25,271.11,268.41,270.88,57727283
2024-06-27,MSFT,270.46,273.96,269.82,270.75,46049330
2024-06-28,MSFT,270.18,271.07,268.72,270.62,49023793
2024-07-01,MSFT,274.8,278.47,273.6,275.44,43041903
2024-07-02,MSFT,273.89,277.44,274.76,274.99,44988228
2024-07-03,MSFT,278.64,279.03,277.79,278.07,27268277
2024-07-04,MSFT,277.94,279.84,277.48,278.64,31335518
2024-07-05,MSFT,285.53,286.04,284.67,285.01,65120679
2024-07-08,MSFT,285.66,285.33,284.32,284.57,48298274
2024-07-09,MSFT,281.66,283.1,279.22,280.93,46793755
2024-07-10,MSFT,278.51,279.71,278.59,278.71,47268678
2024-07-11,MSFT,284.42,286.33,281.86,284.14,42231379
2024-07-12,MSFT,283.52,283.77,283.03,283.33,56729702
2024-07-15,MSFT,283.44,285.59,283.77,284.67,41460797
2024-07-16,MSFT,292.94,293.82,290.91,292.66,48896352
2024-07-17,MSFT,291.57,294.09,291.23,292.03,45755240
2024-07-18,MSFT,288.59,291.42,289.7,290.15,49516803
2024-07-19,MSFT,283.94,287.18,282.71,284.08,52582027
2024-07-22,MSFT,284.4,283.51,282.51,283.1,57675090
2024-07-23,MSFT,289.27,290.65,288.68,289.13,53510912
2024-07-24,MSFT,295.35,295.2,294.28,294.88,32217972
2024-07-25,MSFT,295.01,294.27,292.72,294.08,39377596
2024-07-26,MSFT,293.69,294.13,291.71,293.69,59361535
2024-07-29,MSFT,295.47,296.93,295.13,296.75,51065054
2024-07-30,MSFT,294.51,296.03,293.58,294.67,38422870
2024-07-31,MSFT,296.09,298.47,295.83,296.96,48614989
2024-08-01,MSFT,300.62,302.01,301.33,302.0,55521245
2024-08-02,MSFT,299.63,299.06,298.35,298.88,48427636
2024-08-05,MSFT,299.61,299.54,295.67,298.82,49113938
2024-08-06,MSFT,298.51,299.79,297.59,299.01,42278510
2024-08-07,MSFT,302.6,303.54,299.91,301.92,50205017
2024-08-08,MSFT,303.09,302.95,301.7,302.11,42968435
2024-08-09,MSFT,294.81,296.84,295.32,295.8,42666086
2024-08-12,MSFT,292.19,293.48,291.95,292.42,43492063
2024-08-13,MSFT,289.22,289.82,289.25,289.49,61586670
2024-08-14,MSFT,292.26,294.05,290.96,291.73,45652650
2024-08-15,MSFT,284.83,285.81,285.78,285.79,35487807
2024-08-16,MSFT,285.54,285.95,285.02,285.62,38972236
2024-08-19,MSFT,282.62,284.81,283.55,284.05,45273077
2024-08-20,MSFT,278.57,280.34,279.52,279.96,57590129
2024-08-21,MSFT,274.74,277.92,275.7,275.77,38580139
2024-08-22,MSFT,278.62,277.82,277.15,277.28,43007559
2024-08-23,MSFT,276.34,279.65,277.3,277.68,55053890
2024-08-26,MSFT,275.76,275.25,272.2,273.33,64673759
2024-08-27,MSFT,271.08,270.47,269.42,270.44,54423362
2024-08-28,MSFT,275.06,275.51,274.84,275.34,58583732
2024-08-29,MSFT,275.21,277.32,275.82,276.92,53100688
2024-08-30,MSFT,279.23,280.25,275.81,277.93,50754091
2024-09-02,MSFT,280.34,282.35,279.22,280.0,52422911
2024-09-03,MSFT,278.24,278.31,277.28,278.27,26640693
2024-09-04,MSFT,280.3,280.28,279.64,280.11,35664360
2024-09-05,MSFT,287.01,287.99,287.64,287.85,50239463
2024-09-06,MSFT,294.09,295.13,292.35,293.61,46414574
2024-09-09,MSFT,288.73,288.11,287.48,287.82,53093904
2024-09-10,MSFT,292.91,296.26,293.82,294.49,63855752
2024-09-11,MSFT,300.62,302.32,298.01,300.27,51606854
2024-09-12,MSFT,307.68,309.31,306.24,307.24,56163942
2024-09-13,MSFT,305.4,305.79,304.33,305.71,46333661
2024-09-16,MSFT,303.63,303.38,302.68,303.17,33776793
2024-09-17,MSFT,302.71,303.07,302.4,302.87,34147539
2024-09-18,MSFT,305.51,305.55,303.81,304.56,52015296
2024-09-19,MSFT,305.34,307.03,305.73,306.79,41064190
2024-09-20,MSFT,314.89,317.65,313.57,313.79,49067393
2024-09-23,MSFT,312.23,312.4,311.65,312.2,43166189
2024-09-24,MSFT,315.91,319.49,317.02,317.23,44761568
2024-09-25,MSFT,315.87,317.4,315.01,316.6,55106761
2024-09-26,MSFT,324.12,321.95,318.81,320.95,57833042
2024-09-27,MSFT,320.78,321.34,319.75,319.95,51593931
2024-09-30,MSFT,322.41,320.73,318.23,320.55,40584660
2024-10-01,MSFT,314.59,314.97,313.12,314.64,56877638
2024-10-02,MSFT,319.26,320.51,318.72,319.21,54078790
2024-10-03,MSFT,313.45,312.43,309.28,311.55,45954849
2024-10-04,MSFT,313.05,312.12,309.95,310.93,59403696
2024-10-07,MSFT,304.11,306.66,302.55,304.37,53066969
2024-10-08,MSFT,304.62,307.49,303.28,304.49,45718546
2024-10-09,MSFT,298.76,301.83,296.8,298.56,32592993
2024-10-10,MSFT,297.6,297.7,295.85,297.07,47309589
2024-10-11,MSFT,302.15,304.13,301.19,302.08,51834542
2024-10-14,MSFT,304.65,304.9,304.59,304.88,51152398
2024-10-15,MSFT,311.27,311.6,309.51,310.6,48461912
2024-10-16,MSFT,309.57,313.87,310.19,312.17,49128516
2024-10-17,MSFT,316.7,319.51,316.71,317.35,46311967
2024-10-18,MSFT,320.8,322.06,318.47,321.74,59753357
2024-10-21,MSFT,323.62,326.79,321.23,323.95,75032378
2024-10-22,MSFT,322.06,325.82,323.23,324.26,66070190
2024-10-23,MSFT,331.79,333.38,331.32,331.69,40396469
2024-10-24,MSFT,323.37,324.08,323.22,323.74,52227160
2024-10-25,MSFT,331.14,330.92,330.13,330.42,55541429
2024-10-28,MSFT,326.66,327.93,326.88,327.77,62635390
2024-10-29,MSFT,335.18,335.75,334.21,334.54,44543858
2024-10-30,MSFT,337.46,337.27,334.52,336.99,38998575
2024-10-31,MSFT,343.03,342.77,341.35,341.63,54963816
2024-11-01,MSFT,337.07,338.38,335.66,336.67,53582998
2024-11-04,MSFT,332.72,334.84,332.43,332.9,71572158
2024-11-05,MSFT,331.7,336.29,331.32,333.27,38799148
2024-11-06,MSFT,338.55,341.99,337.69,339.02,38310190
2024-11-07,MSFT,330.63,331.81,330.25,330.62,35999434
2024-11-08,MSFT,336.93,339.26,337.51,338.41,48094748
2024-11-11,MSFT,340.5,340.55,339.73,339.99,38694795
2024-11-12,MSFT,341.21,341.33,340.74,341.14,37267872
2024-11-13,MSFT,335.88,338.76,333.68,335.05,58435502
2024-11-14,MSFT,336.86,340.28,334.96,336.69,51355180
2024-11-15,MSFT,335.96,336.46,335.82,335.84,43609346
2024-11-18,MSFT,339.87,341.39,338.39,340.66,46515338
2024-11-19,MSFT,344.31,345.68,345.28,345.6,57854825
2024-11-20,MSFT,343.18,342.83,340.12,342.66,33717459
2024-11-21,MSFT,335.03,334.48,332.35,334.37,50422630
2024-11-22,MSFT,338.21,336.53,332.43,335.35,47214152
2024-11-25,MSFT,336.37,337.37,336.77,337.21,39150320
2024-11-26,MSFT,329.48,332.72,331.19,332.05,54448582
2024-11-27,MSFT,330.6,334.31,331.45,332.07,27703233
2024-11-28,MSFT,328.92,329.95,327.37,328.93,61336884
2024-11-29,MSFT,321.07,324.58,321.86,323.02,63226178
2024-12-02,MSFT,324.88,324.27,322.24,323.64,38141476
2024-12-03,MSFT,329.55,328.95,326.01,327.6,52315284
2024-12-04,MSFT,329.58,333.32,327.3,330.8,60248864
2024-12-05,MSFT,327.4,327.4,325.1,326.39,37287157
2024-12-06,MSFT,333.16,333.3,330.01,331.57,35431423
2024-12-09,MSFT,329.13,329.65,327.46,328.87,52410760
2024-12-10,MSFT,328.43,329.57,327.83,328.2,61464718
2024-12-11,MSFT,332.56,333.34,330.13,332.03,41215012
2024-12-12,MSFT,327.05,326.39,324.8,326.28,58145354
2024-12-13,MSFT,317.34,319.1,315.46,317.78,54551756
2024-12-16,MSFT,314.7,317.83,314.83,316.89,62368718
2024-12-17,MSFT,316.13,314.79,313.84,314.67,37690215
2024-12-18,MSFT,314.04,315.74,312.37,314.91,48518214
2024-12-19,MSFT,311.8,312.46,310.64,311.19,46572822
2024-12-20,MSFT,317.9,317.65,314.1,316.07,43420418
2024-12-23,MSFT,310.14,313.17,308.79,310.46,47462902
2024-12-24,MSFT,312.14,311.53,309.68,309.96,51337605
2024-12-25,MSFT,314.2,316.02,314.69,314.75,53319639
2024-12-26,MSFT,318.36,318.1,316.92,317.19,70699477
2024-12-27,MSFT,321.85,324.16,320.16,321.17,63385195
2024-12-30,MSFT,316.41,318.1,314.58,317.33,36588699
2024-12-31,MSFT,324.27,326.25,323.61,324.31,45614754
2020-01-01,GOOGL,1416.02,1417.99,1405.2,1406.88,41020580
2020-01-02,GOOGL,1406.35,1409.62,1399.36,1407.0,54173293
2020-01-03,GOOGL,1424.26,1434.76,1416.06,1419.36,50660942
2020-01-06,GOOGL,1453.69,1475.52,1454.16,1458.04,44511949
2020-01-07,GOOGL,1467.22,1468.54,1460.08,1465.2,50069849
2020-01-08,GOOGL,1455.31,1453.78,1437.41,1450.87,55347039
2020-01-09,GOOGL,1472.04,1478.09,1471.6,1475.35,48747133
2020-01-10,GOOGL,1462.45,1474.83,1462.49,1465.98,69425771
2020-01-13,GOOGL,1451.01,1457.09,1452.69,1455.98,62354837
2020-01-14,GOOGL,1471.84,1482.87,1466.4,1471.4,50393557
2020-01-15,GOOGL,1471.88,1488.95,1477.38,1478.2,53583340
2020-01-16,GOOGL,1426.1,1441.67,1422.6,1428.45,40121419
2020-01-17,GOOGL,1457.34,1460.45,1451.71,1458.06,76796286
2020-01-20,GOOGL,1437.37,1457.14,1444.1,1444.54,54828487
2020-01-21,GOOGL,1452.29,1460.03,1445.7,1452.4,53497478
2020-01-22,GOOGL,1389.99,1402.91,1392.11,1395.56,59410665
2020-01-23,GOOGL,1395.59,1404.08,1392.54,1395.6,48472700
2020-01-24,GOOGL,1409.51,1409.84,1400.93,1406.93,48555121
2020-01-27,GOOGL,1408.31,1415.92,1407.45,1408.25,44003504
2020-01-28,GOOGL,1416.05,1421.0,1412.13,1418.52,45421830
2020-01-29,GOOGL,1442.7,1438.88,1430.55,1437.07,33015494
2020-01-30,GOOGL,1448.93,1464.88,1441.95,1455.67,61522506
2020-01-31,GOOGL,1457.11,1457.02,1453.01,1454.35,40955994
2020-02-03,GOOGL,1433.44,1440.62,1423.69,1435.95,80406869
2020-02-04,GOOGL,1416.45,1422.4,1410.14,1414.29,56543556
2020-02-05,GOOGL,1437.85,1441.84,1426.08,1440.4,52342204
2020-02-06,GOOGL,1447.33,1454.74,1444.56,1446.63,45678789
2020-02-07,GOOGL,1507.57,1510.01,1494.84,1503.7,49861378
2020-02-10,GOOGL,1475.54,1489.19,1479.65,1483.49,39965345
2020-02-11,GOOGL,1452.31,1458.65,1444.41,1448.9,55888319
2020-02-12,GOOGL,1453.81,1463.96,1448.91,1453.35,57470588
2020-02-13,GOOGL,1423.81,1445.24,1423.0,1423.2,62568780
2020-02-14,GOOGL,1438.09,1444.88,1443.67,1444.61,44435342
2020-02-17,GOOGL,1456.61,1460.37,1448.24,1457.14,36127134
2020-02-18,GOOGL,1481.63,1493.0,1475.7,1482.36,60443860
2020-02-19,GOOGL,1561.53,1565.18,1554.02,1564.28,56254760
2020-02-20,GOOGL,1531.76,1526.03,1521.84,1524.74,63101948
2020-02-21,GOOGL,1549.71,1563.16,1539.32,1546.44,52559443
2020-02-24,GOOGL,1495.16,1510.09,1495.47,1504.25,49970848
2020-02-25,GOOGL,1491.41,1505.15,1484.4,1485.65,34309009
2020-02-26,GOOGL,1471.78,1474.36,1466.95,1473.64,47820490
2020-02-27,GOOGL,1470.83,1482.34,1465.94,1468.72,55396547
2020-02-28,GOOGL,1484.44,1484.32,1481.32,1483.7,61568039
2020-03-02,GOOGL,1510.15,1512.85,1505.23,1511.03,50338705
2020-03-03,GOOGL,1500.6,1501.55,1490.13,1500.19,51352825
2020-03-04,GOOGL,1462.4,1468.32,1464.28,1466.05,50216654
2020-03-05,GOOGL,1452.39,1457.15,1455.68,1456.57,46012982
2020-03-06,GOOGL,1456.06,1467.59,1457.08,1458.95,53990047
2020-03-09,GOOGL,1502.66,1506.27,1495.29,1499.4,64399540
2020-03-10,GOOGL,1520.85,1530.13,1517.65,1525.8,34977347
2020-03-11,GOOGL,1534.04,1530.77,1526.09,1530.25,31371364
2020-03-12,GOOGL,1524.57,1521.45,1505.35,1517.77,36407987
2020-03-13,GOOGL,1499.09,1510.91,1499.23,1504.09,56824892
2020-03-16,GOOGL,1511.02,1529.3,1508.61,1511.66,41434980
2020-03-17,GOOGL,1494.35,1500.43,1484.02,1494.27,55652471
2020-03-18,GOOGL,1531.32,1549.12,1521.28,1531.07,54350483
2020-03-19,GOOGL,1522.2,1517.09,1507.69,1511.38,60033133
2020-03-20,GOOGL,1538.98,1544.07,1537.96,1542.59,45117262
2020-03-23,GOOGL,1491.76,1497.95,1488.36,1492.54,51317501
2020-03-24,GOOGL,1492.95,1501.91,1497.43,1501.8,44246913
2020-03-25,GOOGL,1483.19,1482.48,1472.31,1479.03,57569527
2020-03-26,GOOGL,1469.78,1480.32,1470.95,1476.46,59918537
2020-03-27,GOOGL,1469.09,1482.1,1466.84,1472.93,50430244
2020-03-30,GOOGL,1497.82,1501.28,1481.79,1498.67,48438060
2020-03-31,GOOGL,1494.17,1498.56,1492.25,1493.88,49751696
2020-04-01,GOOGL,1510.57,1507.57,1500.68,1504.34,55593554
2020-04-02,GOOGL,1529.09,1534.19,1520.83,1524.84,34206548
2020-04-03,GOOGL,1534.69,1531.83,1517.6,1530.43,43695548
2020-04-06,GOOGL,1535.47,1541.47,1536.68,1540.18,53600164
2020-04-07,GOOGL,1532.47,1537.34,1529.61,1535.17,61738420
2020-04-08,GOOGL,1506.46,1517.34,1509.57,1509.95,41149713
2020-04-09,GOOGL,1522.42,1524.48,1505.47,1513.1,54594750
2020-04-10,GOOGL,1500.09,1498.76,1491.39,1495.63,48728439
2020-04-13,GOOGL,1520.34,1535.08,1511.57,1519.59,53296335
2020-04-14,GOOGL,1496.79,1499.98,1493.36,1498.03,60247738
2020-04-15,GOOGL,1518.54,1528.0,1512.38,1520.42,49732536
2020-04-16,GOOGL,1506.86,1512.85,1502.41,1505.02,37334611
2020-04-17,GOOGL,1538.03,1555.36,1527.34,1533.73,45675988
2020-04-20,GOOGL,1567.18,1566.08,1565.09,1565.58,81865749
2020-04-21,GOOGL,1600.58,1605.5,1592.58,1599.89,41868759
2020-04-22,GOOGL,1621.97,1622.71,1612.45,1621.57,41505825
2020-04-23,GOOGL,1629.8,1633.13,1625.92,1626.14,49469480
2020-04-24,GOOGL,1611.25,1618.27,1610.99,1616.62,52606561
2020-04-27,GOOGL,1654.52,1656.09,1650.87,1651.35,54524964
2020-04-28,GOOGL,1676.96,1688.84,1658.94,1671.92,34947208
2020-04-29,GOOGL,1685.1,1686.29,1674.95,1683.33,52010335
2020-04-30,GOOGL,1742.68,1746.28,1728.31,1740.84,43389781
2020-05-01,GOOGL,1765.21,1768.79,1763.49,1763.8,44030129
2020-05-04,GOOGL,1740.78,1747.81,1739.25,1741.2,52798215
2020-05-05,GOOGL,1749.93,1761.79,1738.04,1749.29,47973467
2020-05-06,GOOGL,1764.89,1764.13,1755.29,1762.05,57178462
2020-05-07,GOOGL,1794.78,1808.8,1799.4,1800.84,66677979
2020-05-08,GOOGL,1796.53,1798.96,1779.13,1794.71,51488866
2020-05-11,GOOGL,1766.06,1755.89,1747.56,1751.92,44306388
2020-05-12,GOOGL,1738.48,1748.04,1729.3,1740.43,42750858
2020-05-13,GOOGL,1770.22,1772.96,1755.3,1760.81,55666078
2020-05-14,GOOGL,1785.94,1787.22,1764.27,1779.48,54396697
2020-05-15,GOOGL,1800.48,1813.93,1798.92,1805.93,46329775
2020-05-18,GOOGL,1723.31,1721.03,1712.05,1717.58,53901926
2020-05-19,GOOGL,1760.21,1758.64,1740.08,1749.16,57641582
2020-05-20,GOOGL,1776.03,1773.48,1767.33,1771.98,34939170
2020-05-21,GOOGL,1764.24,1776.44,1754.65,1760.84,55053933
2020-05-22,GOOGL,1761.01,1764.49,1746.36,1762.98,43186483
2020-05-25,GOOGL,1741.93,1750.33,1737.59,1745.1,29129307
2020-05-26,GOOGL,1732.63,1747.04,1736.9,1737.58,51045422
2020-05-27,GOOGL,1724.69,1748.76,1729.95,1734.26,37351111
2020-05-28,GOOGL,1743.51,1744.56,1710.71,1736.48,57202240
2020-05-29,GOOGL,1747.95,1756.97,1747.91,1751.65,52048573
2020-06-01,GOOGL,1732.93,1739.64,1713.0,1726.55,50389158
2020-06-02,GOOGL,1720.75,1715.15,1707.44,1713.72,53131430
2020-06-03,GOOGL,1696.82,1690.45,1674.63,1689.98,59087634
2020-06-04,GOOGL,1709.83,1718.16,1702.25,1712.17,36449139
2020-06-05,GOOGL,1711.04,1721.76,1705.7,1714.75,74853139
2020-06-08,GOOGL,1709.66,1722.28,1708.66,1719.17,41809473
2020-06-09,GOOGL,1763.32,1762.36,1754.15,1759.42,44086506
2020-06-10,GOOGL,1801.58,1804.89,1786.54,1799.19,32109548
2020-06-11,GOOGL,1778.25,1794.25,1768.04,1778.38,27716575
2020-06-12,GOOGL,1798.79,1794.59,1776.51,1789.78,51072858
2020-06-15,GOOGL,1775.12,1785.66,1768.61,1782.1,62849167
2020-06-16,GOOGL,1762.3,1769.49,1751.21,1769.3,56098125
2020-06-17,GOOGL,1779.47,1796.31,1768.74,1780.7,54729535
2020-06-18,GOOGL,1773.29,1790.6,1762.21,1772.39,52003947
2020-06-19,GOOGL,1802.13,1819.33,1799.93,1814.07,54612282
2020-06-22,GOOGL,1800.01,1815.64,1785.92,1799.84,65356309
2020-06-23,GOOGL,1851.73,1852.6,1829.02,1851.91,47854790
2020-06-24,GOOGL,1886.25,1881.63,1877.5,1878.3,50192188
2020-06-25,GOOGL,1832.86,1831.47,1821.75,1828.11,56961897
2020-06-26,GOOGL,1868.13,1880.38,1861.68,1871.88,58039864
2020-06-29,GOOGL,1928.4,1938.24,1914.21,1931.59,41480287
2020-06-30,GOOGL,1935.91,1948.46,1932.66,1941.51,54345400
2020-07-01,GOOGL,1916.67,1935.3,1912.07,1921.0,55215951
2020-07-02,GOOGL,1950.27,1971.59,1953.73,1957.18,56290854
2020-07-03,GOOGL,1935.05,1948.65,1930.71,1938.46,46840360
2020-07-06,GOOGL,1870.41,1879.23,1862.7,1870.38,34724190
2020-07-07,GOOGL,1920.55,1913.68,1903.0,1907.32,42963635
2020-07-08,GOOGL,1932.37,1936.16,1926.97,1930.73,53763885
2020-07-09,GOOGL,1932.27,1940.41,1925.25,1939.91,60214581
2020-07-10,GOOGL,1965.66,1973.07,1955.23,1966.21,31310259
2020-07-13,GOOGL,1957.4,1974.46,1957.53,1964.72,45226551
2020-07-14,GOOGL,1959.72,1969.89,1939.94,1946.75,56062371
2020-07-15,GOOGL,1941.73,1941.74,1937.12,1941.21,49629919
2020-07-16,GOOGL,1919.99,1931.98,1901.62,1915.86,48988023
2020-07-17,GOOGL,1973.43,1978.26,1971.34,1974.9,50399066
2020-07-20,GOOGL,1934.21,1947.01,1922.27,1939.58,50939064
2020-07-21,GOOGL,1952.96,1968.96,1948.33,1949.67,48370878
2020-07-22,GOOGL,1926.99,1934.66,1925.46,1930.68,51738235
2020-07-23,GOOGL,2002.43,2010.18,1999.55,2002.74,43126455
2020-07-24,GOOGL,2043.73,2062.9,2033.31,2038.73,47059056
2020-07-27,GOOGL,2014.04,2017.2,2003.65,2012.77,41987796
2020-07-28,GOOGL,2037.29,2032.34,2020.71,2028.27,23944232
2020-07-29,GOOGL,2029.83,2050.32,2007.86,2032.68,57463732
2020-07-30,GOOGL,2042.01,2040.51,2022.98,2032.35,59559380
2020-07-31,GOOGL,2094.68,2096.94,2093.34,2096.36,47129177
2020-08-03,GOOGL,2064.98,2063.12,2054.11,2062.25,51700102
2020-08-04,GOOGL,2077.27,2089.93,2072.18,2072.57,70515094
2020-08-05,GOOGL,2118.18,2128.93,2113.48,2116.73,36817237
2020-08-06,GOOGL,2141.05,2137.4,2134.22,2134.47,37922251
2020-08-07,GOOGL,2190.18,2201.04,2190.38,2191.16,54806112
2020-08-10,GOOGL,2245.47,2246.49,2243.73,2245.35,67820241
2020-08-11,GOOGL,2233.98,2233.33,2216.66,2233.0,61370588
2020-08-12,GOOGL,2196.87,2203.59,2184.99,2201.33,48487009
2020-08-13,GOOGL,2212.0,2222.19,2206.68,2211.25,50466817
2020-08-14,GOOGL,2258.19,2274.84,2247.77,2257.44,56742483
2020-08-17,GOOGL,2317.73,2321.42,2309.74,2313.11,56737688
2020-08-18,GOOGL,2278.28,2281.9,2263.07,2279.7,51294466
2020-08-19,GOOGL,2273.82,2298.05,2271.53,2271.77,44875066
2020-08-20,GOOGL,2243.91,2240.53,2222.18,2230.71,63824333
2020-08-21,GOOGL,2179.8,2192.95,2176.38,2183.62,45380244
2020-08-24,GOOGL,2208.62,2219.75,2208.08,2209.16,54642637
2020-08-25,GOOGL,2230.25,2243.23,2215.8,2230.12,39319756
2020-08-26,GOOGL,2223.84,2231.71,2228.67,2229.19,35127102
2020-08-27,GOOGL,2151.01,2156.8,2150.74,2155.38,63225484
2020-08-28,GOOGL,2114.16,2141.67,2109.34,2126.61,50923814
2020-08-31,GOOGL,2118.77,2144.63,2098.59,2113.86,70191992
2020-09-01,GOOGL,2156.06,2148.7,2145.0,2145.23,71482392
2020-09-02,GOOGL,2134.38,2147.21,2103.64,2125.95,49529414
2020-09-03,GOOGL,2131.14,2152.13,2125.0,2133.03,52078383
2020-09-04,GOOGL,2127.97,2131.28,2111.96,2120.28,52447846
2020-09-07,GOOGL,2138.53,2151.52,2110.26,2141.9,41334294
2020-09-08,GOOGL,2172.4,2190.11,2147.22,2154.71,55687696
2020-09-09,GOOGL,2145.57,2137.57,2114.86,2133.86,44246626
2020-09-10,GOOGL,2153.35,2158.67,2134.52,2143.36,50397994
2020-09-11,GOOGL,2121.84,2125.15,2116.9,2121.33,51787151
2020-09-14,GOOGL,2110.04,2126.82,2108.49,2116.28,39894093
2020-09-15,GOOGL,2104.44,2116.28,2106.95,2108.51,52615185
2020-09-16,GOOGL,2096.21,2107.43,2094.7,2098.19,52315187
2020-09-17,GOOGL,2142.73,2149.28,2138.87,2143.18,54269836
2020-09-18,GOOGL,2115.63,2122.76,2109.84,2121.59,36705948
2020-09-21,GOOGL,2069.83,2090.77,2072.41,2078.6,47021046
2020-09-22,GOOGL,2101.2,2104.37,2095.95,2100.0,51071453
2020-09-23,GOOGL,2098.38,2095.51,2069.9,2093.3,74806509
2020-09-24,GOOGL,2072.45,2078.38,2063.66,2077.49,69019131
2020-09-25,GOOGL,2054.46,2080.75,2048.16,2060.97,46587687
2020-09-28,GOOGL,2057.12,2069.2,2055.05,2059.69,48666841
2020-09-29,GOOGL,2056.33,2059.38,2040.9,2050.0,31718350
2020-09-30,GOOGL,2108.54,2107.48,2095.75,2103.87,64852165
2020-10-01,GOOGL,2131.3,2147.71,2130.69,2142.34,44781694
2020-10-02,GOOGL,2117.32,2124.89,2107.91,2111.96,55358569
2020-10-05,GOOGL,2078.82,2089.78,2070.19,2083.67,51248676
2020-10-06,GOOGL,2053.58,2061.64,2057.94,2058.41,40395530
2020-10-07,GOOGL,2062.84,2077.4,2060.28,2068.66,49220919
2020-10-08,GOOGL,2114.28,2116.55,2093.1,2100.73,39952951
2020-10-09,GOOGL,2133.21,2145.7,2128.68,2137.99,49475523
2020-10-12,GOOGL,2152.27,2165.91,2148.49,2158.68,40833613
2020-10-13,GOOGL,2157.44,2157.96,2145.46,2155.7,72625688
2020-10-14,GOOGL,2135.57,2143.79,2133.17,2139.15,56689644
2020-10-15,GOOGL,2111.48,2134.79,2111.77,2115.41,44113083
2020-10-16,GOOGL,2094.66,2113.28,2085.56,2098.87,44383394
2020-10-19,GOOGL,2096.67,2102.03,2083.53,2099.18,49004493
2020-10-20,GOOGL,2078.44,2086.07,2069.37,2078.93,52305415
2020-10-21,GOOGL,2005.33,2012.1,1997.79,2007.88,42627383
2020-10-22,GOOGL,2088.97,2100.79,2076.98,2081.85,27740645
2020-10-23,GOOGL,2053.43,2061.28,2054.03,2056.45,24499737
2020-10-26,GOOGL,2065.08,2075.6,2053.4,2069.98,41298368
2020-10-27,GOOGL,1978.41,1984.95,1973.11,1982.04,71434448
2020-10-28,GOOGL,1976.4,1976.15,1961.24,1974.7,30206802
2020-10-29,GOOGL,1991.29,2004.64,1983.83,1997.41,51605621
2020-10-30,GOOGL,2001.76,2020.68,2007.5,2016.22,53469602
2020-11-02,GOOGL,2011.84,2017.81,2004.43,2012.11,36808049
2020-11-03,GOOGL,1954.97,1961.75,1927.39,1950.74,51886123
2020-11-04,GOOGL,1942.98,1948.25,1934.49,1945.85,55769204
2020-11-05,GOOGL,1943.01,1954.55,1928.59,1935.78,44155902
2020-11-06,GOOGL,1978.98,1972.4,1968.24,1969.32,39572249
2020-11-09,GOOGL,1973.84,1980.84,1971.38,1976.52,70862641
2020-11-10,GOOGL,1947.4,1950.48,1924.59,1936.35,34117729
2020-11-11,GOOGL,1901.01,1924.46,1892.28,1910.21,45116922
2020-11-12,GOOGL,1913.35,1932.1,1915.07,1916.84,53113899
2020-11-13,GOOGL,1920.68,1936.27,1930.29,1932.01,40823840
2020-11-16,GOOGL,1983.32,1978.54,1973.5,1976.69,38698833
2020-11-17,GOOGL,1970.95,1971.71,1966.0,1970.35,48123060
2020-11-18,GOOGL,1927.98,1928.77,1914.23,1927.03,63741358
2020-11-19,GOOGL,1914.34,1930.37,1917.91,1919.13,55945090
2020-11-20,GOOGL,1914.48,1931.73,1904.22,1915.36,57156090
2020-11-23,GOOGL,1908.45,1904.39,1900.63,1904.07,64329882
2020-11-24,GOOGL,1932.35,1938.06,1920.26,1929.16,38607138
2020-11-25,GOOGL,1980.23,2000.32,1980.12,1982.44,56124116
2020-11-26,GOOGL,2002.54,2002.72,1988.2,2000.7,55514365
2020-11-27,GOOGL,2030.77,2028.27,2021.99,2024.74,50658484
2020-11-30,GOOGL,2009.39,2012.3,1992.93,2010.49,56884365
2020-12-01,GOOGL,2025.18,2037.59,2019.56,2022.22,57927401
2020-12-02,GOOGL,2104.17,2100.35,2087.87,2098.83,68657273
2020-12-03,GOOGL,2095.21,2097.62,2076.01,2088.84,51255585
2020-12-04,GOOGL,2071.96,2067.17,2061.59,2066.33,53339450
2020-12-07,GOOGL,2056.94,2060.3,2045.76,2054.6,41638128
2020-12-08,GOOGL,2036.59,2059.17,2035.28,2049.46,65080828
2020-12-09,GOOGL,2071.62,2073.32,2055.92,2067.05,52752486
2020-12-10,GOOGL,2013.08,2029.83,2013.88,2015.48,46220102
2020-12-11,GOOGL,1950.16,1957.08,1948.74,1951.3,62784852
2020-12-14,GOOGL,1907.27,1914.57,1900.76,1908.87,50674700
2020-12-15,GOOGL,1932.49,1926.1,1914.33,1922.77,74116401
2020-12-16,GOOGL,1919.58,1935.24,1913.72,1927.94,46652266
2020-12-17,GOOGL,1902.3,1918.3,1904.57,1907.24,50126544
2020-12-18,GOOGL,1907.51,1914.77,1905.3,1908.84,58098460
2020-12-21,GOOGL,1908.33,1912.92,1899.49,1905.07,63878459
2020-12-22,GOOGL,1870.26,1876.14,1855.21,1871.71,21848763
2020-12-23,GOOGL,1873.85,1867.64,1841.95,1866.38,42862875
2020-12-24,GOOGL,1870.91,1879.06,1864.84,1876.94,40649171
2020-12-25,GOOGL,1904.93,1911.7,1905.31,1910.29,61961502
2020-12-28,GOOGL,1957.51,1967.39,1950.99,1955.81,37840621
2020-12-29,GOOGL,1955.08,1955.56,1931.11,1948.9,43041700
2020-12-30,GOOGL,1990.62,1995.73,1981.44,1986.97,43846861
2020-12-31,GOOGL,2042.84,2047.27,2043.74,2046.83,40688347
2021-01-01,GOOGL,2054.37,2065.52,2055.13,2063.28,37300769
2021-01-04,GOOGL,2112.74,2110.04,2100.03,2103.59,38778494
2021-01-05,GOOGL,2092.4,2087.96,2063.14,2079.96,57515632
2021-01-06,GOOGL,2108.56,2112.98,2086.35,2106.87,58531102
2021-01-07,GOOGL,2107.56,2106.97,2086.65,2104.15,64513754
2021-01-08,GOOGL,2114.24,2122.55,2107.42,2113.59,43734997
2021-01-11,GOOGL,2077.84,2089.46,2071.32,2076.98,52961335
2021-01-12,GOOGL,2059.88,2073.2,2046.77,2058.27,52461177
2021-01-13,GOOGL,2061.89,2070.65,2048.35,2057.3,43244314
2021-01-14,GOOGL,2076.08,2085.32,2068.09,2081.42,61382814
2021-01-15,GOOGL,2089.32,2098.46,2083.57,2092.55,45555204
2021-01-18,GOOGL,2071.08,2083.05,2053.29,2065.07,37267445
2021-01-19,GOOGL,2068.25,2079.74,2067.69,2070.4,45721657
2021-01-20,GOOGL,2132.68,2142.28,2128.94,2137.57,60437769
2021-01-21,GOOGL,2083.45,2089.86,2066.86,2081.93,51919220
2021-01-22,GOOGL,2151.96,2156.43,2146.16,2153.78,38645676
2021-01-25,GOOGL,2205.92,2204.24,2185.57,2197.92,45857892
2021-01-26,GOOGL,2166.65,2166.14,2156.13,2165.58,61320968
2021-01-27,GOOGL,2165.82,2162.24,2159.61,2160.62,43322176
2021-01-28,GOOGL,2088.35,2090.46,2075.25,2085.55,43597695
2021-01-29,GOOGL,2047.74,2053.58,2047.06,2048.51,68224633
2021-02-01,GOOGL,2007.19,2036.21,2017.98,2018.3,48207973
2021-02-02,GOOGL,2049.08,2053.83,2034.97,2050.09,41428276
2021-02-03,GOOGL,2062.67,2075.04,2056.13,2067.04,57566424
2021-02-04,GOOGL,2041.62,2050.5,2027.45,2039.47,53091577
2021-02-05,GOOGL,2012.06,2018.01,2002.55,2017.96,30482573
2021-02-08,GOOGL,2037.44,2034.58,2026.24,2033.46,58392251
2021-02-09,GOOGL,1965.86,1968.83,1939.69,1962.43,56761036
2021-02-10,GOOGL,2004.35,2000.21,1992.07,2000.04,55390414
2021-02-11,GOOGL,1990.61,1992.25,1984.68,1990.54,38315091
2021-02-12,GOOGL,1963.17,1968.93,1956.87,1966.15,48360740
2021-02-15,GOOGL,1987.52,1988.99,1975.0,1979.59,59386110
2021-02-16,GOOGL,2003.46,1997.88,1993.17,1996.35,62235796
2021-02-17,GOOGL,2048.01,2040.21,2034.13,2039.79,43762839
2021-02-18,GOOGL,2035.79,2030.38,2021.08,2030.21,47691358
2021-02-19,GOOGL,1973.16,1984.46,1972.92,1982.02,37361284
2021-02-22,GOOGL,1994.43,2006.73,1992.78,1993.16,61828949
2021-02-23,GOOGL,1948.01,1949.77,1944.59,1944.71,45165160
2021-02-24,GOOGL,1924.99,1921.38,1904.2,1920.03,44923072
2021-02-25,GOOGL,1874.22,1895.42,1867.24,1879.61,46744865
2021-02-26,GOOGL,1918.63,1935.59,1905.77,1920.09,38514166
2021-03-01,GOOGL,1909.54,1920.17,1909.04,1913.26,30883577
2021-03-02,GOOGL,1900.48,1920.21,1905.33,1907.28,45119871
2021-03-03,GOOGL,1917.52,1915.64,1911.21,1913.61,38420663
2021-03-04,GOOGL,1910.68,1944.24,1910.04,1912.4,40165502
2021-03-05,GOOGL,1917.38,1934.1,1918.25,1922.83,51650252
2021-03-08,GOOGL,1882.86,1888.72,1871.0,1882.51,31205330
2021-03-09,GOOGL,1820.26,1830.62,1821.25,1829.14,54497126
2021-03-10,GOOGL,1871.64,1886.44,1865.71,1868.8,28668155
2021-03-11,GOOGL,1930.85,1937.89,1923.31,1932.33,65116734
2021-03-12,GOOGL,2001.63,2002.63,1991.39,2001.37,39622045
2021-03-15,GOOGL,2057.45,2055.84,2033.73,2049.46,56140362
2021-03-16,GOOGL,2105.14,2133.81,2108.41,2110.26,31357301
2021-03-17,GOOGL,2182.03,2191.7,2174.48,2186.89,65382656
2021-03-18,GOOGL,2159.82,2176.16,2161.01,2163.27,55962997
2021-03-19,GOOGL,2158.04,2169.14,2159.21,2162.35,44164394
2021-03-22,GOOGL,2230.48,2236.48,2211.81,2233.97,50968660
2021-03-23,GOOGL,2317.52,2312.66,2290.22,2300.82,49688396
2021-03-24,GOOGL,2337.71,2361.18,2319.48,2347.63,17496665
2021-03-25,GOOGL,2431.2,2430.5,2416.67,2427.9,51893340
2021-03-26,GOOGL,2446.52,2467.83,2449.43,2452.99,58277752
2021-03-29,GOOGL,2482.2,2486.71,2458.4,2485.46,41001420
2021-03-30,GOOGL,2496.83,2511.53,2496.88,2503.08,45997577
2021-03-31,GOOGL,2588.87,2585.04,2569.51,2579.81,39489580
2021-04-01,GOOGL,2561.58,2559.6,2540.26,2552.24,42527781
2021-04-02,GOOGL,2586.9,2583.61,2569.79,2577.6,44504456
2021-04-05,GOOGL,2597.61,2592.12,2576.24,2590.1,55602808
2021-04-06,GOOGL,2517.08,2512.3,2499.13,2508.82,35546001
2021-04-07,GOOGL,2501.23,2500.04,2494.84,2495.52,34815780
2021-04-08,GOOGL,2569.2,2569.2,2545.05,2562.48,49883898
2021-04-09,GOOGL,2521.28,2517.92,2490.89,2510.85,43804000
2021-04-12,GOOGL,2396.83,2401.18,2395.18,2398.63,55285392
2021-04-13,GOOGL,2420.07,2445.27,2427.8,2433.22,46588002
2021-04-14,GOOGL,2526.62,2528.62,2519.25,2523.89,54153796
2021-04-15,GOOGL,2438.0,2431.58,2428.21,2428.67,50476728
2021-04-16,GOOGL,2357.02,2370.74,2356.15,2365.66,41658409
2021-04-19,GOOGL,2391.66,2402.16,2381.37,2387.14,54730452
2021-04-20,GOOGL,2392.76,2400.3,2363.03,2391.96,39550749
2021-04-21,GOOGL,2426.42,2439.22,2437.05,2437.43,60168308
2021-04-22,GOOGL,2457.15,2469.72,2452.85,2462.87,52235994
2021-04-23,GOOGL,2432.92,2441.78,2410.16,2436.48,67967534
2021-04-26,GOOGL,2437.39,2456.64,2430.23,2454.59,41846888
2021-04-27,GOOGL,2433.48,2450.29,2429.14,2439.82,59979543
2021-04-28,GOOGL,2424.15,2439.74,2412.53,2425.05,45098326
2021-04-29,GOOGL,2470.74,2473.44,2466.47,2466.99,55452584
2021-04-30,GOOGL,2500.36,2505.63,2497.76,2502.99,50256723
2021-05-03,GOOGL,2502.54,2515.84,2513.75,2513.99,56673552
2021-05-04,GOOGL,2509.12,2534.91,2522.28,2522.28,46415538
2021-05-05,GOOGL,2515.53,2524.56,2489.18,2515.22,55136752
2021-05-06,GOOGL,2484.15,2490.53,2481.8,2489.6,45915801
2021-05-07,GOOGL,2455.62,2470.71,2453.24,2462.29,67679286
2021-05-10,GOOGL,2502.94,2524.4,2491.56,2501.12,53237550
2021-05-11,GOOGL,2446.01,2456.63,2432.4,2442.48,63567284
2021-05-12,GOOGL,2469.26,2466.65,2441.96,2461.13,41584925
2021-05-13,GOOGL,2490.61,2495.31,2480.78,2487.05,36165326
2021-05-14,GOOGL,2485.54,2486.49,2477.78,2483.2,58058977
2021-05-17,GOOGL,2486.5,2485.76,2465.8,2482.97,52008242
2021-05-18,GOOGL,2455.32,2454.11,2441.87,2445.9,50468785
2021-05-19,GOOGL,2371.74,2396.0,2367.07,2375.8,54367677
2021-05-20,GOOGL,2374.92,2383.08,2379.95,2381.1,49842223
2021-05-21,GOOGL,2358.18,2364.17,2355.96,2359.78,59221734
2021-05-24,GOOGL,2361.87,2367.88,2337.71,2355.83,55344685
2021-05-25,GOOGL,2376.08,2379.34,2368.03,2369.09,56141058
2021-05-26,GOOGL,2355.64,2366.95,2355.32,2356.39,45238008
2021-05-27,GOOGL,2366.1,2375.37,2353.09,2363.6,55996436
2021-05-28,GOOGL,2422.05,2414.44,2399.18,2412.63,44702217
2021-05-31,GOOGL,2375.34,2408.39,2380.13,2386.95,42497411
2021-06-01,GOOGL,2409.4,2419.07,2402.52,2410.37,41274054
2021-06-02,GOOGL,2388.43,2393.37,2384.19,2390.19,35352933
2021-06-03,GOOGL,2443.89,2440.68,2424.82,2434.47,41747871
2021-06-04,GOOGL,2420.4,2444.42,2383.46,2421.48,60387278
2021-06-07,GOOGL,2374.05,2386.31,2352.43,2374.48,39891185
2021-06-08,GOOGL,2376.0,2396.55,2369.71,2370.16,49642423
2021-06-09,GOOGL,2348.58,2366.56,2353.2,2360.33,50888229
2021-06-10,GOOGL,2467.56,2469.65,2452.22,2453.27,61041751
2021-06-11,GOOGL,2428.64,2436.61,2434.07,2434.1,49257478
2021-06-14,GOOGL,2414.89,2425.54,2415.1,2424.17,49587192
2021-06-15,GOOGL,2497.3,2492.69,2487.53,2491.66,48416803
2021-06-16,GOOGL,2561.32,2567.18,2558.14,2567.13,55030892
2021-06-17,GOOGL,2574.52,2580.19,2572.99,2579.46,52823526
2021-06-18,GOOGL,2606.15,2608.1,2602.7,2606.45,50985260
2021-06-21,GOOGL,2601.56,2599.36,2564.07,2599.13,56452969
2021-06-22,GOOGL,2616.1,2621.83,2601.44,2618.39,60550545
2021-06-23,GOOGL,2596.8,2617.94,2600.67,2605.43,55356402
2021-06-24,GOOGL,2578.35,2560.77,2538.39,2556.69,33460404
2021-06-25,GOOGL,2564.65,2572.74,2544.86,2558.12,46827716
2021-06-28,GOOGL,2616.33,2626.38,2611.67,2614.44,46960773
2021-06-29,GOOGL,2570.6,2593.38,2560.52,2577.43,48462148
2021-06-30,GOOGL,2579.86,2572.97,2571.72,2572.55,42527826
2021-07-01,GOOGL,2529.12,2554.44,2532.87,2538.74,45148700
2021-07-02,GOOGL,2535.05,2545.99,2514.67,2526.35,58199736
2021-07-05,GOOGL,2557.99,2574.44,2563.06,2565.61,47895119
2021-07-06,GOOGL,2585.84,2596.47,2577.71,2594.72,55002383
2021-07-07,GOOGL,2542.3,2545.13,2534.52,2543.93,55511266
2021-07-08,GOOGL,2519.0,2526.73,2498.91,2505.89,40039550
2021-07-09,GOOGL,2547.22,2556.45,2538.82,2555.89,50157847
2021-07-12,GOOGL,2533.92,2557.05,2518.86,2540.38,51938090
2021-07-13,GOOGL,2549.06,2547.5,2538.57,2541.13,53941265
2021-07-14,GOOGL,2535.5,2548.99,2525.04,2537.22,47989120
2021-07-15,GOOGL,2502.29,2493.24,2462.2,2488.02,40625862
2021-07-16,GOOGL,2548.41,2552.64,2544.94,2552.15,52079296
2021-07-19,GOOGL,2576.88,2588.31,2569.74,2579.73,45196403
2021-07-20,GOOGL,2527.16,2521.54,2501.35,2514.97,53051726
2021-07-21,GOOGL,2471.74,2506.22,2472.19,2485.13,46593959
2021-07-22,GOOGL,2478.23,2478.06,2476.76,2477.2,25846367
2021-07-23,GOOGL,2474.65,2506.41,2469.7,2478.78,28429632
2021-07-26,GOOGL,2448.92,2454.45,2432.9,2447.48,53444449
2021-07-27,GOOGL,2499.83,2495.91,2485.3,2494.71,37135305
2021-07-28,GOOGL,2542.88,2572.64,2542.79,2554.5,56012367
2021-07-29,GOOGL,2636.44,2634.43,2628.25,2631.63,46706035
2021-07-30,GOOGL,2704.85,2711.84,2704.9,2709.24,40670515
2021-08-02,GOOGL,2677.81,2687.81,2676.57,2683.11,70988412
2021-08-03,GOOGL,2644.95,2641.9,2632.14,2639.96,49413929
2021-08-04,GOOGL,2628.81,2636.79,2627.34,2630.85,34381214
2021-08-05,GOOGL,2612.47,2627.18,2603.49,2612.21,53587361
2021-08-06,GOOGL,2690.13,2694.89,2677.26,2687.67,62959976
2021-08-09,GOOGL,2716.05,2727.2,2690.14,2713.52,44715490
2021-08-10,GOOGL,2684.13,2688.98,2669.89,2672.04,45913276
2021-08-11,GOOGL,2704.3,2699.73,2680.95,2698.35,39053079
2021-08-12,GOOGL,2691.79,2704.97,2688.3,2700.36,53908699
2021-08-13,GOOGL,2681.88,2671.97,2616.72,2665.16,55505569
2021-08-16,GOOGL,2639.17,2648.31,2626.98,2633.5,31079150
2021-08-17,GOOGL,2629.22,2651.86,2613.69,2628.59,72033098
2021-08-18,GOOGL,2653.03,2657.9,2649.5,2656.23,62996312
2021-08-19,GOOGL,2632.66,2666.18,2635.15,2640.32,47188059
2021-08-20,GOOGL,2632.51,2646.18,2621.29,2630.43,49970545
2021-08-23,GOOGL,2593.09,2615.13,2585.45,2586.92,48916661
2021-08-24,GOOGL,2578.79,2571.77,2564.75,2565.81,62327283
2021-08-25,GOOGL,2611.42,2616.11,2589.42,2606.23,53763259
2021-08-26,GOOGL,2653.89,2639.05,2626.6,2632.56,49238143
2021-08-27,GOOGL,2680.59,2679.35,2662.49,2673.05,53644260
2021-08-30,GOOGL,2747.26,2757.65,2738.83,2745.52,58808068
2021-08-31,GOOGL,2745.07,2772.2,2745.38,2754.5,53081283
2021-09-01,GOOGL,2749.39,2759.67,2751.82,2752.2,49250624
2021-09-02,GOOGL,2751.23,2758.77,2751.77,2754.57,58566651
2021-09-03,GOOGL,2759.65,2795.41,2762.0,2764.22,76706753
2021-09-06,GOOGL,2788.82,2797.4,2775.38,2783.62,55356540
2021-09-07,GOOGL,2734.22,2740.68,2717.53,2735.65,42743825
2021-09-08,GOOGL,2754.76,2756.99,2745.77,2752.39,43931746
2021-09-09,GOOGL,2732.56,2754.61,2727.36,2742.0,34690723
2021-09-10,GOOGL,2703.68,2725.37,2694.73,2711.2,53073093
2021-09-13,GOOGL,2800.23,2797.66,2772.02,2791.86,40898012
2021-09-14,GOOGL,2792.15,2784.98,2783.04,2784.49,54086847
2021-09-15,GOOGL,2656.19,2672.22,2625.76,2654.79,52404876
2021-09-16,GOOGL,2673.62,2680.68,2658.89,2667.89,37448509
2021-09-17,GOOGL,2619.67,2606.38,2583.02,2606.37,55634043
2021-09-20,GOOGL,2571.04,2588.4,2571.15,2576.97,28560331
2021-09-21,GOOGL,2564.41,2590.36,2580.98,2582.23,51698266
2021-09-22,GOOGL,2480.74,2496.32,2476.34,2482.82,55627198
2021-09-23,GOOGL,2422.26,2445.84,2435.24,2444.96,45527756
2021-09-24,GOOGL,2436.8,2447.45,2427.23,2445.05,43788407
2021-09-27,GOOGL,2367.96,2388.98,2368.16,2371.08,49475173
2021-09-28,GOOGL,2399.42,2400.32,2364.44,2396.16,45347545
2021-09-29,GOOGL,2375.88,2380.26,2357.76,2375.6,57834681
2021-09-30,GOOGL,2343.16,2362.73,2335.4,2353.23,29321816
2021-10-01,GOOGL,2308.27,2328.56,2306.3,2310.77,47803129
2021-10-04,GOOGL,2364.99,2362.46,2345.19,2354.32,45443375
2021-10-05,GOOGL,2371.79,2385.9,2372.01,2383.02,33544877
2021-10-06,GOOGL,2367.5,2379.59,2362.94,2369.06,57200135
2021-10-07,GOOGL,2349.12,2364.25,2350.41,2354.55,40659944
2021-10-08,GOOGL,2301.38,2295.52,2288.2,2294.73,35526039
2021-10-11,GOOGL,2274.13,2296.37,2265.05,2275.74,37841560
2021-10-12,GOOGL,2228.45,2244.79,2225.65,2227.55,33036837
2021-10-13,GOOGL,2245.72,2254.2,2228.35,2241.23,38705144
2021-10-14,GOOGL,2245.78,2260.88,2233.14,2253.36,58881573
2021-10-15,GOOGL,2286.5,2303.54,2276.76,2285.84,57810089
2021-10-18,GOOGL,2261.16,2270.85,2254.0,2263.55,50177525
2021-10-19,GOOGL,2234.77,2259.47,2239.62,2240.97,42841740
2021-10-20,GOOGL,2258.86,2254.87,2231.41,2246.41,53086752
2021-10-21,GOOGL,2263.07,2265.17,2263.86,2264.07,60177959
2021-10-22,GOOGL,2266.02,2273.38,2259.78,2264.69,41960796
2021-10-25,GOOGL,2307.5,2319.31,2305.93,2309.68,46460486
2021-10-26,GOOGL,2331.56,2341.0,2321.01,2337.3,51693774
2021-10-27,GOOGL,2308.15,2314.09,2309.04,2309.23,61884749
2021-10-28,GOOGL,2286.75,2292.68,2277.18,2285.97,38044246
2021-10-29,GOOGL,2263.34,2263.58,2242.13,2262.66,66546683
2021-11-01,GOOGL,2274.51,2275.93,2254.05,2271.54,43572784
2021-11-02,GOOGL,2295.98,2292.9,2266.78,2289.55,60949340
2021-11-03,GOOGL,2363.7,2362.77,2354.86,2357.79,58498203
2021-11-04,GOOGL,2415.34,2421.08,2418.54,2420.54,55374620
2021-11-05,GOOGL,2365.69,2370.71,2354.6,2361.55,51382252
2021-11-08,GOOGL,2416.14,2430.97,2413.07,2420.41,41203261
2021-11-09,GOOGL,2452.43,2454.95,2429.5,2442.73,41209837
2021-11-10,GOOGL,2448.22,2436.66,2425.69,2436.46,33145076
2021-11-11,GOOGL,2421.5,2428.25,2408.04,2425.03,54277689
2021-11-12,GOOGL,2417.11,2433.84,2380.48,2415.18,51116941
2021-11-15,GOOGL,2360.27,2376.82,2371.77,2373.72,39297445
2021-11-16,GOOGL,2412.82,2428.24,2400.45,2404.86,48442446
2021-11-17,GOOGL,2411.87,2415.6,2382.52,2402.5,39336369
2021-11-18,GOOGL,2403.68,2404.21,2397.77,2400.88,58205768
2021-11-19,GOOGL,2430.38,2460.94,2436.34,2440.36,53582345
2021-11-22,GOOGL,2520.15,2520.89,2506.26,2514.9,51914420
2021-11-23,GOOGL,2507.79,2527.8,2487.48,2516.18,46096958
2021-11-24,GOOGL,2554.52,2562.69,2554.72,2561.37,56568058
2021-11-25,GOOGL,2606.47,2631.98,2610.13,2618.06,46483257
2021-11-26,GOOGL,2700.23,2715.83,2679.92,2700.68,53630984
2021-11-29,GOOGL,2662.52,2699.64,2667.51,2668.83,42161582
2021-11-30,GOOGL,2647.71,2656.52,2654.63,2654.75,47797904
2021-12-01,GOOGL,2578.92,2585.18,2544.3,2581.16,59191861
2021-12-02,GOOGL,2513.25,2547.54,2523.78,2538.44,48486370
2021-12-03,GOOGL,2404.62,2424.09,2422.57,2422.66,69248383
2021-12-06,GOOGL,2421.6,2445.05,2416.88,2434.72,37708289
2021-12-07,GOOGL,2350.75,2367.24,2342.21,2346.11,53010012
2021-12-08,GOOGL,2369.35,2369.51,2365.38,2368.59,43914081
2021-12-09,GOOGL,2357.27,2371.01,2366.46,2367.77,36550133
2021-12-10,GOOGL,2401.84,2413.44,2402.69,2409.74,35268541
2021-12-13,GOOGL,2387.41,2380.82,2370.27,2378.18,51795233
2021-12-14,GOOGL,2457.24,2454.44,2419.94,2449.48,34904483
2021-12-15,GOOGL,2470.12,2469.02,2433.15,2459.5,42581793
2021-12-16,GOOGL,2455.68,2458.47,2444.87,2455.47,39751051
2021-12-17,GOOGL,2431.38,2428.32,2413.27,2428.26,42265850
2021-12-20,GOOGL,2473.03,2459.17,2443.5,2454.42,46411736
2021-12-21,GOOGL,2487.1,2496.15,2485.49,2486.88,48063163
2021-12-22,GOOGL,2570.91,2589.85,2578.3,2585.88,54319965
2021-12-23,GOOGL,2633.86,2641.12,2601.11,2634.17,50171838
2021-12-24,GOOGL,2658.89,2692.54,2660.67,2665.74,38330821
2021-12-27,GOOGL,2681.5,2681.67,2667.96,2675.25,54653840
2021-12-28,GOOGL,2658.65,2690.26,2671.72,2678.18,52357870
2021-12-29,GOOGL,2683.48,2682.9,2673.62,2680.38,48896168
2021-12-30,GOOGL,2683.94,2702.38,2675.7,2683.53,42641464
2021-12-31,GOOGL,2722.49,2730.5,2718.6,2721.54,57462775
2022-01-03,GOOGL,2771.75,2771.44,2732.77,2761.85,65273082
2022-01-04,GOOGL,2725.63,2744.9,2729.44,2741.65,42612847
2022-01-05,GOOGL,2713.07,2723.88,2706.02,2719.06,49889936
2022-01-06,GOOGL,2705.82,2693.94,2677.48,2686.63,61256799
2022-01-07,GOOGL,2700.8,2706.53,2694.2,2698.16,44866869
2022-01-10,GOOGL,2737.63,2752.18,2729.73,2733.07,47124158
2022-01-11,GOOGL,2734.72,2727.0,2713.74,2725.12,39819623
2022-01-12,GOOGL,2740.69,2745.75,2727.09,2740.09,40903678
2022-01-13,GOOGL,2791.88,2818.12,2793.01,2802.17,36423012
2022-01-14,GOOGL,2868.97,2882.43,2872.61,2874.63,59076118
2022-01-17,GOOGL,2832.38,2849.13,2825.49,2837.87,57582823
2022-01-18,GOOGL,2874.37,2886.83,2863.12,2878.23,51568987
2022-01-19,GOOGL,2833.63,2859.74,2806.16,2840.27,44904334
2022-01-20,GOOGL,2712.41,2731.1,2703.69,2712.16,65731360
2022-01-21,GOOGL,2780.85,2786.32,2775.95,2780.3,23449179
2022-01-24,GOOGL,2721.74,2720.75,2711.0,2719.38,41075350
2022-01-25,GOOGL,2769.45,2781.72,2748.3,2761.25,44407742
2022-01-26,GOOGL,2812.97,2811.94,2802.71,2809.89,48785128
2022-01-27,GOOGL,2768.68,2773.49,2758.67,2772.35,58933472
2022-01-28,GOOGL,2803.16,2810.35,2786.67,2806.16,65095468
2022-01-31,GOOGL,2826.02,2826.99,2814.22,2826.77,47962404
2022-02-01,GOOGL,2775.86,2774.01,2759.85,2770.99,63062804
2022-02-02,GOOGL,2709.75,2740.97,2715.96,2717.7,57577547
2022-02-03,GOOGL,2692.76,2700.48,2693.92,2699.38,57239970
2022-02-04,GOOGL,2678.37,2707.4,2680.68,2688.09,38467398
2022-02-07,GOOGL,2745.58,2756.85,2708.72,2740.46,46961365
2022-02-08,GOOGL,2725.84,2736.31,2728.85,2732.01,64761148
2022-02-09,GOOGL,2662.49,2674.51,2660.01,2668.58,39762655
2022-02-10,GOOGL,2720.3,2726.52,2704.84,2713.07,50347412
2022-02-11,GOOGL,2632.96,2659.17,2629.16,2636.15,52557842
2022-02-14,GOOGL,2670.17,2689.68,2641.46,2663.57,57430096
2022-02-15,GOOGL,2647.76,2669.25,2646.37,2658.79,67497665
2022-02-16,GOOGL,2608.52,2608.26,2590.14,2593.54,46917433
2022-02-17,GOOGL,2584.08,2611.82,2589.36,2593.25,45827651
2022-02-18,GOOGL,2657.03,2652.1,2625.57,2651.16,43551910
2022-02-21,GOOGL,2690.06,2665.72,2645.52,2654.39,60186245
2022-02-22,GOOGL,2700.9,2700.41,2670.9,2692.02,68816212
2022-02-23,GOOGL,2763.71,2792.56,2756.68,2772.06,40560593
2022-02-24,GOOGL,2803.44,2795.41,2758.63,2787.51,49935384
2022-02-25,GOOGL,2858.5,2897.23,2869.36,2875.84,47820316
2022-02-28,GOOGL,2847.86,2850.26,2846.05,2847.32,55236847
2022-03-01,GOOGL,2794.9,2798.97,2787.09,2793.22,59574098
2022-03-02,GOOGL,2735.39,2743.47,2738.0,2739.62,58998294
2022-03-03,GOOGL,2718.02,2716.66,2699.52,2709.14,45075558
2022-03-04,GOOGL,2739.27,2757.13,2729.14,2730.16,66713540
2022-03-07,GOOGL,2765.41,2776.36,2767.21,2776.13,42199568
2022-03-08,GOOGL,2743.55,2781.19,2739.2,2750.38,39560790
2022-03-09,GOOGL,2781.71,2778.09,2761.03,2776.11,36196101
2022-03-10,GOOGL,2751.13,2760.08,2738.58,2741.37,48503190
2022-03-11,GOOGL,2695.44,2704.11,2686.95,2700.02,52009257
2022-03-14,GOOGL,2718.41,2744.85,2722.97,2723.2,43515851
2022-03-15,GOOGL,2739.8,2737.59,2711.21,2730.07,61818282
2022-03-16,GOOGL,2708.32,2722.59,2708.44,2709.55,43911768
2022-03-17,GOOGL,2665.15,2660.21,2654.29,2659.66,56651060
2022-03-18,GOOGL,2701.66,2724.62,2702.14,2707.57,37795857
2022-03-21,GOOGL,2702.72,2704.46,2685.07,2690.08,55488785
2022-03-22,GOOGL,2666.71,2689.71,2668.24,2674.2,68588026
2022-03-23,GOOGL,2695.87,2686.62,2674.88,2686.37,55172754
2022-03-24,GOOGL,2721.91,2721.38,2703.17,2714.49,43312217
2022-03-25,GOOGL,2655.24,2661.75,2633.15,2654.03,45527548
2022-03-28,GOOGL,2702.67,2712.16,2691.86,2706.84,59999910
2022-03-29,GOOGL,2820.23,2812.1,2793.07,2797.16,50665888
2022-03-30,GOOGL,2786.7,2812.09,2800.47,2801.04,61322873
2022-03-31,GOOGL,2709.5,2718.05,2696.02,2712.4,43063035
2022-04-01,GOOGL,2753.91,2763.35,2734.83,2751.64,48170767
2022-04-04,GOOGL,2695.08,2706.58,2691.72,2697.99,47086679
2022-04-05,GOOGL,2724.71,2735.56,2715.53,2719.37,55652002
2022-04-06,GOOGL,2754.89,2759.26,2746.14,2758.72,53428534
2022-04-07,GOOGL,2837.29,2846.96,2828.66,2840.09,51104687
2022-04-08,GOOGL,2905.09,2921.21,2892.03,2910.09,62562213
2022-04-11,GOOGL,2924.02,2934.62,2905.91,2917.86,59944102
2022-04-12,GOOGL,2917.72,2956.0,2907.83,2919.86,41842939
2022-04-13,GOOGL,2889.92,2880.3,2868.45,2875.48,64663118
2022-04-14,GOOGL,2916.7,2922.89,2895.99,2905.76,44369338
2022-04-15,GOOGL,2952.85,2966.11,2958.33,2959.09,49057561
2022-04-18,GOOGL,2966.91,2984.58,2956.1,2969.25,50448231
2022-04-19,GOOGL,3007.99,3015.56,2982.16,3001.92,34820508
2022-04-20,GOOGL,3060.43,3067.23,3041.13,3064.84,53791236
2022-04-21,GOOGL,3038.1,3040.25,3028.7,3039.95,40629423
2022-04-22,GOOGL,3008.28,3048.03,3001.12,3026.62,60910279
2022-04-25,GOOGL,3023.82,3053.99,3031.58,3039.94,55844887
2022-04-26,GOOGL,3000.79,3016.18,2975.65,2995.39,51394524
2022-04-27,GOOGL,3033.45,3044.24,3027.7,3034.09,44885624
2022-04-28,GOOGL,3034.85,3039.72,3019.19,3025.09,41833869
2022-04-29,GOOGL,3072.57,3090.07,3084.6,3088.32,31927376
2022-05-02,GOOGL,3112.19,3108.9,3086.28,3096.68,57349359
2022-05-03,GOOGL,3041.53,3053.38,3015.1,3052.91,55282699
2022-05-04,GOOGL,3034.84,3049.1,3019.11,3038.37,61189122
2022-05-05,GOOGL,3141.99,3148.6,3135.21,3147.56,50192593
2022-05-06,GOOGL,3138.89,3152.44,3121.01,3139.92,65336228
2022-05-09,GOOGL,3212.14,3231.67,3209.74,3218.05,41876186
2022-05-10,GOOGL,3257.61,3288.01,3257.15,3268.21,58235461
2022-05-11,GOOGL,3284.49,3292.22,3251.75,3270.41,64608187
2022-05-12,GOOGL,3258.71,3298.24,3261.98,3279.24,39163341
2022-05-13,GOOGL,3289.01,3293.35,3281.2,3284.16,46959347
2022-05-16,GOOGL,3223.9,3227.38,3212.03,3226.53,63427769
2022-05-17,GOOGL,3208.27,3242.31,3190.85,3213.85,38888762
2022-05-18,GOOGL,3221.19,3230.96,3204.56,3212.43,62084399
2022-05-19,GOOGL,3175.38,3184.66,3162.63,3173.94,43139384
2022-05-20,GOOGL,3164.57,3158.43,3132.62,3157.32,45213078
2022-05-23,GOOGL,3033.25,3018.32,3006.77,3017.96,44145549
2022-05-24,GOOGL,2959.23,2973.7,2956.37,2966.16,55095013
2022-05-25,GOOGL,2923.04,2939.23,2892.79,2917.97,47357907
2022-05-26,GOOGL,2912.35,2926.36,2904.77,2918.97,53661465
2022-05-27,GOOGL,2896.42,2899.21,2894.15,2896.48,57355668
2022-05-30,GOOGL,2916.97,2942.23,2900.38,2920.21,68286252
2022-05-31,GOOGL,2876.8,2884.59,2873.86,2881.59,51782397
2022-06-01,GOOGL,2971.67,2954.04,2935.48,2947.32,50785732
2022-06-02,GOOGL,2935.86,2941.91,2914.43,2921.28,41293572
2022-06-03,GOOGL,3006.35,2992.3,2970.0,2989.29,38673927
2022-06-06,GOOGL,3044.15,3073.0,3035.53,3051.51,55036366
2022-06-07,GOOGL,3059.76,3056.89,3052.11,3054.34,56682481
2022-06-08,GOOGL,3104.17,3137.32,3108.7,3109.03,56135361
2022-06-09,GOOGL,3052.22,3063.72,3038.1,3053.36,37918075
2022-06-10,GOOGL,2991.89,2982.52,2964.77,2981.79,51108805
2022-06-13,GOOGL,3055.12,3080.44,3076.7,3078.83,45526370
2022-06-14,GOOGL,3126.36,3146.45,3109.07,3122.03,60468790
2022-06-15,GOOGL,3130.98,3159.5,3119.98,3123.84,40525771
2022-06-16,GOOGL,3121.98,3130.37,3072.39,3112.39,49962514
2022-06-17,GOOGL,3192.4,3206.88,3187.54,3193.19,55661773
2022-06-20,GOOGL,3240.98,3249.1,3225.94,3243.87,40028564
2022-06-21,GOOGL,3228.8,3245.13,3222.33,3241.8,54473862
2022-06-22,GOOGL,3236.72,3224.7,3216.23,3222.02,62617611
2022-06-23,GOOGL,3165.23,3167.94,3146.1,3159.52,49585420
2022-06-24,GOOGL,3105.86,3113.87,3095.26,3103.28,67037271
2022-06-27,GOOGL,3079.92,3086.17,3068.75,3070.42,35531170
2022-06-28,GOOGL,3127.97,3145.76,3131.52,3143.06,57065207
2022-06-29,GOOGL,3132.7,3138.38,3121.58,3135.7,45134187
2022-06-30,GOOGL,3157.55,3142.4,3107.89,3131.91,36365957
2022-07-01,GOOGL,3143.18,3170.1,3110.88,3142.26,51743675
2022-07-04,GOOGL,3197.8,3213.34,3204.54,3206.94,64990120
2022-07-05,GOOGL,3257.29,3276.17,3255.26,3255.88,46543463
2022-07-06,GOOGL,3294.61,3311.11,3294.25,3297.39,64989584
2022-07-07,GOOGL,3351.38,3349.14,3320.65,3347.93,56980834
2022-07-08,GOOGL,3199.59,3205.75,3195.04,3201.71,40926190
2022-07-11,GOOGL,3204.66,3217.64,3188.27,3195.4,41936687
2022-07-12,GOOGL,3235.54,3235.5,3229.78,3235.47,56416252
2022-07-13,GOOGL,3084.82,3125.89,3097.38,3103.85,44694196
2022-07-14,GOOGL,3104.92,3115.24,3091.67,3102.39,60092949
2022-07-15,GOOGL,3033.86,3064.85,3044.89,3056.06,51417117
2022-07-18,GOOGL,3091.33,3118.76,3089.48,3102.99,50216055
2022-07-19,GOOGL,3156.17,3147.83,3140.85,3145.4,42608634
2022-07-20,GOOGL,3123.67,3161.21,3132.5,3135.59,43306439
2022-07-21,GOOGL,3092.29,3095.29,3075.93,3089.77,42639347
2022-07-22,GOOGL,2990.68,2990.61,2983.82,2986.04,43270127
2022-07-25,GOOGL,2950.09,2955.91,2927.58,2949.99,54245850
2022-07-26,GOOGL,2943.99,2958.65,2921.79,2935.99,57107740
2022-07-27,GOOGL,2942.85,2937.36,2915.53,2928.62,59885261
2022-07-28,GOOGL,2935.04,2951.96,2930.5,2932.78,57090297
2022-07-29,GOOGL,2981.66,2998.91,2965.99,2997.48,54193418
2022-08-01,GOOGL,2947.44,2988.61,2957.4,2960.38,48385721
2022-08-02,GOOGL,2971.29,2979.79,2940.88,2963.21,50980804
2022-08-03,GOOGL,3002.17,3019.68,2993.11,3013.18,37081925
2022-08-04,GOOGL,3043.15,3059.85,3028.84,3037.42,34765579
2022-08-05,GOOGL,3045.53,3057.59,3025.33,3047.4,57159171
2022-08-08,GOOGL,2911.82,2924.97,2900.43,2905.57,45872807
2022-08-09,GOOGL,2826.92,2834.19,2825.48,2826.65,60876069
2022-08-10,GOOGL,2856.31,2889.74,2860.04,2862.24,48115831
2022-08-11,GOOGL,2882.5,2897.06,2861.28,2882.42,66095416
2022-08-12,GOOGL,2880.73,2885.87,2865.42,2872.5,41902394
2022-08-15,GOOGL,2834.33,2836.92,2814.9,2836.63,52528766
2022-08-16,GOOGL,2928.96,2924.64,2909.64,2918.76,40353424
2022-08-17,GOOGL,2921.97,2947.54,2911.07,2912.22,59637378
2022-08-18,GOOGL,2847.33,2848.93,2842.43,2844.51,42458875
2022-08-19,GOOGL,2804.75,2801.47,2793.45,2794.82,68173108
2022-08-22,GOOGL,2854.88,2870.68,2844.03,2858.39,52099260
2022-08-23,GOOGL,2835.16,2838.77,2820.41,2830.61,60251346
2022-08-24,GOOGL,2782.89,2803.79,2781.06,2790.77,55321161
2022-08-25,GOOGL,2848.83,2853.12,2845.88,2846.18,51364269
2022-08-26,GOOGL,2796.71,2813.41,2794.94,2796.04,50113323
2022-08-29,GOOGL,2826.18,2830.45,2819.45,2827.41,68233589
2022-08-30,GOOGL,2830.37,2865.33,2827.2,2832.19,41005520
2022-08-31,GOOGL,2771.22,2781.66,2755.76,2767.94,44738346
2022-09-01,GOOGL,2794.65,2795.12,2776.1,2777.32,38241890
2022-09-02,GOOGL,2753.12,2779.22,2758.76,2771.74,35568847
2022-09-05,GOOGL,2756.87,2789.56,2764.96,2768.09,38028334
2022-09-06,GOOGL,2855.89,2852.12,2829.89,2843.29,60110970
2022-09-07,GOOGL,2903.55,2916.18,2880.26,2902.39,53351261
2022-09-08,GOOGL,2928.01,2942.07,2895.17,2920.48,39033749
2022-09-09,GOOGL,2956.22,2968.67,2949.58,2961.64,35543897
2022-09-12,GOOGL,2970.43,2976.19,2953.08,2964.74,66881570
2022-09-13,GOOGL,2977.68,2991.07,2962.42,2983.3,35117417
2022-09-14,GOOGL,3007.12,3015.34,2957.31,2994.05,71639763
2022-09-15,GOOGL,3006.18,3006.49,2991.35,2998.23,37844567
2022-09-16,GOOGL,2890.19,2888.81,2856.5,2877.44,68156774
2022-09-19,GOOGL,2800.75,2832.17,2800.61,2814.0,46097324
2022-09-20,GOOGL,2788.18,2799.43,2771.87,2789.0,43140654
2022-09-21,GOOGL,2809.44,2814.29,2803.72,2811.24,70360428
2022-09-22,GOOGL,2792.41,2808.15,2785.46,2793.61,35847660
2022-09-23,GOOGL,2895.86,2899.57,2889.01,2894.47,67301167
2022-09-26,GOOGL,2818.93,2821.73,2788.43,2817.84,37646660
2022-09-27,GOOGL,2788.24,2793.97,2772.51,2791.09,58266517
2022-09-28,GOOGL,2739.87,2747.8,2721.52,2728.1,50688746
2022-09-29,GOOGL,2736.82,2745.66,2726.64,2741.84,56882851
2022-09-30,GOOGL,2699.33,2733.33,2695.66,2706.49,55496698
2022-10-03,GOOGL,2702.16,2715.46,2707.95,2711.03,66133589
2022-10-04,GOOGL,2754.31,2769.56,2743.6,2750.87,51973684
2022-10-05,GOOGL,2788.86,2817.87,2798.92,2801.62,67796618
2022-10-06,GOOGL,2814.84,2836.27,2821.92,2827.66,60553530
2022-10-07,GOOGL,2770.84,2765.28,2758.86,2762.23,51065446
2022-10-10,GOOGL,2792.12,2791.79,2790.95,2791.4,48109420
2022-10-11,GOOGL,2715.16,2727.63,2713.86,2717.19,48441909
2022-10-12,GOOGL,2701.73,2715.9,2697.55,2704.22,50051431
2022-10-13,GOOGL,2710.9,2724.78,2708.31,2722.32,75974372
2022-10-14,GOOGL,2677.09,2681.13,2667.29,2674.2,55208656
2022-10-17,GOOGL,2653.84,2659.49,2655.51,2656.33,52454097
2022-10-18,GOOGL,2710.9,2702.54,2702.03,2702.24,59613603
2022-10-19,GOOGL,2776.81,2796.15,2759.26,2771.81,41143476
2022-10-20,GOOGL,2787.77,2798.71,2772.53,2784.07,58713536
2022-10-21,GOOGL,2730.94,2739.43,2733.36,2737.48,41208468
2022-10-24,GOOGL,2725.6,2743.61,2723.86,2732.66,56521678
2022-10-25,GOOGL,2706.29,2718.92,2692.25,2697.2,56559605
2022-10-26,GOOGL,2699.09,2703.83,2692.95,2698.21,39315625
2022-10-27,GOOGL,2677.51,2687.16,2666.13,2684.26,54105067
2022-10-28,GOOGL,2698.45,2689.89,2673.51,2685.75,41620207
2022-10-31,GOOGL,2701.34,2704.21,2697.14,2697.63,36297434
2022-11-01,GOOGL,2697.37,2714.49,2674.66,2698.43,50416812
2022-11-02,GOOGL,2789.79,2810.84,2786.35,2794.98,59565494
2022-11-03,GOOGL,2755.16,2765.84,2746.29,2750.88,47432661
2022-11-04,GOOGL,2720.9,2744.18,2720.9,2724.26,49198629
2022-11-07,GOOGL,2728.7,2747.86,2726.04,2733.77,58452803
2022-11-08,GOOGL,2684.21,2719.78,2669.59,2696.11,63615382
2022-11-09,GOOGL,2698.34,2704.65,2690.65,2697.88,49252187
2022-11-10,GOOGL,2749.16,2746.05,2724.86,2744.05,43822037
2022-11-11,GOOGL,2720.01,2733.23,2706.74,2723.32,42015272
2022-11-14,GOOGL,2753.87,2739.68,2734.31,2738.35,59130708
2022-11-15,GOOGL,2746.47,2759.92,2733.77,2740.62,38289589
2022-11-16,GOOGL,2829.93,2835.81,2834.91,2835.6,54967377
2022-11-17,GOOGL,2792.42,2814.34,2765.86,2784.2,36095709
2022-11-18,GOOGL,2786.06,2811.36,2786.18,2794.46,43499062
2022-11-21,GOOGL,2759.38,2783.75,2754.16,2775.37,56559191
2022-11-22,GOOGL,2714.62,2732.17,2691.77,2719.1,65107316
2022-11-23,GOOGL,2741.8,2748.07,2717.81,2731.71,51040464
2022-11-24,GOOGL,2814.93,2833.32,2812.1,2821.73,56273984
2022-11-25,GOOGL,2833.74,2840.01,2822.95,2832.65,41831384
2022-11-28,GOOGL,2737.35,2750.13,2715.91,2736.47,53330021
2022-11-29,GOOGL,2755.75,2755.76,2748.13,2751.86,57349648
2022-11-30,GOOGL,2821.59,2832.6,2828.38,2829.29,54359463
2022-12-01,GOOGL,2858.12,2863.38,2852.84,2860.63,56709926
2022-12-02,GOOGL,2894.48,2916.59,2901.83,2903.54,43880869
2022-12-05,GOOGL,2936.36,2968.26,2927.36,2932.35,44439474
2022-12-06,GOOGL,2899.56,2897.6,2857.76,2887.83,27698697
2022-12-07,GOOGL,2888.68,2893.74,2864.07,2876.8,52010669
2022-12-08,GOOGL,2833.14,2841.86,2822.66,2833.51,51728916
2022-12-09,GOOGL,2917.82,2948.57,2920.07,2920.58,59465485
2022-12-12,GOOGL,2930.11,2947.0,2933.26,2938.33,62112654
2022-12-13,GOOGL,2980.78,2990.67,2958.23,2977.05,64809924
2022-12-14,GOOGL,2996.01,2999.51,2996.13,2996.22,44806086
2022-12-15,GOOGL,3079.24,3080.21,3074.2,3075.66,79798545
2022-12-16,GOOGL,3019.08,3033.96,3000.34,3021.19,52455184
2022-12-19,GOOGL,2995.39,3008.0,2997.77,2999.91,53101758
2022-12-20,GOOGL,3064.54,3064.93,3041.13,3054.59,52828281
2022-12-21,GOOGL,3043.27,3059.83,3042.1,3048.06,57316723
2022-12-22,GOOGL,3079.36,3076.87,3048.4,3066.19,45730196
2022-12-23,GOOGL,3009.95,3020.07,2976.03,3013.45,46749035
2022-12-26,GOOGL,3006.68,3007.63,2993.65,3005.39,60755949
2022-12-27,GOOGL,3016.71,3038.5,3016.51,3021.71,50529394
2022-12-28,GOOGL,3103.7,3089.54,3085.88,3087.24,58762059
2022-12-29,GOOGL,3098.26,3147.35,3109.2,3116.83,58326657
2022-12-30,GOOGL,3034.43,3045.55,3012.65,3038.69,46362154
2023-01-02,GOOGL,2996.03,3007.7,2986.96,3002.46,55451408
2023-01-03,GOOGL,2948.43,2960.07,2952.48,2957.27,36882795
2023-01-04,GOOGL,2977.64,2998.47,2980.55,2981.73,51556753
2023-01-05,GOOGL,2975.99,2989.19,2947.83,2985.57,41547698
2023-01-06,GOOGL,2996.28,2996.75,2984.45,2993.97,36992649
2023-01-09,GOOGL,3067.54,3083.97,3045.21,3064.48,44045756
2023-01-10,GOOGL,3079.44,3088.7,3039.79,3072.52,52949347
2023-01-11,GOOGL,3056.63,3059.83,3036.26,3057.04,41138873
2023-01-12,GOOGL,2973.27,2986.68,2975.36,2979.04,60260141
2023-01-13,GOOGL,2957.01,2962.12,2959.88,2960.13,52358650
2023-01-16,GOOGL,3017.41,3033.08,3008.48,3015.85,51537638
2023-01-17,GOOGL,3065.7,3059.88,3051.78,3059.13,44956347
2023-01-18,GOOGL,3072.02,3078.85,3072.95,3074.99,54710804
2023-01-19,GOOGL,3065.42,3086.32,3079.97,3080.24,50313684
2023-01-20,GOOGL,3073.54,3088.35,3075.45,3084.6,56246066
2023-01-23,GOOGL,3072.28,3074.97,3068.01,3072.34,45507146
2023-01-24,GOOGL,3027.46,3033.14,3016.85,3025.98,54104602
2023-01-25,GOOGL,2994.03,3016.83,2962.4,2998.78,56234171
2023-01-26,GOOGL,3092.41,3105.25,3088.38,3093.03,41673927
2023-01-27,GOOGL,3128.09,3146.79,3129.83,3137.9,36787662
2023-01-30,GOOGL,3180.81,3190.61,3185.26,3188.69,35364968
2023-01-31,GOOGL,3235.32,3239.75,3224.38,3239.07,47631821
2023-02-01,GOOGL,3274.43,3289.34,3264.27,3277.34,56145472
2023-02-02,GOOGL,3350.25,3338.55,3328.24,3336.81,43455542
2023-02-03,GOOGL,3383.16,3372.73,3340.7,3371.75,22421463
2023-02-06,GOOGL,3259.81,3274.67,3257.45,3266.06,51478220
2023-02-07,GOOGL,3134.65,3146.16,3131.16,3135.08,50208414
2023-02-08,GOOGL,3181.9,3161.53,3131.45,3161.07,62008008
2023-02-09,GOOGL,3107.37,3102.69,3093.69,3097.35,28407310
2023-02-10,GOOGL,3069.5,3100.92,3069.48,3073.86,50796940
2023-02-13,GOOGL,3049.49,3056.78,3035.9,3045.34,55513983
2023-02-14,GOOGL,3042.51,3046.62,3036.13,3037.94,28232202
2023-02-15,GOOGL,3056.94,3063.04,3057.36,3058.31,24338806
2023-02-16,GOOGL,3035.21,3065.19,3037.81,3038.01,50169061
2023-02-17,GOOGL,3060.37,3066.54,3052.97,3056.47,66766508
2023-02-20,GOOGL,3122.53,3143.26,3096.7,3106.9,42093263
2023-02-21,GOOGL,3126.55,3137.17,3117.74,3125.72,59104611
2023-02-22,GOOGL,3109.44,3117.25,3070.05,3091.45,60013261
2023-02-23,GOOGL,3086.99,3094.47,3080.42,3088.25,49515041
2023-02-24,GOOGL,3143.51,3182.53,3148.36,3151.51,44542739
2023-02-27,GOOGL,3163.31,3159.73,3125.0,3143.53,53026135
2023-02-28,GOOGL,3092.69,3115.56,3084.61,3102.89,41969575
2023-03-01,GOOGL,3197.84,3190.3,3147.37,3186.27,46936186
2023-03-02,GOOGL,3097.01,3098.16,3085.2,3093.26,67984149
2023-03-03,GOOGL,3038.17,3053.01,3041.62,3052.29,58855273
2023-03-06,GOOGL,3069.81,3080.5,3069.57,3076.14,39943049
2023-03-07,GOOGL,3086.57,3097.1,3054.46,3079.22,50291744
2023-03-08,GOOGL,3093.97,3093.92,3077.87,3093.74,36651731
2023-03-09,GOOGL,3080.29,3114.11,3076.13,3088.84,49275709
2023-03-10,GOOGL,3054.81,3049.79,3032.97,3048.84,74841440
2023-03-13,GOOGL,3106.34,3111.4,3097.71,3108.23,38724957
2023-03-14,GOOGL,3177.02,3190.43,3170.59,3174.41,62409391
2023-03-15,GOOGL,3217.05,3242.21,3214.75,3218.67,61130006
2023-03-16,GOOGL,3265.35,3294.63,3254.76,3273.05,61140824
2023-03-17,GOOGL,3238.05,3268.05,3234.74,3243.38,67897907
2023-03-20,GOOGL,3275.6,3262.66,3254.03,3260.05,53585544
2023-03-21,GOOGL,3230.54,3252.91,3238.85,3240.04,60288774
2023-03-22,GOOGL,3150.82,3149.79,3137.99,3147.59,42827170
2023-03-23,GOOGL,3188.33,3196.2,3181.75,3182.1,54629127
2023-03-24,GOOGL,3156.03,3167.86,3147.64,3149.01,65291010
2023-03-27,GOOGL,3214.21,3224.53,3203.48,3206.57,52135965
2023-03-28,GOOGL,3151.32,3150.57,3141.78,3145.81,48720030
2023-03-29,GOOGL,3122.35,3118.95,3088.33,3108.74,47685819
2023-03-30,GOOGL,3109.0,3130.92,3112.98,3122.2,58240865
2023-03-31,GOOGL,3135.45,3148.56,3126.83,3138.59,37012583
2023-04-03,GOOGL,3224.17,3250.31,3219.05,3226.34,48028920
2023-04-04,GOOGL,3255.81,3295.47,3257.44,3266.76,65476407
2023-04-05,GOOGL,3159.79,3190.66,3170.74,3174.65,61121490
2023-04-06,GOOGL,3233.45,3228.7,3198.85,3219.45,48868293
2023-04-07,GOOGL,3199.98,3233.65,3185.99,3197.52,63635459
2023-04-10,GOOGL,3224.26,3222.38,3212.96,3214.25,30078144
2023-04-11,GOOGL,3215.57,3222.86,3192.53,3200.72,64147438
2023-04-12,GOOGL,3224.22,3207.74,3194.05,3198.65,68744244
2023-04-13,GOOGL,3208.69,3216.09,3204.47,3206.34,37566412
2023-04-14,GOOGL,3219.7,3232.97,3182.84,3211.73,63747979
2023-04-17,GOOGL,3188.42,3211.18,3173.22,3184.21,46932273
2023-04-18,GOOGL,3177.92,3179.63,3158.77,3169.84,49355778
2023-04-19,GOOGL,3100.12,3108.39,3095.59,3102.14,68672312
2023-04-20,GOOGL,3032.2,3059.3,3014.7,3025.75,39441553
2023-04-21,GOOGL,2982.84,2993.64,2972.58,2979.47,57814289
2023-04-24,GOOGL,2948.45,2966.01,2948.41,2960.4,28572801
2023-04-25,GOOGL,2948.62,2954.75,2937.3,2941.06,29837056
2023-04-26,GOOGL,2964.73,2966.75,2937.11,2957.08,48884811
2023-04-27,GOOGL,3099.91,3137.36,3082.33,3103.58,33828482
2023-04-28,GOOGL,3094.56,3082.92,3062.68,3078.65,64218930
2023-05-01,GOOGL,3026.38,3049.47,3026.4,3032.33,47880894
2023-05-02,GOOGL,2989.85,2999.66,2988.16,2999.1,54791191
2023-05-03,GOOGL,3028.11,3033.32,3009.75,3030.47,46972254
2023-05-04,GOOGL,3040.55,3065.74,3062.41,3063.71,50167073
2023-05-05,GOOGL,2966.06,2993.53,2955.5,2975.37,44511461
2023-05-08,GOOGL,2936.55,2963.21,2950.11,2953.4,50832946
2023-05-09,GOOGL,2971.31,2974.5,2968.71,2969.62,57645995
2023-05-10,GOOGL,2908.29,2899.52,2874.14,2895.98,58509369
2023-05-11,GOOGL,2920.88,2946.18,2893.99,2922.01,40305675
2023-05-12,GOOGL,2906.43,2955.61,2887.7,2910.54,35873088
2023-05-15,GOOGL,2900.45,2935.06,2915.93,2917.52,56176206
2023-05-16,GOOGL,2974.28,2981.46,2973.73,2975.74,51809106
2023-05-17,GOOGL,2967.85,2986.54,2956.77,2975.12,46906715
2023-05-18,GOOGL,3021.28,3040.69,2989.47,3019.23,54963464
2023-05-19,GOOGL,2977.78,2994.18,2974.19,2985.54,56934958
2023-05-22,GOOGL,2917.55,2934.23,2917.08,2930.34,58701781
2023-05-23,GOOGL,2900.67,2909.88,2885.22,2907.14,57560878
2023-05-24,GOOGL,3032.4,3058.58,3025.61,3028.65,43838998
2023-05-25,GOOGL,3066.22,3084.34,3068.67,3071.03,62194310
2023-05-26,GOOGL,3029.65,3044.37,3024.65,3039.02,50687500
2023-05-29,GOOGL,2942.85,2967.68,2945.98,2951.62,44554270
2023-05-30,GOOGL,2978.01,2984.71,2963.84,2976.09,54356831
2023-05-31,GOOGL,3044.67,3041.22,3013.01,3036.37,44765475
2023-06-01,GOOGL,3103.0,3104.5,3094.29,3100.41,61123268
2023-06-02,GOOGL,3129.12,3152.69,3107.25,3124.22,39739319
2023-06-05,GOOGL,3122.44,3117.6,3105.63,3116.49,51695404
2023-06-06,GOOGL,3139.62,3134.99,3110.32,3123.73,29528331
2023-06-07,GOOGL,3201.21,3198.45,3181.69,3197.72,53460344
2023-06-08,GOOGL,3237.38,3240.42,3222.05,3227.36,39155293
2023-06-09,GOOGL,3232.84,3241.87,3212.31,3228.38,46066075
2023-06-12,GOOGL,3275.15,3286.95,3247.3,3275.99,34603743
2023-06-13,GOOGL,3233.67,3215.38,3212.43,3214.68,39615006
2023-06-14,GOOGL,3234.25,3235.04,3210.07,3217.99,38636637
2023-06-15,GOOGL,3254.57,3255.89,3249.11,3249.5,38399796
2023-06-16,GOOGL,3361.18,3369.04,3336.13,3336.92,46009720
2023-06-19,GOOGL,3345.71,3383.69,3351.92,3359.63,33882829
2023-06-20,GOOGL,3460.17,3480.94,3468.53,3471.76,59483392
2023-06-21,GOOGL,3418.78,3438.16,3424.59,3429.73,48214177
2023-06-22,GOOGL,3510.31,3515.56,3505.76,3508.05,46108649
2023-06-23,GOOGL,3622.74,3636.2,3617.68,3621.49,60087625
2023-06-26,GOOGL,3690.5,3687.46,3681.51,3686.87,27278583
2023-06-27,GOOGL,3581.67,3605.48,3584.51,3594.61,57495825
2023-06-28,GOOGL,3595.68,3600.03,3573.58,3596.17,23733152
2023-06-29,GOOGL,3571.39,3589.36,3583.89,3588.23,52248167
2023-06-30,GOOGL,3551.2,3544.21,3517.2,3529.87,50513587
2023-07-03,GOOGL,3491.63,3488.42,3468.77,3485.14,77431128
2023-07-04,GOOGL,3462.01,3450.99,3419.95,3446.64,30499220
2023-07-05,GOOGL,3455.12,3473.43,3398.0,3447.84,46321367
2023-07-06,GOOGL,3384.91,3431.19,3381.18,3393.54,47968436
2023-07-07,GOOGL,3405.45,3421.02,3396.39,3411.74,33470654
2023-07-10,GOOGL,3484.67,3475.79,3461.77,3469.86,52198701
2023-07-11,GOOGL,3477.93,3468.34,3463.89,3464.98,53108383
2023-07-12,GOOGL,3422.39,3454.19,3415.04,3436.18,65327838
2023-07-13,GOOGL,3451.73,3462.51,3440.21,3457.61,59541645
2023-07-14,GOOGL,3444.0,3463.51,3421.0,3438.15,40545316
2023-07-17,GOOGL,3529.42,3549.08,3504.57,3528.1,52578616
2023-07-18,GOOGL,3468.02,3479.36,3455.55,3462.12,66883118
2023-07-19,GOOGL,3420.32,3432.1,3424.34,3429.94,48124011
2023-07-20,GOOGL,3442.69,3463.99,3435.73,3458.37,61227712
2023-07-21,GOOGL,3474.51,3506.28,3480.17,3496.33,42048249
2023-07-24,GOOGL,3549.7,3557.31,3535.63,3556.31,57071061
2023-07-25,GOOGL,3509.89,3533.89,3515.03,3516.91,34571778
2023-07-26,GOOGL,3517.92,3509.92,3485.81,3508.06,62199431
2023-07-27,GOOGL,3551.49,3555.8,3528.08,3549.89,55967937
2023-07-28,GOOGL,3622.84,3646.56,3611.56,3634.09,46735823
2023-07-31,GOOGL,3659.61,3681.76,3657.85,3660.51,56871403
2023-08-01,GOOGL,3575.34,3624.94,3580.23,3596.04,50100670
2023-08-02,GOOGL,3695.66,3706.03,3681.32,3695.2,48476225
2023-08-03,GOOGL,3619.53,3646.07,3601.8,3605.34,53441337
2023-08-04,GOOGL,3641.41,3671.6,3636.76,3642.75,41814751
2023-08-07,GOOGL,3748.85,3771.98,3744.32,3762.07,62530637
2023-08-08,GOOGL,3716.92,3735.44,3650.12,3701.13,54868948
2023-08-09,GOOGL,3717.5,3712.89,3674.56,3709.63,40967963
2023-08-10,GOOGL,3592.64,3612.29,3609.07,3609.09,49446064
2023-08-11,GOOGL,3593.41,3577.56,3564.41,3577.39,59088890
2023-08-14,GOOGL,3523.39,3544.06,3536.41,3537.53,53982327
2023-08-15,GOOGL,3644.36,3644.62,3614.99,3644.03,37862878
2023-08-16,GOOGL,3692.17,3705.54,3692.69,3695.84,47877656
2023-08-17,GOOGL,3710.44,3712.09,3672.15,3697.81,46145990
2023-08-18,GOOGL,3696.11,3714.46,3703.2,3709.17,33241598
2023-08-21,GOOGL,3671.81,3682.99,3662.34,3675.72,71272974
2023-08-22,GOOGL,3568.18,3582.13,3534.82,3568.66,42940148
2023-08-23,GOOGL,3638.92,3637.82,3630.49,3636.82,43418911
2023-08-24,GOOGL,3579.18,3581.1,3560.98,3579.07,53544065
2023-08-25,GOOGL,3634.79,3649.82,3621.99,3629.35,54925234
2023-08-28,GOOGL,3655.34,3658.59,3631.08,3649.84,32931374
2023-08-29,GOOGL,3626.09,3682.08,3611.36,3635.66,60967242
2023-08-30,GOOGL,3686.93,3687.32,3663.73,3677.14,48393351
2023-08-31,GOOGL,3583.86,3600.9,3595.4,3597.16,53670467
2023-09-01,GOOGL,3622.62,3622.75,3609.66,3614.7,48206719
2023-09-04,GOOGL,3642.39,3635.04,3617.22,3627.82,29562312
2023-09-05,GOOGL,3683.05,3691.58,3666.36,3680.16,35103903
2023-09-06,GOOGL,3624.82,3649.01,3629.56,3633.59,66011186
2023-09-07,GOOGL,3749.15,3777.32,3729.34,3739.51,55429852
2023-09-08,GOOGL,3696.97,3706.15,3687.78,3701.63,37900349
2023-09-11,GOOGL,3682.47,3724.09,3692.62,3696.31,52068163
2023-09-12,GOOGL,3675.05,3662.93,3637.83,3657.61,24719954
2023-09-13,GOOGL,3592.38,3615.73,3601.95,3610.26,40179075
2023-09-14,GOOGL,3624.05,3620.77,3612.4,3619.23,53385944
2023-09-15,GOOGL,3607.49,3632.9,3619.82,3631.89,65443334
2023-09-18,GOOGL,3512.31,3524.16,3501.27,3505.24,20047331
2023-09-19,GOOGL,3497.73,3518.95,3487.64,3505.07,46991647
2023-09-20,GOOGL,3462.65,3478.73,3454.0,3471.91,54343769
2023-09-21,GOOGL,3487.97,3489.17,3476.89,3480.61,58782139
2023-09-22,GOOGL,3384.78,3399.47,3381.09,3385.01,43299094
2023-09-25,GOOGL,3436.63,3469.77,3432.56,3435.76,58494562
2023-09-26,GOOGL,3328.13,3335.04,3318.24,3334.57,37734394
2023-09-27,GOOGL,3346.9,3327.0,3310.88,3325.99,45213036
2023-09-28,GOOGL,3266.09,3267.45,3251.1,3265.92,54855939
2023-09-29,GOOGL,3231.82,3245.65,3212.64,3221.69,53651606
2023-10-02,GOOGL,3278.69,3279.75,3257.47,3265.5,65597419
2023-10-03,GOOGL,3200.17,3210.88,3199.96,3206.87,52848396
2023-10-04,GOOGL,3271.74,3274.08,3261.48,3266.7,46400238
2023-10-05,GOOGL,3297.41,3312.51,3255.38,3289.54,34609450
2023-10-06,GOOGL,3362.51,3366.2,3335.08,3355.51,53641700
2023-10-09,GOOGL,3291.28,3323.9,3300.11,3303.21,39385270
2023-10-10,GOOGL,3325.44,3326.63,3303.58,3310.64,48514445
2023-10-11,GOOGL,3330.72,3352.35,3299.15,3318.86,60708575
2023-10-12,GOOGL,3359.67,3387.29,3360.83,3365.55,60945732
2023-10-13,GOOGL,3420.54,3446.85,3427.14,3427.9,51913622
2023-10-16,GOOGL,3484.24,3498.78,3473.47,3480.95,36912216
2023-10-17,GOOGL,3525.0,3551.05,3523.31,3537.2,60314159
2023-10-18,GOOGL,3550.53,3570.72,3544.53,3556.83,57495550
2023-10-19,GOOGL,3538.08,3573.14,3525.25,3542.65,63681890
2023-10-20,GOOGL,3589.38,3624.34,3565.42,3595.15,48115131
2023-10-23,GOOGL,3572.77,3584.92,3540.03,3572.93,37144344
2023-10-24,GOOGL,3574.49,3610.2,3563.31,3572.4,59066483
2023-10-25,GOOGL,3587.36,3595.1,3583.35,3589.85,40399894
2023-10-26,GOOGL,3624.56,3671.58,3622.21,3639.88,59626072
2023-10-27,GOOGL,3630.82,3643.04,3610.25,3620.73,45619213
2023-10-30,GOOGL,3678.13,3705.79,3639.74,3663.93,47763307
2023-10-31,GOOGL,3554.46,3568.65,3539.81,3556.23,46292490
2023-11-01,GOOGL,3572.37,3569.07,3543.57,3567.83,54576716
2023-11-02,GOOGL,3648.94,3642.84,3612.83,3635.77,51358417
2023-11-03,GOOGL,3654.59,3656.87,3634.09,3645.33,59846557
2023-11-06,GOOGL,3693.96,3707.15,3682.0,3692.51,48246203
2023-11-07,GOOGL,3756.41,3772.53,3758.52,3765.49,43407009
2023-11-08,GOOGL,3737.59,3767.85,3737.8,3752.77,50992296
2023-11-09,GOOGL,3765.11,3796.29,3753.93,3762.22,54287279
2023-11-10,GOOGL,3751.59,3764.13,3749.38,3751.43,52516538
2023-11-13,GOOGL,3800.93,3821.44,3799.3,3808.57,46678022
2023-11-14,GOOGL,3889.99,3908.17,3874.97,3897.01,53727672
2023-11-15,GOOGL,3834.97,3855.98,3816.21,3842.04,59546668
2023-11-16,GOOGL,3917.5,3935.13,3903.3,3920.75,39113722
2023-11-17,GOOGL,3946.38,3933.95,3922.82,3929.91,58174849
2023-11-20,GOOGL,3982.72,4001.19,3953.46,3962.24,19894774
2023-11-21,GOOGL,4017.16,4010.73,3990.51,4007.53,67097059
2023-11-22,GOOGL,4060.61,4066.38,4039.7,4058.84,58731692
2023-11-23,GOOGL,4048.39,4041.19,3978.39,4035.33,61501286
2023-11-24,GOOGL,3930.82,3956.6,3941.19,3942.66,66003972
2023-11-27,GOOGL,4033.15,4043.96,3997.23,4033.21,75893897
2023-11-28,GOOGL,4059.66,4055.81,4015.85,4044.16,55107320
2023-11-29,GOOGL,4038.48,4047.02,4020.17,4036.64,38906924
2023-11-30,GOOGL,3934.13,3924.22,3898.47,3923.23,49180877
2023-12-01,GOOGL,4008.05,4045.94,3995.78,4034.47,38188090
2023-12-04,GOOGL,4108.99,4101.77,4079.37,4088.79,38999030
2023-12-05,GOOGL,4138.48,4132.84,4103.99,4121.73,47122929
2023-12-06,GOOGL,4109.45,4141.34,4087.36,4098.07,63548929
2023-12-07,GOOGL,4050.43,4082.42,4046.88,4057.06,47280000
2023-12-08,GOOGL,4012.38,4034.82,4012.94,4018.3,56745050
2023-12-11,GOOGL,4007.78,4008.79,4001.25,4002.22,53898476
2023-12-12,GOOGL,3972.74,3997.42,3976.13,3980.56,35319783
2023-12-13,GOOGL,4057.46,4045.02,4040.51,4044.77,45225937
2023-12-14,GOOGL,3954.32,3958.82,3951.35,3957.44,64737375
2023-12-15,GOOGL,3806.81,3822.89,3786.56,3801.6,16640984
2023-12-18,GOOGL,3879.23,3901.14,3871.36,3881.22,54074180
2023-12-19,GOOGL,3925.45,3939.99,3906.48,3922.48,54159226
2023-12-20,GOOGL,3865.28,3870.07,3838.33,3855.59,57237994
2023-12-21,GOOGL,3837.76,3842.81,3803.19,3825.4,47391291
2023-12-22,GOOGL,3925.75,3959.91,3895.36,3930.01,46205207
2023-12-25,GOOGL,3935.11,3957.58,3942.41,3943.84,42989364
2023-12-26,GOOGL,3959.76,3994.06,3960.86,3976.14,44960693
2023-12-27,GOOGL,4063.53,4078.35,4046.31,4061.17,46292035
2023-12-28,GOOGL,4219.49,4210.99,4200.52,4207.57,59245778
2023-12-29,GOOGL,4223.7,4228.37,4182.21,4224.96,45583098
2024-01-01,GOOGL,4153.53,4219.11,4165.81,4182.99,49942771
2024-01-02,GOOGL,4159.68,4217.67,4132.76,4170.96,48639035
2024-01-03,GOOGL,4143.73,4170.87,4157.76,4159.44,53571928
2024-01-04,GOOGL,4018.82,4007.13,3994.58,4006.61,67553110
2024-01-05,GOOGL,3975.43,4014.71,3980.69,3986.99,67459036
2024-01-08,GOOGL,4025.11,4021.89,4007.99,4021.81,49307805
2024-01-09,GOOGL,3936.61,3943.39,3925.79,3938.06,59023257
2024-01-10,GOOGL,3961.94,3981.21,3937.66,3963.81,44757715
2024-01-11,GOOGL,3999.32,4001.04,3974.46,3986.72,51482029
2024-01-12,GOOGL,3946.97,3943.84,3916.3,3943.49,55929508
2024-01-15,GOOGL,3888.35,3917.61,3852.43,3897.61,38181060
2024-01-16,GOOGL,3897.76,3927.23,3908.33,3910.11,48914158
2024-01-17,GOOGL,3962.89,3957.13,3937.11,3949.1,52402306
2024-01-18,GOOGL,3937.6,3965.28,3932.01,3948.91,47334277
2024-01-19,GOOGL,3944.95,3935.15,3883.54,3919.41,46462949
2024-01-22,GOOGL,3942.11,3930.42,3904.99,3926.73,32227362
2024-01-23,GOOGL,3963.44,3984.07,3923.41,3958.21,41766504
2024-01-24,GOOGL,3956.84,3950.21,3934.15,3944.51,38517927
2024-01-25,GOOGL,4063.02,4094.75,4044.35,4062.13,67108085
2024-01-26,GOOGL,4181.15,4150.87,4127.02,4143.89,51051599
2024-01-29,GOOGL,4097.14,4107.14,4098.54,4103.6,54416250
2024-01-30,GOOGL,4001.7,4036.27,4007.63,4022.88,59031675
2024-01-31,GOOGL,3898.34,3928.71,3885.27,3894.99,63252636
2024-02-01,GOOGL,3889.95,3904.95,3888.84,3900.14,51394151
2024-02-02,GOOGL,3817.62,3828.43,3824.37,3826.85,51650406
2024-02-05,GOOGL,3837.21,3860.65,3807.28,3838.09,42397376
2024-02-06,GOOGL,3884.81,3907.71,3883.15,3893.03,58854705
2024-02-07,GOOGL,3798.9,3832.25,3775.05,3799.28,56751644
2024-02-08,GOOGL,3602.87,3643.83,3617.52,3619.89,51009469
2024-02-09,GOOGL,3669.52,3695.66,3664.37,3684.62,45859947
2024-02-12,GOOGL,3662.6,3662.77,3619.97,3631.58,45323904
2024-02-13,GOOGL,3586.98,3593.49,3566.18,3590.92,51244375
2024-02-14,GOOGL,3596.43,3598.63,3586.18,3597.92,48198973
2024-02-15,GOOGL,3589.84,3615.9,3567.24,3598.92,46080063
2024-02-16,GOOGL,3555.41,3556.18,3543.29,3552.85,61036269
2024-02-19,GOOGL,3415.4,3419.08,3402.84,3410.69,41035305
2024-02-20,GOOGL,3485.61,3493.22,3467.45,3477.34,42543795
2024-02-21,GOOGL,3459.19,3457.21,3431.03,3444.25,46764089
2024-02-22,GOOGL,3474.01,3509.75,3461.02,3473.29,60541831
2024-02-23,GOOGL,3525.08,3533.33,3518.43,3527.54,64478577
2024-02-26,GOOGL,3520.64,3514.57,3505.7,3513.2,51555250
2024-02-27,GOOGL,3449.58,3474.95,3423.64,3458.2,57939458
2024-02-28,GOOGL,3531.49,3544.94,3523.03,3532.83,57749145
2024-02-29,GOOGL,3564.73,3582.46,3548.68,3550.43,58741140
2024-03-01,GOOGL,3592.25,3629.77,3576.93,3593.62,45560735
2024-03-04,GOOGL,3496.08,3509.9,3509.21,3509.8,35267198
2024-03-05,GOOGL,3550.75,3553.95,3535.16,3538.53,49136150
2024-03-06,GOOGL,3556.55,3553.08,3509.27,3536.87,61312990
2024-03-07,GOOGL,3456.64,3462.17,3457.75,3459.48,45909821
2024-03-08,GOOGL,3480.71,3496.21,3474.96,3481.97,48427732
2024-03-11,GOOGL,3535.17,3543.74,3534.27,3535.55,53452705
2024-03-12,GOOGL,3506.14,3524.89,3491.59,3510.47,56111060
2024-03-13,GOOGL,3430.69,3475.36,3447.16,3448.24,37011964
2024-03-14,GOOGL,3478.75,3494.94,3468.93,3491.37,49060476
2024-03-15,GOOGL,3520.47,3535.66,3496.95,3515.08,33907129
2024-03-18,GOOGL,3498.77,3521.15,3504.0,3514.37,52784587
2024-03-19,GOOGL,3631.9,3647.15,3611.55,3640.11,52155456
2024-03-20,GOOGL,3694.53,3686.66,3681.01,3686.5,68914551
2024-03-21,GOOGL,3733.72,3715.27,3702.19,3705.71,51349071
2024-03-22,GOOGL,3675.95,3692.97,3638.42,3671.95,56546419
2024-03-25,GOOGL,3651.56,3650.38,3628.75,3650.11,54814953
2024-03-26,GOOGL,3623.39,3650.91,3605.16,3620.31,58483172
2024-03-27,GOOGL,3632.01,3620.69,3591.44,3617.28,48301067
2024-03-28,GOOGL,3647.67,3662.11,3638.37,3649.83,63344823
2024-03-29,GOOGL,3573.36,3624.21,3572.7,3586.05,51323090
2024-04-01,GOOGL,3719.5,3749.68,3711.57,3714.19,50336499
2024-04-02,GOOGL,3736.71,3751.8,3727.17,3738.38,38701119
2024-04-03,GOOGL,3740.79,3744.46,3728.41,3737.2,31793405
2024-04-04,GOOGL,3739.36,3768.16,3704.77,3724.99,50546561
2024-04-05,GOOGL,3706.64,3714.92,3687.97,3690.55,46107888
2024-04-08,GOOGL,3669.85,3705.87,3680.96,3687.24,50988872
2024-04-09,GOOGL,3782.33,3778.63,3726.15,3777.93,48015435
2024-04-10,GOOGL,3660.82,3699.69,3650.99,3668.88,40925036
2024-04-11,GOOGL,3666.03,3680.07,3666.42,3668.26,38000044
2024-04-12,GOOGL,3638.83,3647.78,3638.96,3639.72,69373842
2024-04-15,GOOGL,3686.18,3699.45,3680.69,3683.75,45689000
2024-04-16,GOOGL,3732.85,3733.11,3726.9,3731.05,49818331
2024-04-17,GOOGL,3916.08,3920.97,3894.74,3907.95,44048310
2024-04-18,GOOGL,3897.17,3912.43,3881.72,3891.29,46848079
2024-04-19,GOOGL,3935.34,3973.93,3923.43,3937.35,38277175
2024-04-22,GOOGL,3843.49,3834.65,3815.47,3828.76,44527121
2024-04-23,GOOGL,3871.14,3887.54,3851.6,3875.21,32014995
2024-04-24,GOOGL,3877.6,3900.78,3867.07,3881.11,46610723
2024-04-25,GOOGL,3896.07,3905.13,3884.3,3891.45,50148160
2024-04-26,GOOGL,3946.82,3954.98,3949.7,3951.26,48377514
2024-04-29,GOOGL,3890.62,3920.53,3888.16,3903.3,46808819
2024-04-30,GOOGL,3961.24,3975.27,3951.83,3968.28,39488363
2024-05-01,GOOGL,3877.28,3894.0,3846.61,3868.6,40000529
2024-05-02,GOOGL,3938.84,3995.3,3918.37,3951.7,57731318
2024-05-03,GOOGL,4009.48,4001.2,3974.28,3985.71,51180494
2024-05-06,GOOGL,3928.36,3914.65,3886.17,3909.7,43396687
2024-05-07,GOOGL,3919.48,3951.35,3929.94,3942.07,55981746
2024-05-08,GOOGL,4035.29,4044.03,3994.49,4025.59,33537586
2024-05-09,GOOGL,4108.81,4124.32,4083.1,4105.75,39618607
2024-05-10,GOOGL,4080.95,4068.13,4011.62,4060.94,50436401
2024-05-13,GOOGL,3985.73,3998.79,3958.83,3978.56,63867806
2024-05-14,GOOGL,3944.9,3942.52,3928.29,3936.69,61272811
2024-05-15,GOOGL,3892.47,3895.31,3881.21,3893.08,56984327
2024-05-16,GOOGL,3788.12,3812.64,3770.01,3791.61,62439419
2024-05-17,GOOGL,3801.08,3819.5,3790.52,3813.03,59412563
2024-05-20,GOOGL,3766.71,3787.96,3760.4,3778.61,52692351
2024-05-21,GOOGL,3776.13,3782.77,3772.91,3782.72,39216358
2024-05-22,GOOGL,3810.87,3826.18,3794.97,3813.44,39415495
2024-05-23,GOOGL,3796.25,3808.26,3781.28,3800.46,47237896
2024-05-24,GOOGL,3902.49,3897.69,3855.49,3887.81,41128374
2024-05-27,GOOGL,3962.66,3981.08,3920.66,3950.94,59675229
2024-05-28,GOOGL,3913.75,3949.86,3926.46,3933.39,63427953
2024-05-29,GOOGL,3929.86,3942.43,3893.02,3917.14,45051193
2024-05-30,GOOGL,3840.64,3869.43,3816.96,3838.21,50339378
2024-05-31,GOOGL,3861.95,3870.49,3851.41,3866.73,69607178
2024-06-03,GOOGL,4029.51,4065.11,4023.95,4033.6,42018141
2024-06-04,GOOGL,4009.56,3998.98,3945.06,3987.95,57462783
2024-06-05,GOOGL,3902.88,3945.79,3923.57,3928.25,52871006
2024-06-06,GOOGL,3871.11,3892.57,3872.05,3876.91,49657431
2024-06-07,GOOGL,3861.93,3909.68,3843.91,3873.35,40476016
2024-06-10,GOOGL,3857.66,3856.63,3826.42,3854.54,55664654
2024-06-11,GOOGL,3850.56,3877.5,3867.02,3873.01,47500815
2024-06-12,GOOGL,3951.6,4024.38,3922.82,3946.59,44289534
2024-06-13,GOOGL,4060.25,4105.06,4064.72,4077.46,46814333
2024-06-14,GOOGL,4084.97,4098.66,4054.9,4076.86,50187777
2024-06-17,GOOGL,4106.24,4115.91,4070.01,4096.28,44310951
2024-06-18,GOOGL,4162.36,4176.72,4165.38,4169.74,58232949
2024-06-19,GOOGL,4264.4,4266.88,4231.43,4255.54,35514690
2024-06-20,GOOGL,4151.64,4190.5,4159.69,4168.35,30612000
2024-06-21,GOOGL,4090.11,4107.44,4068.26,4094.29,69466984
2024-06-24,GOOGL,4119.27,4099.72,4073.35,4092.71,44587055
2024-06-25,GOOGL,4079.99,4106.27,4075.7,4079.41,47183116
2024-06-26,GOOGL,4055.26,4070.63,4051.87,4063.1,42339195
2024-06-27,GOOGL,4028.71,4053.33,3993.12,4025.13,59385958
2024-06-28,GOOGL,4069.33,4131.46,4077.83,4082.83,51437374
2024-07-01,GOOGL,4034.09,4069.18,4056.78,4057.17,40329141
2024-07-02,GOOGL,4040.46,4061.0,4030.64,4059.17,50562453
2024-07-03,GOOGL,3963.81,4002.75,3960.79,3969.63,41215995
2024-07-04,GOOGL,3927.35,3926.79,3912.38,3926.52,46195314
2024-07-05,GOOGL,3953.84,3955.92,3922.1,3938.62,58381468
2024-07-08,GOOGL,3944.82,3963.8,3947.56,3955.23,50045292
2024-07-09,GOOGL,3992.82,4015.46,4000.2,4000.95,52093543
2024-07-10,GOOGL,3973.37,3982.05,3953.89,3967.38,49032505
2024-07-11,GOOGL,3955.09,3946.92,3933.6,3941.77,40261338
2024-07-12,GOOGL,3911.74,3959.17,3924.74,3931.56,57463165
2024-07-15,GOOGL,3970.84,3996.96,3980.77,3981.34,41996593
2024-07-16,GOOGL,4074.1,4109.7,4077.91,4080.41,63686234
2024-07-17,GOOGL,4026.57,4041.32,4009.41,4036.7,58292235
2024-07-18,GOOGL,4063.09,4072.74,4051.71,4071.94,52894510
2024-07-19,GOOGL,3992.6,3983.44,3970.07,3980.84,36016429
2024-07-22,GOOGL,4053.6,4100.73,4057.92,4066.26,46718907
2024-07-23,GOOGL,4068.22,4070.29,4064.35,4064.79,49092532
2024-07-24,GOOGL,4076.6,4093.06,4076.76,4083.66,69172595
2024-07-25,GOOGL,4190.96,4192.55,4153.24,4180.94,51812711
2024-07-26,GOOGL,4068.03,4087.25,4075.06,4081.9,35138377
2024-07-29,GOOGL,4106.5,4122.39,4091.69,4115.71,61612222
2024-07-30,GOOGL,4065.73,4063.03,4055.71,4059.56,41438923
2024-07-31,GOOGL,4068.0,4070.47,4062.36,4067.04,53446093
2024-08-01,GOOGL,4182.0,4265.22,4197.83,4211.29,55954953
2024-08-02,GOOGL,4226.27,4247.94,4219.5,4225.52,61289065
2024-08-05,GOOGL,4311.63,4342.89,4295.38,4312.99,50984376
2024-08-06,GOOGL,4321.34,4308.46,4277.71,4299.12,55789130
2024-08-07,GOOGL,4248.76,4245.34,4240.62,4242.21,53881680
2024-08-08,GOOGL,4414.05,4393.2,4374.65,4383.08,44147931
2024-08-09,GOOGL,4384.73,4415.78,4393.21,4395.02,60468009
2024-08-12,GOOGL,4409.51,4427.74,4388.61,4407.13,59528187
2024-08-13,GOOGL,4322.47,4335.95,4311.23,4327.97,37409972
2024-08-14,GOOGL,4321.26,4353.39,4302.46,4326.82,37169145
2024-08-15,GOOGL,4297.35,4308.77,4289.1,4298.7,42467357
2024-08-16,GOOGL,4353.72,4379.44,4366.84,4376.37,25757351
2024-08-19,GOOGL,4247.4,4287.74,4265.13,4277.46,65928520
2024-08-20,GOOGL,4297.33,4320.03,4271.84,4290.84,50851959
2024-08-21,GOOGL,4363.08,4353.78,4338.41,4348.7,43488237
2024-08-22,GOOGL,4392.9,4408.52,4351.95,4367.29,37555639
2024-08-23,GOOGL,4364.82,4381.86,4361.97,4362.65,46090005
2024-08-26,GOOGL,4319.15,4336.39,4333.61,4334.51,49339780
2024-08-27,GOOGL,4443.01,4454.34,4417.53,4445.03,42853871
2024-08-28,GOOGL,4343.47,4354.65,4336.17,4351.62,51534273
2024-08-29,GOOGL,4222.02,4283.59,4232.37,4246.61,40233223
2024-08-30,GOOGL,4127.41,4136.05,4117.19,4126.02,73918733
2024-09-02,GOOGL,4233.53,4218.98,4174.29,4199.43,60625720
2024-09-03,GOOGL,4221.85,4242.29,4234.91,4240.71,51570391
2024-09-04,GOOGL,4266.54,4266.44,4235.8,4247.24,48748250
2024-09-05,GOOGL,4369.31,4427.89,4378.22,4389.68,37905775
2024-09-06,GOOGL,4324.44,4340.1,4327.49,4333.27,27722004
2024-09-09,GOOGL,4441.11,4443.8,4412.69,4437.46,52044451
2024-09-10,GOOGL,4426.39,4419.6,4390.82,4416.32,40031329
2024-09-11,GOOGL,4396.11,4389.49,4348.96,4375.3,60557982
2024-09-12,GOOGL,4372.27,4387.91,4323.77,4354.36,43280238
2024-09-13,GOOGL,4413.45,4427.62,4387.1,4420.28,69786512
2024-09-16,GOOGL,4483.09,4517.89,4467.26,4477.65,40307208
2024-09-17,GOOGL,4546.47,4560.31,4485.49,4539.9,57240942
2024-09-18,GOOGL,4509.09,4519.72,4498.96,4507.52,51745156
2024-09-19,GOOGL,4478.81,4485.32,4475.5,4483.91,60766646
2024-09-20,GOOGL,4504.01,4506.1,4465.51,4498.29,55304234
2024-09-23,GOOGL,4481.94,4518.04,4420.24,4471.42,57128048
2024-09-24,GOOGL,4523.71,4515.93,4499.53,4511.96,42741124
2024-09-25,GOOGL,4545.12,4539.52,4510.56,4535.36,44356395
2024-09-26,GOOGL,4442.15,4440.42,4410.79,4428.48,51531931
2024-09-27,GOOGL,4566.78,4543.29,4508.41,4528.2,53560324
2024-09-30,GOOGL,4600.51,4608.37,4559.79,4592.44,53064563
2024-10-01,GOOGL,4561.85,4595.42,4559.32,4575.19,71336456
2024-10-02,GOOGL,4581.55,4613.43,4573.6,4585.38,74123766
2024-10-03,GOOGL,4529.09,4524.94,4510.15,4522.32,44781165
2024-10-04,GOOGL,4433.81,4446.04,4435.06,4441.71,44611896
2024-10-07,GOOGL,4521.4,4534.91,4502.0,4527.68,50543356
2024-10-08,GOOGL,4451.7,4468.72,4413.45,4432.68,53921281
2024-10-09,GOOGL,4275.91,4318.87,4267.46,4285.97,51563251
2024-10-10,GOOGL,4378.09,4405.27,4362.33,4382.19,46723924
2024-10-11,GOOGL,4419.18,4411.07,4388.6,4408.2,55913413
2024-10-14,GOOGL,4233.94,4234.51,4229.5,4231.81,42456753
2024-10-15,GOOGL,4150.94,4153.39,4136.42,4143.8,43290856
2024-10-16,GOOGL,4236.62,4260.55,4233.04,4239.33,58524088
2024-10-17,GOOGL,4285.92,4272.74,4245.4,4267.65,37475888
2024-10-18,GOOGL,4196.85,4214.01,4166.1,4197.64,56001164
2024-10-21,GOOGL,4199.65,4209.09,4174.23,4197.88,53429829
2024-10-22,GOOGL,4271.34,4279.72,4233.02,4277.08,69979482
2024-10-23,GOOGL,4226.24,4222.99,4198.56,4212.09,45217673
2024-10-24,GOOGL,4225.05,4247.15,4213.54,4233.38,66834148
2024-10-25,GOOGL,4160.21,4195.65,4147.78,4167.61,49927626
2024-10-28,GOOGL,4163.53,4175.01,4146.19,4147.79,60031370
2024-10-29,GOOGL,4160.76,4187.99,4142.77,4164.83,53958049
2024-10-30,GOOGL,4131.84,4162.94,4132.84,4157.8,58178664
2024-10-31,GOOGL,4166.72,4194.48,4166.52,4175.65,50065479
2024-11-01,GOOGL,4221.6,4239.29,4217.41,4234.39,48385528
2024-11-04,GOOGL,4253.5,4257.28,4226.94,4231.33,36523152
2024-11-05,GOOGL,4231.47,4245.62,4228.67,4241.82,66844463
2024-11-06,GOOGL,4240.41,4267.47,4244.06,4244.4,77832351
2024-11-07,GOOGL,4329.71,4318.47,4314.98,4317.4,59988621
2024-11-08,GOOGL,4101.8,4131.24,4117.42,4118.0,58802141
2024-11-11,GOOGL,4290.74,4279.52,4244.16,4267.64,41697378
2024-11-12,GOOGL,4125.43,4156.11,4137.38,4142.51,49218300
2024-11-13,GOOGL,4189.58,4195.51,4175.89,4192.39,49805235
2024-11-14,GOOGL,4072.67,4067.54,4037.32,4064.64,34389574
2024-11-15,GOOGL,4135.77,4140.58,4120.91,4132.12,41339655
2024-11-18,GOOGL,4157.26,4167.41,4140.65,4152.21,38614192
2024-11-19,GOOGL,4071.93,4074.92,4069.32,4069.87,53276392
2024-11-20,GOOGL,4050.69,4087.63,4073.25,4075.23,32521154
2024-11-21,GOOGL,4198.22,4202.58,4182.61,4202.57,49419849
2024-11-22,GOOGL,4167.07,4225.23,4168.49,4173.77,33484602
2024-11-25,GOOGL,4318.31,4310.76,4291.22,4307.25,45371694
2024-11-26,GOOGL,4370.53,4368.47,4333.74,4355.31,48418106
2024-11-27,GOOGL,4372.67,4402.21,4379.17,4393.19,44147094
2024-11-28,GOOGL,4387.7,4390.31,4362.76,4372.14,63451846
2024-11-29,GOOGL,4358.26,4356.51,4340.46,4350.16,41218649
2024-12-02,GOOGL,4494.78,4499.36,4457.28,4478.61,55341359
2024-12-03,GOOGL,4412.28,4409.85,4370.41,4406.79,48307863
2024-12-04,GOOGL,4402.36,4432.22,4395.63,4405.7,50219732
2024-12-05,GOOGL,4270.24,4283.45,4224.59,4277.75,58551890
2024-12-06,GOOGL,4296.18,4322.9,4309.2,4310.08,49976565
2024-12-09,GOOGL,4516.05,4555.54,4512.69,4513.88,40204346
2024-12-10,GOOGL,4469.87,4465.85,4446.08,4457.78,65696856
2024-12-11,GOOGL,4493.34,4485.57,4445.61,4483.29,38563286
2024-12-12,GOOGL,4448.86,4476.47,4432.16,4455.1,45910844
2024-12-13,GOOGL,4385.7,4433.42,4393.04,4407.03,56830625
2024-12-16,GOOGL,4420.7,4449.04,4415.44,4436.61,50535142
2024-12-17,GOOGL,4465.74,4446.21,4436.5,4442.94,54260250
2024-12-18,GOOGL,4570.02,4613.89,4545.76,4584.8,55931709
2024-12-19,GOOGL,4550.95,4592.85,4520.89,4554.96,39448983
2024-12-20,GOOGL,4523.56,4544.59,4510.87,4526.57,67308151
2024-12-23,GOOGL,4485.45,4517.29,4461.11,4480.12,57481200
2024-12-24,GOOGL,4460.51,4511.72,4470.19,4482.9,52962519
2024-12-25,GOOGL,4532.57,4547.48,4538.05,4540.92,36223743
2024-12-26,GOOGL,4397.0,4464.14,4415.27,4430.09,43335200
2024-12-27,GOOGL,4382.9,4383.77,4336.96,4377.6,37268386
2024-12-30,GOOGL,4458.71,4472.52,4456.53,4458.66,52442410
2024-12-31,GOOGL,4469.33,4472.62,4455.43,4463.09,42348653
2020-01-01,AMZN,1818.66,1824.39,1807.19,1813.59,51719208
2020-01-02,AMZN,1790.32,1792.5,1782.41,1785.27,77859119
2020-01-03,AMZN,1828.01,1826.23,1808.64,1815.6,47856110
2020-01-06,AMZN,1820.34,1826.34,1803.39,1817.61,42253986
2020-01-07,AMZN,1791.91,1790.2,1787.05,1787.45,55469684
2020-01-08,AMZN,1777.01,1784.79,1778.53,1779.95,48698044
2020-01-09,AMZN,1779.0,1788.98,1775.36,1780.98,41581156
2020-01-10,AMZN,1773.11,1773.01,1770.13,1770.87,58983461
2020-01-13,AMZN,1809.22,1813.27,1801.0,1810.69,39956816
2020-01-14,AMZN,1868.26,1881.98,1857.4,1863.46,52509431
2020-01-15,AMZN,1870.66,1890.6,1874.92,1875.62,52813565
2020-01-16,AMZN,1875.88,1892.52,1865.69,1874.28,47330603
2020-01-17,AMZN,1928.49,1928.53,1925.05,1928.24,45958460
2020-01-20,AMZN,1932.04,1948.95,1915.08,1930.02,65681996
2020-01-21,AMZN,1946.59,1949.02,1928.01,1942.02,44328048
2020-01-22,AMZN,1964.04,1967.67,1959.14,1963.84,53836443
2020-01-23,AMZN,1946.42,1966.67,1951.0,1960.44,48188904
2020-01-24,AMZN,2007.24,2019.01,2009.38,2011.67,59973392
2020-01-27,AMZN,2003.67,2024.0,1998.34,2008.19,41527300
2020-01-28,AMZN,1954.01,1967.37,1957.18,1958.19,11436246
2020-01-29,AMZN,1994.73,2011.34,1988.67,1994.54,71173728
2020-01-30,AMZN,2038.09,2034.07,2021.82,2028.95,35241289
2020-01-31,AMZN,2038.3,2037.47,2032.64,2036.14,51895598
2020-02-03,AMZN,2053.16,2054.01,2048.3,2052.58,43405731
2020-02-04,AMZN,2051.27,2060.67,2045.33,2053.34,48805768
2020-02-05,AMZN,2056.4,2064.6,2050.06,2055.18,51180277
2020-02-06,AMZN,2035.67,2035.29,2024.34,2034.54,52265839
2020-02-07,AMZN,2000.69,2030.55,2004.23,2010.75,58601841
2020-02-10,AMZN,2018.7,2010.47,2001.95,2007.43,53545902
2020-02-11,AMZN,2035.3,2028.44,2024.06,2026.79,47491453
2020-02-12,AMZN,1977.84,1985.78,1972.29,1977.2,54707532
2020-02-13,AMZN,1961.85,1965.54,1964.04,1965.33,61891727
2020-02-14,AMZN,1908.5,1941.39,1910.32,1918.74,47758336
2020-02-17,AMZN,1914.0,1917.57,1904.35,1913.82,48788806
2020-02-18,AMZN,1880.77,1898.68,1881.71,1890.39,54778789
2020-02-19,AMZN,1923.28,1918.68,1916.09,1916.59,42951484
2020-02-20,AMZN,1904.92,1902.26,1886.5,1897.56,36041097
2020-02-21,AMZN,1932.82,1938.49,1915.59,1930.59,49557398
2020-02-24,AMZN,1974.42,1975.63,1946.66,1968.75,51535479
2020-02-25,AMZN,1928.8,1935.66,1916.19,1930.05,59260675
2020-02-26,AMZN,1928.17,1940.37,1927.25,1930.51,50876251
2020-02-27,AMZN,1942.09,1947.94,1945.11,1946.58,45670237
2020-02-28,AMZN,2007.54,2034.32,2007.0,2021.9,50761924
2020-03-02,AMZN,2053.59,2058.56,2042.73,2053.22,48369387
2020-03-03,AMZN,2084.41,2085.76,2077.24,2080.23,49686040
2020-03-04,AMZN,2148.03,2155.8,2141.6,2148.35,58747546
2020-03-05,AMZN,2143.88,2140.23,2127.42,2137.21,52906046
2020-03-06,AMZN,2210.34,2236.32,2201.45,2209.89,40539354
2020-03-09,AMZN,2256.19,2246.9,2238.5,2244.54,41755767
2020-03-10,AMZN,2213.62,2212.55,2200.87,2209.94,41043114
2020-03-11,AMZN,2238.25,2252.48,2229.65,2239.03,44465687
2020-03-12,AMZN,2271.89,2276.83,2253.5,2273.57,48777978
2020-03-13,AMZN,2324.8,2322.09,2303.7,2321.04,26472135
2020-03-16,AMZN,2354.62,2379.0,2356.93,2368.2,43370100
2020-03-17,AMZN,2345.12,2355.07,2324.78,2345.21,49634390
2020-03-18,AMZN,2363.33,2374.66,2328.43,2367.92,35872114
2020-03-19,AMZN,2369.87,2388.19,2384.56,2384.74,46901477
2020-03-20,AMZN,2420.93,2447.79,2421.93,2430.66,62594018
2020-03-23,AMZN,2468.35,2462.75,2436.39,2461.31,44078336
2020-03-24,AMZN,2475.6,2477.38,2457.48,2476.53,49848864
2020-03-25,AMZN,2542.22,2552.11,2533.38,2543.74,39974580
2020-03-26,AMZN,2555.81,2553.35,2527.33,2544.55,47052359
2020-03-27,AMZN,2500.98,2506.6,2487.82,2502.61,46583347
2020-03-30,AMZN,2528.79,2562.26,2525.01,2534.31,61871272
2020-03-31,AMZN,2494.86,2489.9,2485.49,2487.08,55958318
2020-04-01,AMZN,2494.8,2499.87,2469.87,2492.95,55304897
2020-04-02,AMZN,2429.43,2441.93,2423.9,2426.96,40093526
2020-04-03,AMZN,2394.63,2426.08,2387.45,2404.0,55422593
2020-04-06,AMZN,2403.74,2418.79,2393.77,2403.29,33015730
2020-04-07,AMZN,2323.22,2331.75,2304.07,2324.82,60112954
2020-04-08,AMZN,2358.62,2362.85,2336.32,2355.02,63422567
2020-04-09,AMZN,2333.21,2338.57,2323.1,2329.22,62285176
2020-04-10,AMZN,2279.62,2297.92,2254.15,2280.83,52528927
2020-04-13,AMZN,2256.71,2260.21,2243.86,2254.69,67408580
2020-04-14,AMZN,2245.97,2245.79,2240.24,2242.84,52279472
2020-04-15,AMZN,2190.71,2197.97,2190.43,2194.54,50324820
2020-04-16,AMZN,2170.64,2171.58,2131.09,2159.33,55557313
2020-04-17,AMZN,2150.98,2162.88,2124.69,2155.69,57158663
2020-04-20,AMZN,2199.43,2197.9,2189.13,2190.86,46714627
2020-04-21,AMZN,2225.2,2236.23,2222.1,2231.94,39355035
2020-04-22,AMZN,2262.45,2266.0,2245.95,2257.61,53279703
2020-04-23,AMZN,2295.76,2301.12,2286.59,2295.23,51251329
2020-04-24,AMZN,2273.87,2272.54,2252.37,2260.06,45872559
2020-04-27,AMZN,2314.35,2313.51,2297.85,2308.1,59525905
2020-04-28,AMZN,2335.96,2340.02,2319.62,2324.01,33800801
2020-04-29,AMZN,2342.54,2341.78,2327.52,2338.47,35099173
2020-04-30,AMZN,2311.56,2336.29,2295.14,2313.17,71668840
2020-05-01,AMZN,2338.07,2350.69,2338.56,2345.44,55229715
2020-05-04,AMZN,2336.55,2358.98,2325.52,2343.29,68209672
2020-05-05,AMZN,2429.7,2434.65,2430.35,2432.16,40655146
2020-05-06,AMZN,2489.13,2513.07,2478.63,2489.75,45501336
2020-05-07,AMZN,2476.17,2487.37,2456.49,2472.71,57282381
2020-05-08,AMZN,2476.48,2478.49,2465.65,2467.47,34777946
2020-05-11,AMZN,2445.59,2454.46,2420.8,2453.58,41864007
2020-05-12,AMZN,2499.99,2502.68,2483.67,2493.87,33820893
2020-05-13,AMZN,2396.63,2411.16,2389.38,2406.81,55734337
2020-05-14,AMZN,2452.47,2453.01,2429.82,2443.37,28714097
2020-05-15,AMZN,2466.95,2469.33,2453.61,2462.81,32697045
2020-05-18,AMZN,2391.22,2397.81,2384.41,2390.24,41200865
2020-05-19,AMZN,2412.63,2429.41,2420.14,2421.18,45747516
2020-05-20,AMZN,2454.55,2472.69,2452.38,2456.39,48383108
2020-05-21,AMZN,2477.44,2475.78,2432.88,2468.6,67946889
2020-05-22,AMZN,2442.27,2456.68,2441.97,2443.65,59955185
2020-05-25,AMZN,2453.0,2456.34,2430.52,2446.65,55995112
2020-05-26,AMZN,2478.46,2503.56,2468.59,2491.49,57096010
2020-05-27,AMZN,2417.37,2420.89,2392.54,2411.36,44537795
2020-05-28,AMZN,2399.79,2392.02,2384.67,2390.81,45437659
2020-05-29,AMZN,2316.95,2327.85,2320.7,2326.02,52976689
2020-06-01,AMZN,2321.68,2321.85,2307.93,2318.29,36829018
2020-06-02,AMZN,2291.75,2289.14,2266.46,2286.37,60771925
2020-06-03,AMZN,2352.11,2384.32,2341.65,2342.13,60126352
2020-06-04,AMZN,2378.93,2403.63,2377.5,2382.49,53197655
2020-06-05,AMZN,2372.4,2379.59,2357.24,2375.81,46953210
2020-06-08,AMZN,2379.41,2386.28,2360.75,2383.56,56873732
2020-06-09,AMZN,2442.75,2456.63,2428.37,2442.53,29244049
2020-06-10,AMZN,2419.19,2445.83,2408.18,2424.78,66528341
2020-06-11,AMZN,2469.98,2479.4,2458.17,2471.41,48953533
2020-06-12,AMZN,2488.68,2496.35,2477.42,2486.7,46596048
2020-06-15,AMZN,2457.77,2459.61,2447.3,2457.34,50854386
2020-06-16,AMZN,2476.45,2490.82,2467.38,2469.01,52295873
2020-06-17,AMZN,2461.82,2461.22,2459.03,2459.75,40406792
2020-06-18,AMZN,2404.58,2407.06,2388.44,2399.22,51549720
2020-06-19,AMZN,2424.96,2439.9,2421.65,2431.23,39030482
2020-06-22,AMZN,2402.3,2416.11,2412.98,2415.9,67216926
2020-06-23,AMZN,2388.45,2407.44,2390.4,2405.37,44883061
2020-06-24,AMZN,2400.64,2394.28,2388.19,2390.26,56734588
2020-06-25,AMZN,2414.74,2430.48,2412.9,2429.91,34705922
2020-06-26,AMZN,2442.79,2445.88,2442.93,2445.5,70117215
2020-06-29,AMZN,2411.58,2423.21,2412.0,2412.02,61766375
2020-06-30,AMZN,2475.41,2475.67,2462.83,2472.71,50074371
2020-07-01,AMZN,2477.72,2490.58,2478.24,2482.04,59013767
2020-07-02,AMZN,2454.98,2494.85,2469.8,2478.77,45055073
2020-07-03,AMZN,2485.38,2482.79,2456.53,2481.1,55304518
2020-07-06,AMZN,2406.84,2416.93,2406.66,2412.53,42001193
2020-07-07,AMZN,2338.1,2354.02,2328.88,2339.1,44935975
2020-07-08,AMZN,2343.38,2353.24,2339.54,2339.58,41533951
2020-07-09,AMZN,2325.61,2319.78,2293.77,2315.68,55828280
2020-07-10,AMZN,2306.36,2338.61,2313.11,2322.34,39460691
2020-07-13,AMZN,2331.48,2357.26,2325.9,2336.38,47438340
2020-07-14,AMZN,2323.82,2329.03,2316.07,2325.67,46153698
2020-07-15,AMZN,2265.61,2284.67,2265.39,2273.03,52130905
2020-07-16,AMZN,2241.87,2249.97,2241.17,2244.07,73116093
2020-07-17,AMZN,2236.1,2248.82,2220.12,2241.89,39130863
2020-07-20,AMZN,2208.47,2210.77,2194.77,2206.19,47733553
2020-07-21,AMZN,2184.08,2195.35,2160.58,2183.19,59393630
2020-07-22,AMZN,2193.37,2204.89,2183.8,2196.59,53954694
2020-07-23,AMZN,2239.17,2251.7,2219.73,2242.53,60101307
2020-07-24,AMZN,2182.06,2195.66,2181.11,2182.82,55944664
2020-07-27,AMZN,2130.22,2141.35,2125.1,2137.87,64769122
2020-07-28,AMZN,2092.51,2108.64,2095.81,2099.72,45031009
2020-07-29,AMZN,2128.93,2119.88,2107.95,2119.8,38169693
2020-07-30,AMZN,2082.04,2088.71,2065.84,2075.17,55603619
2020-07-31,AMZN,2068.33,2056.68,2042.12,2056.56,52593843
2020-08-03,AMZN,1965.53,1967.13,1955.03,1964.21,57265149
2020-08-04,AMZN,1974.81,1988.92,1967.96,1976.72,60654147
2020-08-05,AMZN,1960.86,1956.02,1948.61,1951.58,49583202
2020-08-06,AMZN,1897.99,1900.07,1873.7,1893.94,42123384
2020-08-07,AMZN,1857.85,1868.54,1841.05,1859.68,43373566
2020-08-10,AMZN,1849.58,1858.16,1840.68,1855.23,61806432
2020-08-11,AMZN,1860.11,1870.86,1844.92,1859.63,46849363
2020-08-12,AMZN,1870.96,1863.16,1846.85,1862.28,52457850
2020-08-13,AMZN,1830.24,1844.9,1804.77,1826.02,43810224
2020-08-14,AMZN,1815.42,1816.87,1807.77,1812.45,50952640
2020-08-17,AMZN,1813.67,1824.63,1802.98,1810.4,43179781
2020-08-18,AMZN,1856.31,1869.72,1841.97,1848.04,57207272
2020-08-19,AMZN,1828.93,1833.64,1813.37,1831.81,39606727
2020-08-20,AMZN,1806.06,1798.99,1788.02,1797.04,52163565
2020-08-21,AMZN,1820.08,1829.99,1816.84,1827.26,40920082
2020-08-24,AMZN,1830.39,1843.38,1833.06,1838.61,49995908
2020-08-25,AMZN,1800.73,1810.71,1802.76,1807.09,59680296
2020-08-26,AMZN,1877.69,1887.32,1877.95,1879.48,47909360
2020-08-27,AMZN,1845.22,1858.08,1845.17,1855.74,52196016
2020-08-28,AMZN,1858.58,1862.27,1845.05,1856.96,40098249
2020-08-31,AMZN,1845.52,1869.49,1847.1,1853.13,37251484
2020-09-01,AMZN,1861.44,1871.25,1839.87,1858.47,53209357
2020-09-02,AMZN,1869.54,1875.73,1872.65,1873.27,55161349
2020-09-03,AMZN,1916.0,1927.37,1912.74,1922.55,41332697
2020-09-04,AMZN,1933.47,1950.39,1925.51,1929.75,32019216
2020-09-07,AMZN,1901.16,1898.96,1896.84,1898.2,48588631
2020-09-08,AMZN,1933.4,1942.7,1930.05,1939.59,57354685
2020-09-09,AMZN,1929.38,1947.29,1935.19,1941.14,38599173
2020-09-10,AMZN,1913.77,1915.83,1904.04,1908.05,61984823
2020-09-11,AMZN,1899.63,1901.5,1892.42,1899.12,52025208
2020-09-14,AMZN,1924.84,1933.41,1903.56,1925.72,63841000
2020-09-15,AMZN,1912.96,1922.85,1909.03,1911.96,38631093
2020-09-16,AMZN,1876.95,1883.61,1868.53,1876.8,37724757
2020-09-17,AMZN,1876.98,1890.57,1862.39,1878.76,33401321
2020-09-18,AMZN,1907.78,1908.8,1897.18,1906.17,41165558
2020-09-21,AMZN,1902.7,1921.11,1907.2,1908.63,34113558
2020-09-22,AMZN,1877.81,1888.01,1876.42,1884.15,65537518
2020-09-23,AMZN,1842.66,1863.35,1825.99,1841.88,33523064
2020-09-24,AMZN,1842.31,1844.26,1828.97,1840.7,41763568
2020-09-25,AMZN,1830.22,1820.73,1813.65,1818.88,44642853
2020-09-28,AMZN,1835.42,1834.39,1829.83,1833.06,58813614
2020-09-29,AMZN,1841.15,1843.98,1841.37,1841.91,40882021
2020-09-30,AMZN,1841.55,1842.78,1836.86,1840.56,47670449
2020-10-01,AMZN,1838.1,1844.42,1836.44,1839.32,51805609
2020-10-02,AMZN,1871.36,1877.81,1865.59,1871.17,70211935
2020-10-05,AMZN,1857.08,1871.33,1864.71,1864.85,44793109
2020-10-06,AMZN,1893.14,1897.42,1872.3,1893.32,39076637
2020-10-07,AMZN,1906.88,1912.86,1890.83,1898.13,44384879
2020-10-08,AMZN,1888.82,1903.97,1887.61,1894.08,36932770
2020-10-09,AMZN,1945.88,1958.91,1925.35,1938.63,54997926
2020-10-12,AMZN,1906.05,1917.53,1897.27,1902.48,50030636
2020-10-13,AMZN,1868.03,1880.04,1853.56,1869.3,51093369
2020-10-14,AMZN,1823.86,1825.69,1817.27,1821.92,44923321
2020-10-15,AMZN,1816.27,1818.03,1811.44,1813.97,30324629
2020-10-16,AMZN,1809.61,1815.39,1807.05,1812.22,45496055
2020-10-19,AMZN,1786.68,1798.06,1796.85,1798.01,56528803
2020-10-20,AMZN,1785.02,1806.98,1779.02,1789.68,47970910
2020-10-21,AMZN,1805.99,1820.37,1795.32,1802.79,40518760
2020-10-22,AMZN,1848.7,1849.51,1837.02,1845.32,66076173
2020-10-23,AMZN,1853.79,1870.65,1843.35,1858.94,59383913
2020-10-26,AMZN,1818.1,1815.2,1810.7,1811.35,61722515
2020-10-27,AMZN,1829.78,1832.17,1824.79,1829.44,49388042
2020-10-28,AMZN,1876.19,1889.5,1873.52,1874.85,50816552
2020-10-29,AMZN,1819.94,1827.11,1809.45,1824.04,71145434
2020-10-30,AMZN,1855.82,1864.67,1855.72,1860.94,47347712
2020-11-02,AMZN,1899.22,1912.96,1896.98,1907.1,38018415
2020-11-03,AMZN,1977.36,1969.43,1964.01,1969.31,62458215
2020-11-04,AMZN,2002.6,2006.43,1997.86,2000.73,56943993
2020-11-05,AMZN,1991.69,1985.73,1981.38,1984.03,57544658
2020-11-06,AMZN,1937.1,1935.87,1924.83,1933.81,59231533
2020-11-09,AMZN,1938.94,1940.32,1937.06,1937.73,43599003
2020-11-10,AMZN,1900.99,1917.62,1886.13,1898.16,53625110
2020-11-11,AMZN,1941.79,1951.73,1922.72,1939.56,52932713
2020-11-12,AMZN,1878.49,1886.44,1879.28,1883.05,46665762
2020-11-13,AMZN,1808.48,1810.8,1799.1,1805.46,48417698
2020-11-16,AMZN,1828.66,1848.88,1817.95,1825.61,46911353
2020-11-17,AMZN,1848.85,1869.11,1845.63,1852.4,42638029
2020-11-18,AMZN,1895.69,1895.11,1874.41,1884.16,62668036
2020-11-19,AMZN,1870.57,1860.57,1855.9,1859.25,61048699
2020-11-20,AMZN,1855.23,1861.97,1842.41,1853.84,40620775
2020-11-23,AMZN,1803.65,1808.24,1792.99,1801.18,48170329
2020-11-24,AMZN,1761.7,1773.18,1754.4,1762.94,60761787
2020-11-25,AMZN,1791.37,1810.05,1789.03,1795.25,24684168
2020-11-26,AMZN,1820.39,1815.3,1812.04,1813.07,50883090
2020-11-27,AMZN,1801.94,1805.48,1790.8,1800.33,56891895
2020-11-30,AMZN,1792.36,1797.15,1795.4,1796.42,44319383
2020-12-01,AMZN,1831.74,1857.5,1824.4,1839.04,35801424
2020-12-02,AMZN,1799.18,1803.57,1777.05,1802.36,64070992
2020-12-03,AMZN,1836.12,1837.67,1829.03,1833.01,59352687
2020-12-04,AMZN,1809.69,1819.07,1811.8,1816.94,47802562
2020-12-07,AMZN,1810.97,1819.75,1802.5,1808.35,56957197
2020-12-08,AMZN,1781.72,1802.98,1781.11,1785.28,41093318
2020-12-09,AMZN,1745.01,1750.07,1733.88,1747.66,39101969
2020-12-10,AMZN,1771.07,1769.08,1748.83,1767.56,71284677
2020-12-11,AMZN,1689.56,1700.38,1665.87,1689.94,59903862
2020-12-14,AMZN,1702.13,1705.27,1686.45,1693.48,61602107
2020-12-15,AMZN,1681.22,1682.95,1675.08,1682.39,50618316
2020-12-16,AMZN,1675.77,1691.74,1677.69,1680.47,41303889
2020-12-17,AMZN,1706.45,1711.61,1697.97,1699.68,52925984
2020-12-18,AMZN,1693.67,1698.34,1689.3,1698.04,48048183
2020-12-21,AMZN,1713.3,1714.47,1705.59,1706.38,66051980
2020-12-22,AMZN,1724.0,1740.56,1721.39,1729.96,55179733
2020-12-23,AMZN,1698.2,1693.49,1684.51,1691.03,47457843
2020-12-24,AMZN,1671.99,1675.54,1663.88,1672.86,49919999
2020-12-25,AMZN,1668.92,1673.3,1665.58,1672.56,42528837
2020-12-28,AMZN,1630.89,1629.78,1619.72,1627.0,47375031
2020-12-29,AMZN,1606.1,1611.03,1599.93,1605.06,67443112
2020-12-30,AMZN,1597.3,1606.88,1601.61,1604.82,56613399
2020-12-31,AMZN,1600.54,1606.51,1587.66,1602.42,26619912
2021-01-01,AMZN,1617.93,1617.35,1610.09,1616.01,57860963
2021-01-04,AMZN,1587.04,1592.88,1578.74,1590.49,50666697
2021-01-05,AMZN,1525.6,1531.27,1518.81,1520.0,36379703
2021-01-06,AMZN,1516.82,1525.25,1515.13,1522.39,54300776
2021-01-07,AMZN,1504.79,1507.6,1505.41,1505.93,54778118
2021-01-08,AMZN,1507.85,1508.5,1504.81,1507.49,52220435
2021-01-11,AMZN,1482.42,1485.19,1474.78,1482.6,44076677
2021-01-12,AMZN,1502.46,1507.52,1495.54,1502.47,56385165
2021-01-13,AMZN,1502.28,1503.9,1490.26,1498.44,59027131
2021-01-14,AMZN,1499.54,1499.32,1471.45,1493.59,48430551
2021-01-15,AMZN,1492.88,1500.04,1487.19,1497.64,64744603
2021-01-18,AMZN,1502.26,1512.88,1505.7,1508.18,59305107
2021-01-19,AMZN,1514.71,1526.94,1515.15,1516.62,63880882
2021-01-20,AMZN,1570.17,1566.44,1560.47,1566.37,47459794
2021-01-21,AMZN,1579.47,1584.85,1570.42,1582.79,54805296
2021-01-22,AMZN,1573.6,1572.33,1566.88,1570.12,59183631
2021-01-25,AMZN,1589.75,1586.33,1584.37,1585.48,59293115
2021-01-26,AMZN,1516.48,1515.5,1511.74,1513.44,49332291
2021-01-27,AMZN,1536.54,1540.66,1530.41,1532.4,35256171
2021-01-28,AMZN,1594.37,1607.86,1598.33,1598.34,48249148
2021-01-29,AMZN,1598.81,1604.62,1589.08,1601.1,55627098
2021-02-01,AMZN,1569.65,1569.64,1563.45,1566.4,42467675
2021-02-02,AMZN,1556.1,1566.49,1546.1,1555.13,27633548
2021-02-03,AMZN,1619.44,1622.15,1619.45,1621.99,53763670
2021-02-04,AMZN,1631.6,1640.89,1625.57,1633.13,70305457
2021-02-05,AMZN,1642.35,1641.27,1632.14,1639.86,60310182
2021-02-08,AMZN,1673.08,1666.88,1661.72,1664.73,60708822
2021-02-09,AMZN,1646.97,1663.95,1640.6,1643.04,39107755
2021-02-10,AMZN,1640.6,1645.45,1642.43,1643.28,62905109
2021-02-11,AMZN,1641.66,1655.15,1640.35,1647.91,62844943
2021-02-12,AMZN,1673.68,1687.82,1674.84,1676.17,50840217
2021-02-15,AMZN,1672.43,1679.73,1669.63,1674.27,38299963
2021-02-16,AMZN,1688.42,1694.51,1691.45,1694.07,38396270
2021-02-17,AMZN,1751.18,1755.82,1744.98,1750.33,22248115
2021-02-18,AMZN,1804.03,1810.36,1797.26,1804.19,38508166
2021-02-19,AMZN,1856.67,1869.19,1855.87,1860.74,50803794
2021-02-22,AMZN,1906.81,1921.69,1900.85,1904.65,50819054
2021-02-23,AMZN,1874.5,1896.13,1860.67,1873.43,65818760
2021-02-24,AMZN,1921.28,1913.38,1909.48,1912.6,40538464
2021-02-25,AMZN,1967.56,1969.81,1952.59,1967.59,53376062
2021-02-26,AMZN,1975.17,1972.26,1964.38,1967.03,26858360
2021-03-01,AMZN,1934.92,1933.18,1915.81,1926.19,62576769
2021-03-02,AMZN,1936.89,1952.36,1933.17,1946.16,71419826
2021-03-03,AMZN,1917.9,1926.61,1919.96,1924.09,69251131
2021-03-04,AMZN,1951.53,1962.33,1938.54,1950.47,55210286
2021-03-05,AMZN,1960.75,1971.41,1949.5,1960.04,40450359
2021-03-08,AMZN,1893.02,1904.57,1875.54,1898.81,51704470
2021-03-09,AMZN,1930.23,1947.51,1930.58,1935.22,59846766
2021-03-10,AMZN,1976.78,1980.98,1971.08,1979.41,43695014
2021-03-11,AMZN,1949.98,1948.11,1941.52,1947.12,49917676
2021-03-12,AMZN,1950.53,1950.39,1936.95,1949.59,44163744
2021-03-15,AMZN,1906.82,1909.05,1899.69,1905.52,58476378
2021-03-16,AMZN,1883.93,1876.17,1858.34,1875.31,36409335
2021-03-17,AMZN,1852.78,1871.9,1857.28,1859.46,57130732
2021-03-18,AMZN,1879.39,1887.81,1876.91,1881.85,47929760
2021-03-19,AMZN,1816.96,1823.51,1805.6,1821.85,44165064
2021-03-22,AMZN,1792.06,1791.21,1775.0,1785.74,37519894
2021-03-23,AMZN,1804.03,1814.36,1796.86,1801.45,45283574
2021-03-24,AMZN,1801.96,1819.91,1805.76,1808.73,45439583
2021-03-25,AMZN,1843.39,1849.45,1845.36,1846.46,61885991
2021-03-26,AMZN,1897.15,1911.19,1885.49,1899.19,44998309
2021-03-29,AMZN,1901.34,1895.08,1881.16,1894.72,55384693
2021-03-30,AMZN,1854.07,1864.79,1846.96,1849.18,49204329
2021-03-31,AMZN,1906.13,1920.27,1898.4,1909.94,42977027
2021-04-01,AMZN,1932.75,1931.66,1912.68,1927.6,32400480
2021-04-02,AMZN,1894.13,1908.43,1891.11,1893.07,69164543
2021-04-05,AMZN,1917.41,1936.91,1920.28,1923.05,51281076
2021-04-06,AMZN,1945.84,1949.83,1938.4,1942.99,40669720
2021-04-07,AMZN,1902.37,1919.77,1908.88,1909.12,45752556
2021-04-08,AMZN,1939.41,1948.97,1934.1,1938.99,52468869
2021-04-09,AMZN,1929.69,1930.68,1917.44,1923.12,49183980
2021-04-12,AMZN,1904.77,1913.44,1904.0,1906.93,44308302
2021-04-13,AMZN,1884.95,1899.44,1891.08,1892.97,53030162
2021-04-14,AMZN,1915.41,1920.87,1896.9,1915.31,34386570
2021-04-15,AMZN,1905.25,1907.32,1902.44,1906.73,39884297
2021-04-16,AMZN,1865.43,1877.92,1866.58,1871.8,42671868
2021-04-19,AMZN,1900.77,1908.96,1886.2,1893.35,59741184
2021-04-20,AMZN,1918.31,1923.98,1919.38,1920.73,47808928
2021-04-21,AMZN,1922.6,1930.4,1919.46,1923.54,50555387
2021-04-22,AMZN,1932.02,1944.76,1923.57,1938.29,61073105
2021-04-23,AMZN,1935.33,1940.97,1934.31,1936.86,55579377
2021-04-26,AMZN,1903.22,1901.2,1898.62,1900.96,52228639
2021-04-27,AMZN,1932.34,1923.7,1909.17,1918.2,46987353
2021-04-28,AMZN,1909.64,1919.25,1897.5,1912.76,40011847
2021-04-29,AMZN,1872.79,1887.87,1863.23,1872.95,40227151
2021-04-30,AMZN,1823.6,1830.06,1818.82,1827.39,70061050
2021-05-03,AMZN,1840.58,1849.72,1833.55,1841.14,45602816
2021-05-04,AMZN,1850.2,1851.04,1844.22,1849.48,42936702
2021-05-05,AMZN,1831.64,1847.74,1832.95,1844.65,40609367
2021-05-06,AMZN,1889.66,1904.72,1894.4,1901.78,39917139
2021-05-07,AMZN,1861.12,1860.44,1836.05,1858.56,66956125
2021-05-10,AMZN,1850.47,1863.71,1831.89,1851.07,44607352
2021-05-11,AMZN,1821.19,1812.96,1809.42,1810.16,37050260
2021-05-12,AMZN,1814.23,1828.98,1808.67,1812.54,55125831
2021-05-13,AMZN,1831.48,1834.87,1825.92,1831.23,39521336
2021-05-14,AMZN,1780.81,1778.99,1772.94,1774.14,48993983
2021-05-17,AMZN,1773.04,1772.15,1766.35,1768.74,69793336
2021-05-18,AMZN,1843.84,1836.04,1832.06,1835.15,48500379
2021-05-19,AMZN,1863.33,1867.43,1854.0,1856.89,42818043
2021-05-20,AMZN,1860.42,1867.99,1834.81,1853.4,51880995
2021-05-21,AMZN,1867.04,1873.65,1857.01,1869.95,57322676
2021-05-24,AMZN,1901.34,1916.33,1883.24,1904.76,39808293
2021-05-25,AMZN,1922.61,1929.43,1890.64,1910.17,56176893
2021-05-26,AMZN,1920.41,1918.16,1913.28,1914.68,43675558
2021-05-27,AMZN,1928.69,1923.51,1911.27,1921.33,45543232
2021-05-28,AMZN,1949.03,1956.26,1939.16,1955.13,39152411
2021-05-31,AMZN,1934.82,1926.9,1910.78,1925.62,26900313
2021-06-01,AMZN,1940.86,1965.44,1926.68,1934.37,49597557
2021-06-02,AMZN,1940.22,1938.42,1930.11,1937.71,47685919
2021-06-03,AMZN,1959.87,1970.06,1960.46,1968.94,31359351
2021-06-04,AMZN,2024.23,2018.07,2010.05,2013.46,44371956
2021-06-07,AMZN,2003.87,1993.9,1992.29,1992.59,65658205
2021-06-08,AMZN,2016.02,2028.81,2012.42,2014.22,46984863
2021-06-09,AMZN,1970.74,1982.5,1965.4,1970.64,49975321
2021-06-10,AMZN,1917.72,1930.16,1917.54,1920.77,47822869
2021-06-11,AMZN,1908.65,1924.47,1908.64,1917.93,48534817
2021-06-14,AMZN,1940.31,1954.6,1938.44,1938.67,40104195
2021-06-15,AMZN,1985.16,1989.95,1985.12,1986.12,32292255
2021-06-16,AMZN,2024.4,2030.43,2018.39,2020.78,64609034
2021-06-17,AMZN,1987.05,1988.72,1970.57,1984.29,56711713
2021-06-18,AMZN,1944.41,1953.12,1947.79,1949.42,33254303
2021-06-21,AMZN,1941.06,1946.18,1932.52,1933.09,51790209
2021-06-22,AMZN,1914.05,1920.73,1906.51,1908.54,39316718
2021-06-23,AMZN,1938.11,1953.2,1940.0,1942.82,49539911
2021-06-24,AMZN,1969.55,1965.89,1957.69,1963.59,43515533
2021-06-25,AMZN,1930.16,1925.98,1922.44,1925.62,39255016
2021-06-28,AMZN,1959.96,1972.86,1959.6,1959.6,42324534
2021-06-29,AMZN,1941.69,1946.07,1928.1,1942.11,36778270
2021-06-30,AMZN,1959.72,1959.18,1950.88,1951.12,57775086
2021-07-01,AMZN,1907.33,1922.19,1914.74,1916.91,53363567
2021-07-02,AMZN,1862.9,1869.6,1851.64,1860.08,43241216
2021-07-05,AMZN,1864.12,1870.81,1856.4,1866.02,56982655
2021-07-06,AMZN,1871.66,1881.52,1860.82,1867.97,33910734
2021-07-07,AMZN,1855.61,1869.37,1857.77,1859.47,46223950
2021-07-08,AMZN,1884.48,1898.08,1884.04,1893.58,50579746
2021-07-09,AMZN,1923.23,1939.76,1910.36,1925.26,60342266
2021-07-12,AMZN,1914.08,1928.29,1904.67,1919.55,33110983
2021-07-13,AMZN,1923.52,1930.65,1909.91,1922.03,58452710
2021-07-14,AMZN,1922.2,1938.0,1918.81,1922.52,48434953
2021-07-15,AMZN,1918.89,1906.05,1900.37,1905.22,51123320
2021-07-16,AMZN,1955.61,1958.24,1953.77,1954.74,37782636
2021-07-19,AMZN,1966.14,1985.07,1957.01,1965.49,61939822
2021-07-20,AMZN,2019.83,2016.26,2012.31,2013.88,36705064
2021-07-21,AMZN,2025.55,2036.74,2026.6,2028.34,54353581
2021-07-22,AMZN,2048.98,2057.05,2044.36,2047.93,68540238
2021-07-23,AMZN,1998.89,2012.39,1992.58,1995.47,46743403
2021-07-26,AMZN,1975.04,1977.02,1961.96,1972.24,44578842
2021-07-27,AMZN,2091.69,2106.46,2084.14,2093.91,43748342
2021-07-28,AMZN,2077.9,2095.85,2074.25,2084.58,55395475
2021-07-29,AMZN,2105.56,2104.59,2085.08,2096.51,53570044
2021-07-30,AMZN,2053.05,2061.8,2044.84,2048.55,55950088
2021-08-02,AMZN,2097.51,2104.13,2086.23,2088.57,63328017
2021-08-03,AMZN,2108.52,2126.62,2095.54,2101.94,50444479
2021-08-04,AMZN,2073.35,2083.74,2072.78,2074.67,32314143
2021-08-05,AMZN,2039.01,2042.35,2031.69,2039.11,49279357
2021-08-06,AMZN,2006.45,2005.74,1992.28,2005.51,34926864
2021-08-09,AMZN,1963.0,1969.22,1961.24,1963.44,43872658
2021-08-10,AMZN,1975.78,1983.81,1978.99,1980.83,59216912
2021-08-11,AMZN,1984.25,1979.98,1962.2,1973.98,62773740
2021-08-12,AMZN,1902.92,1918.15,1905.92,1910.49,48684059
2021-08-13,AMZN,1920.91,1926.69,1919.73,1924.92,27558184
2021-08-16,AMZN,1944.67,1967.18,1933.12,1957.63,57508321
2021-08-17,AMZN,1887.3,1909.32,1888.08,1892.7,57802224
2021-08-18,AMZN,1885.29,1878.29,1873.54,1875.47,68149259
2021-08-19,AMZN,1849.12,1866.82,1853.7,1856.99,43037716
2021-08-20,AMZN,1930.07,1934.76,1921.65,1931.3,44600580
2021-08-23,AMZN,1926.96,1935.35,1918.34,1932.78,57078845
2021-08-24,AMZN,1922.65,1921.09,1918.59,1920.85,61465790
2021-08-25,AMZN,1891.12,1890.92,1878.43,1885.55,35870824
2021-08-26,AMZN,1897.03,1910.53,1893.34,1894.28,57803955
2021-08-27,AMZN,1864.73,1878.9,1857.17,1861.82,33379726
2021-08-30,AMZN,1885.77,1892.31,1872.2,1887.53,40123416
2021-08-31,AMZN,1873.43,1870.92,1855.77,1866.21,63276978
2021-09-01,AMZN,1864.44,1864.21,1843.67,1860.55,66534401
2021-09-02,AMZN,1850.48,1842.03,1836.96,1840.96,51997762
2021-09-03,AMZN,1839.61,1849.28,1834.46,1847.63,41920048
2021-09-06,AMZN,1876.91,1883.15,1875.02,1880.0,48623431
2021-09-07,AMZN,1935.11,1936.42,1927.35,1934.96,67550836
2021-09-08,AMZN,1919.74,1930.33,1914.19,1919.0,56882409
2021-09-09,AMZN,1950.53,1962.63,1943.14,1952.42,56844930
2021-09-10,AMZN,1916.59,1916.99,1905.52,1911.19,55282607
2021-09-13,AMZN,1934.21,1954.12,1938.16,1941.12,38190363
2021-09-14,AMZN,1885.49,1885.36,1877.44,1881.05,50169142
2021-09-15,AMZN,1871.67,1867.02,1856.24,1865.93,42140844
2021-09-16,AMZN,1820.87,1837.82,1825.08,1830.33,58550016
2021-09-17,AMZN,1810.99,1811.19,1806.12,1807.81,54454791
2021-09-20,AMZN,1806.18,1810.66,1803.09,1806.82,68053544
2021-09-21,AMZN,1825.64,1833.8,1821.01,1825.37,62994312
2021-09-22,AMZN,1863.76,1873.41,1860.98,1869.71,52524287
2021-09-23,AMZN,1939.26,1948.73,1928.01,1943.5,43760857
2021-09-24,AMZN,1920.84,1920.64,1913.38,1916.92,60917634
2021-09-27,AMZN,1933.66,1953.48,1924.35,1934.58,51472798
2021-09-28,AMZN,1964.89,1963.91,1962.99,1963.49,47449782
2021-09-29,AMZN,1966.8,1978.05,1966.15,1966.98,49664145
2021-09-30,AMZN,2003.87,2022.11,1993.11,2010.96,43457797
2021-10-01,AMZN,2030.35,2047.52,2022.73,2037.03,52778428
2021-10-04,AMZN,2103.45,2132.03,2116.2,2118.82,50816427
2021-10-05,AMZN,2133.53,2136.59,2123.44,2132.51,40577388
2021-10-06,AMZN,2201.62,2217.72,2193.79,2201.03,43398359
2021-10-07,AMZN,2202.26,2218.95,2191.35,2200.91,59239743
2021-10-08,AMZN,2225.43,2226.39,2211.09,2221.99,58585514
2021-10-11,AMZN,2224.29,2231.58,2222.64,2228.75,33948295
2021-10-12,AMZN,2205.15,2205.19,2189.3,2194.87,48424380
2021-10-13,AMZN,2200.74,2207.56,2187.05,2204.55,47774779
2021-10-14,AMZN,2204.36,2213.74,2186.43,2201.23,62329093
2021-10-15,AMZN,2211.77,2210.44,2195.52,2208.54,42644693
2021-10-18,AMZN,2252.67,2248.99,2242.93,2246.65,49111678
2021-10-19,AMZN,2264.79,2269.66,2253.32,2262.18,63494731
2021-10-20,AMZN,2232.89,2231.08,2216.84,2226.07,60119055
2021-10-21,AMZN,2218.03,2237.78,2201.08,2213.33,56506108
2021-10-22,AMZN,2253.61,2262.22,2248.83,2251.02,45998639
2021-10-25,AMZN,2269.11,2283.46,2264.69,2269.48,41794147
2021-10-26,AMZN,2201.53,2209.79,2200.93,2201.22,40132263
2021-10-27,AMZN,2195.13,2206.97,2194.93,2194.93,52075282
2021-10-28,AMZN,2143.4,2156.18,2135.97,2149.46,39507852
2021-10-29,AMZN,2137.88,2147.48,2143.69,2143.7,60054953
2021-11-01,AMZN,2170.96,2176.63,2169.54,2174.74,46898550
2021-11-02,AMZN,2125.55,2133.81,2114.49,2123.62,66342744
2021-11-03,AMZN,2111.43,2117.28,2109.15,2113.46,43400459
2021-11-04,AMZN,2131.8,2124.14,2118.41,2123.83,68965829
2021-11-05,AMZN,2178.65,2172.63,2158.33,2166.59,57603193
2021-11-08,AMZN,2139.28,2149.89,2138.96,2145.68,47150691
2021-11-09,AMZN,2185.31,2206.4,2172.79,2186.46,53536795
2021-11-10,AMZN,2137.1,2138.01,2124.33,2136.66,59390889
2021-11-11,AMZN,2118.13,2124.36,2106.81,2115.79,38144039
2021-11-12,AMZN,2093.47,2103.95,2077.97,2087.62,45218133
2021-11-15,AMZN,2078.97,2091.21,2066.2,2088.13,50863330
2021-11-16,AMZN,2066.55,2073.33,2046.48,2063.05,36237787
2021-11-17,AMZN,2043.08,2062.24,2031.81,2051.32,48779403
2021-11-18,AMZN,1992.53,2007.64,1987.72,1991.72,64743129
2021-11-19,AMZN,2000.68,1999.5,1995.99,1997.3,45075586
2021-11-22,AMZN,1989.95,1998.69,1987.87,1990.63,35994776
2021-11-23,AMZN,2043.0,2048.67,2031.84,2041.92,37065494
2021-11-24,AMZN,2084.86,2088.66,2072.07,2086.0,57040512
2021-11-25,AMZN,2021.85,2029.19,2011.24,2024.12,54718117
2021-11-26,AMZN,2009.25,2012.58,1995.35,2003.93,63097571
2021-11-29,AMZN,2042.62,2042.57,2017.39,2039.06,48747652
2021-11-30,AMZN,1998.91,2011.33,1991.37,2005.75,54683091
2021-12-01,AMZN,2023.65,2017.39,2007.3,2013.79,47040284
2021-12-02,AMZN,2005.3,2012.31,1996.86,2006.07,46946262
2021-12-03,AMZN,1935.01,1938.55,1920.04,1931.04,47560970
2021-12-06,AMZN,1931.29,1922.42,1913.96,1922.33,62981939
2021-12-07,AMZN,1985.35,1982.54,1975.49,1975.78,43190331
2021-12-08,AMZN,1942.66,1952.97,1942.02,1947.11,48446270
2021-12-09,AMZN,1889.38,1899.23,1880.3,1894.68,62171671
2021-12-10,AMZN,1930.18,1936.88,1930.6,1933.26,42270963
2021-12-13,AMZN,1922.22,1936.48,1919.51,1921.94,40665787
2021-12-14,AMZN,1970.88,1979.76,1966.94,1973.77,49986699
2021-12-15,AMZN,1994.19,1996.93,1979.43,1995.41,44954394
2021-12-16,AMZN,2009.65,2030.28,2008.2,2017.52,56385846
2021-12-17,AMZN,1996.81,2000.65,1986.84,1995.89,38003790
2021-12-20,AMZN,1972.71,1973.23,1947.44,1966.06,51101075
2021-12-21,AMZN,1930.15,1942.74,1921.94,1928.7,41747294
2021-12-22,AMZN,1868.13,1875.82,1858.93,1863.11,53465331
2021-12-23,AMZN,1869.36,1886.88,1856.24,1868.11,48805823
2021-12-24,AMZN,1903.22,1916.51,1893.63,1904.63,39965234
2021-12-27,AMZN,1937.38,1950.44,1918.36,1937.22,39391157
2021-12-28,AMZN,1897.2,1909.35,1895.9,1897.23,37640778
2021-12-29,AMZN,1886.0,1899.21,1880.75,1886.31,46215974
2021-12-30,AMZN,1847.32,1848.33,1841.74,1845.57,51670179
2021-12-31,AMZN,1876.53,1875.5,1853.57,1870.97,40639674
2022-01-03,AMZN,1833.4,1836.72,1833.55,1836.32,44613073
2022-01-04,AMZN,1819.37,1837.59,1824.64,1824.67,40422166
2022-01-05,AMZN,1818.11,1819.59,1813.03,1817.43,41581266
2022-01-06,AMZN,1802.36,1811.5,1794.54,1804.88,55974628
2022-01-07,AMZN,1825.01,1834.04,1828.51,1832.28,55256399
2022-01-10,AMZN,1873.62,1897.94,1870.28,1873.91,40801893
2022-01-11,AMZN,1821.53,1816.22,1793.29,1814.61,61165642
2022-01-12,AMZN,1826.9,1826.01,1800.65,1822.73,44206594
2022-01-13,AMZN,1797.66,1804.45,1798.32,1801.54,50138720
2022-01-14,AMZN,1783.83,1785.88,1771.71,1784.98,39037044
2022-01-17,AMZN,1761.69,1767.32,1751.89,1766.05,55689643
2022-01-18,AMZN,1721.6,1739.48,1713.77,1724.15,42127903
2022-01-19,AMZN,1728.2,1743.11,1713.26,1730.59,48659512
2022-01-20,AMZN,1726.11,1739.22,1722.84,1733.89,38617378
2022-01-21,AMZN,1749.4,1758.91,1738.26,1748.75,39464773
2022-01-24,AMZN,1734.31,1751.43,1737.8,1745.32,51395631
2022-01-25,AMZN,1707.78,1710.28,1704.46,1708.84,48503246
2022-01-26,AMZN,1705.47,1721.22,1704.32,1714.98,47734088
2022-01-27,AMZN,1735.65,1744.02,1731.39,1739.87,39932074
2022-01-28,AMZN,1759.51,1764.62,1755.87,1758.12,73683934
2022-01-31,AMZN,1766.54,1775.18,1755.1,1768.01,48809141
2022-02-01,AMZN,1699.37,1708.17,1699.56,1702.09,59686237
2022-02-02,AMZN,1662.27,1663.12,1649.94,1657.51,34341436
2022-02-03,AMZN,1664.8,1672.44,1655.15,1666.87,40950220
2022-02-04,AMZN,1689.78,1697.81,1683.7,1693.46,46193025
2022-02-07,AMZN,1692.15,1700.4,1686.04,1691.89,47393511
2022-02-08,AMZN,1649.04,1651.99,1637.72,1641.39,51961092
2022-02-09,AMZN,1695.26,1703.54,1686.23,1698.39,48308650
2022-02-10,AMZN,1673.7,1676.83,1662.23,1673.67,52374119
2022-02-11,AMZN,1641.57,1661.57,1645.08,1645.61,33704607
2022-02-14,AMZN,1647.07,1649.92,1641.33,1647.78,38062812
2022-02-15,AMZN,1695.91,1698.76,1692.92,1695.07,54740419
2022-02-16,AMZN,1656.92,1655.71,1650.68,1654.41,42598180
2022-02-17,AMZN,1621.7,1651.51,1627.81,1637.9,61567619
2022-02-18,AMZN,1631.68,1642.13,1628.1,1636.34,43200640
2022-02-21,AMZN,1607.03,1616.35,1597.12,1605.47,50500901
2022-02-22,AMZN,1623.53,1621.66,1610.53,1621.13,39953107
2022-02-23,AMZN,1637.65,1648.99,1633.8,1639.43,56744048
2022-02-24,AMZN,1635.76,1644.99,1629.32,1644.83,39616223
2022-02-25,AMZN,1618.42,1629.39,1609.28,1615.09,44083526
2022-02-28,AMZN,1604.21,1620.27,1600.03,1606.43,56424004
2022-03-01,AMZN,1559.09,1564.72,1552.69,1561.17,28844385
2022-03-02,AMZN,1587.24,1601.45,1588.65,1595.59,65124557
2022-03-03,AMZN,1579.57,1579.11,1569.56,1575.09,48202016
2022-03-04,AMZN,1583.95,1589.07,1587.71,1588.47,68121405
2022-03-07,AMZN,1554.79,1552.62,1546.51,1549.42,63880900
2022-03-08,AMZN,1545.97,1550.37,1532.63,1546.27,39335665
2022-03-09,AMZN,1541.54,1546.65,1533.77,1536.63,48789585
2022-03-10,AMZN,1487.81,1502.38,1481.47,1494.75,48216616
2022-03-11,AMZN,1509.52,1504.76,1501.1,1501.59,50651683
2022-03-14,AMZN,1527.68,1534.47,1518.57,1528.45,71233205
2022-03-15,AMZN,1513.68,1520.92,1514.51,1515.81,42062954
2022-03-16,AMZN,1497.82,1514.58,1502.78,1503.81,34882534
2022-03-17,AMZN,1557.06,1562.42,1557.29,1560.68,53209859
2022-03-18,AMZN,1593.12,1605.08,1596.19,1599.86,70228661
2022-03-21,AMZN,1605.19,1610.96,1605.25,1607.65,45410948
2022-03-22,AMZN,1543.5,1541.99,1540.16,1541.24,44768562
2022-03-23,AMZN,1522.15,1521.56,1509.23,1521.5,31381807
2022-03-24,AMZN,1554.02,1556.25,1543.76,1550.95,51115142
2022-03-25,AMZN,1521.17,1540.23,1522.4,1524.81,60949695
2022-03-28,AMZN,1528.27,1530.97,1511.91,1525.63,13449134
2022-03-29,AMZN,1512.81,1523.95,1507.42,1513.47,53540485
2022-03-30,AMZN,1523.27,1528.85,1515.81,1520.65,52014923
2022-03-31,AMZN,1545.49,1556.83,1552.12,1554.37,60561640
2022-04-01,AMZN,1553.22,1575.58,1549.66,1552.81,55465049
2022-04-04,AMZN,1522.79,1526.92,1523.92,1524.18,61726039
2022-04-05,AMZN,1498.04,1503.29,1490.3,1501.22,47031140
2022-04-06,AMZN,1565.29,1565.23,1557.58,1561.53,44319064
2022-04-07,AMZN,1531.64,1530.89,1512.07,1520.45,45106676
2022-04-08,AMZN,1578.41,1586.84,1567.97,1576.05,58377462
2022-04-11,AMZN,1602.21,1606.45,1591.97,1602.46,52230302
2022-04-12,AMZN,1585.75,1592.29,1587.47,1590.09,53949712
2022-04-13,AMZN,1579.65,1588.88,1577.11,1583.34,45433324
2022-04-14,AMZN,1588.27,1596.65,1584.23,1585.75,47023574
2022-04-15,AMZN,1582.71,1584.5,1581.79,1584.11,63399998
2022-04-18,AMZN,1572.99,1587.98,1552.95,1574.54,63131697
2022-04-19,AMZN,1614.0,1620.24,1611.02,1612.61,37254897
2022-04-20,AMZN,1668.15,1674.76,1665.54,1667.66,48925602
2022-04-21,AMZN,1651.13,1661.04,1641.7,1649.54,46004469
2022-04-22,AMZN,1680.44,1683.78,1666.68,1679.87,62297815
2022-04-25,AMZN,1688.17,1677.73,1666.85,1677.13,65603668
2022-04-26,AMZN,1704.15,1707.66,1698.32,1702.64,40869508
2022-04-27,AMZN,1714.23,1717.8,1697.22,1714.03,54148748
2022-04-28,AMZN,1708.12,1715.17,1700.62,1712.1,60349381
2022-04-29,AMZN,1712.73,1715.54,1707.95,1712.63,26979878
2022-05-02,AMZN,1732.88,1753.49,1728.52,1737.78,54408798
2022-05-03,AMZN,1780.73,1781.86,1770.89,1781.84,39700679
2022-05-04,AMZN,1758.0,1764.79,1753.93,1762.12,50745340
2022-05-05,AMZN,1767.06,1781.68,1765.58,1769.09,57202615
2022-05-06,AMZN,1788.59,1797.97,1787.58,1793.09,63237620
2022-05-09,AMZN,1763.87,1772.39,1767.61,1769.27,59009157
2022-05-10,AMZN,1746.73,1766.21,1726.09,1751.33,63759084
2022-05-11,AMZN,1786.8,1795.73,1785.95,1789.3,36665678
2022-05-12,AMZN,1762.42,1769.61,1756.54,1760.97,36648533
2022-05-13,AMZN,1765.88,1784.84,1757.08,1764.52,36547675
2022-05-16,AMZN,1816.55,1829.82,1808.72,1813.53,37603295
2022-05-17,AMZN,1807.1,1827.75,1787.11,1812.91,43833750
2022-05-18,AMZN,1827.73,1833.93,1832.45,1833.31,44699886
2022-05-19,AMZN,1805.28,1815.93,1799.52,1804.88,44273614
2022-05-20,AMZN,1788.31,1801.73,1791.0,1795.49,55634535
2022-05-23,AMZN,1806.62,1807.11,1798.5,1804.15,50287286
2022-05-24,AMZN,1883.48,1890.1,1872.53,1878.03,51425862
2022-05-25,AMZN,1897.04,1904.41,1889.72,1902.8,63424598
2022-05-26,AMZN,1940.99,1952.99,1935.12,1941.25,43934179
2022-05-27,AMZN,1884.09,1889.0,1872.85,1879.5,47892895
2022-05-30,AMZN,1902.04,1915.18,1904.69,1906.17,54410541
2022-05-31,AMZN,1914.66,1929.0,1914.2,1922.52,44900707
2022-06-01,AMZN,1863.45,1868.0,1859.07,1861.05,35243212
2022-06-02,AMZN,1906.6,1917.31,1898.55,1905.93,48105572
2022-06-03,AMZN,1897.82,1903.8,1885.46,1897.75,37307784
2022-06-06,AMZN,1882.51,1887.14,1877.46,1885.93,44622234
2022-06-07,AMZN,1890.11,1895.49,1874.33,1887.25,45359374
2022-06-08,AMZN,1881.65,1896.19,1875.56,1877.4,57189138
2022-06-09,AMZN,1834.32,1857.29,1832.75,1840.3,33358170
2022-06-10,AMZN,1884.05,1882.51,1865.73,1872.96,33402646
2022-06-13,AMZN,1828.61,1837.74,1831.32,1833.52,38413449
2022-06-14,AMZN,1880.36,1883.61,1875.63,1881.14,52894549
2022-06-15,AMZN,1915.53,1921.06,1909.0,1911.54,65447973
2022-06-16,AMZN,1959.58,1976.1,1964.16,1975.41,65522829
2022-06-17,AMZN,1950.73,1953.98,1947.32,1951.62,51964533
2022-06-20,AMZN,2015.79,2008.74,1993.99,2004.89,55267642
2022-06-21,AMZN,2075.01,2079.95,2057.3,2071.0,40160519
2022-06-22,AMZN,2066.83,2072.67,2055.13,2071.89,72051873
2022-06-23,AMZN,2078.43,2082.73,2062.04,2080.9,49085796
2022-06-24,AMZN,2102.27,2120.82,2108.68,2116.58,40635016
2022-06-27,AMZN,2096.66,2084.82,2076.81,2083.17,39423710
2022-06-28,AMZN,2138.18,2135.74,2124.79,2133.4,27817644
2022-06-29,AMZN,2136.56,2136.42,2121.53,2133.62,67165403
2022-06-30,AMZN,2037.75,2042.75,2024.62,2037.31,46743787
2022-07-01,AMZN,2033.04,2023.9,2000.44,2016.94,42603709
2022-07-04,AMZN,1959.89,1960.58,1939.37,1955.11,66063470
2022-07-05,AMZN,1946.27,1954.14,1947.08,1948.2,56630940
2022-07-06,AMZN,1982.37,1991.29,1975.85,1980.91,57944266
2022-07-07,AMZN,1916.62,1917.41,1914.89,1915.4,49123764
2022-07-08,AMZN,1932.78,1935.58,1919.13,1930.03,51506858
2022-07-11,AMZN,1903.4,1915.5,1905.76,1907.73,49433384
2022-07-12,AMZN,1929.24,1934.02,1924.0,1928.7,60258195
2022-07-13,AMZN,1963.61,1977.13,1964.08,1969.86,44560602
2022-07-14,AMZN,2035.14,2038.75,2014.23,2035.88,47411863
2022-07-15,AMZN,2026.92,2034.86,2026.06,2033.93,55013366
2022-07-18,AMZN,2068.82,2096.33,2066.52,2071.01,42287707
2022-07-19,AMZN,2105.55,2119.87,2102.01,2111.27,59525147
2022-07-20,AMZN,2113.68,2133.71,2116.27,2125.65,41250349
2022-07-21,AMZN,2165.83,2173.85,2146.53,2151.14,58298197
2022-07-22,AMZN,2085.56,2103.1,2091.77,2100.85,56444511
2022-07-25,AMZN,2142.25,2147.64,2142.7,2143.36,47686776
2022-07-26,AMZN,2101.87,2108.38,2096.78,2101.15,44431852
2022-07-27,AMZN,2067.39,2078.61,2066.9,2070.74,55062784
2022-07-28,AMZN,2051.69,2056.06,2045.39,2055.41,38275883
2022-07-29,AMZN,2049.23,2064.94,2048.11,2050.95,25363158
2022-08-01,AMZN,2071.41,2071.96,2057.84,2070.07,57356085
2022-08-02,AMZN,2102.6,2113.96,2112.56,2112.57,62395377
2022-08-03,AMZN,2094.19,2118.57,2100.17,2107.97,45707257
2022-08-04,AMZN,2138.48,2145.84,2133.47,2141.15,29900707
2022-08-05,AMZN,2166.09,2169.17,2164.89,2167.84,50140797
2022-08-08,AMZN,2196.36,2193.14,2177.64,2192.57,54985696
2022-08-09,AMZN,2208.23,2212.72,2200.56,2200.89,64072110
2022-08-10,AMZN,2231.6,2231.65,2221.88,2223.34,35023721
2022-08-11,AMZN,2214.97,2212.98,2199.63,2209.19,53768150
2022-08-12,AMZN,2177.32,2189.76,2181.42,2183.15,42870815
2022-08-15,AMZN,2203.58,2210.31,2194.63,2199.99,65817541
2022-08-16,AMZN,2152.95,2157.39,2144.62,2153.56,62382832
2022-08-17,AMZN,2241.26,2238.55,2232.1,2234.71,58420688
2022-08-18,AMZN,2142.24,2139.72,2135.47,2139.69,48063417
2022-08-19,AMZN,2147.85,2146.46,2129.39,2137.23,41523280
2022-08-22,AMZN,2094.45,2087.33,2086.82,2087.12,37708050
2022-08-23,AMZN,2070.21,2090.87,2054.43,2068.66,45365670
2022-08-24,AMZN,2016.06,2035.22,2018.59,2022.78,51040054
2022-08-25,AMZN,2096.03,2097.27,2083.57,2093.63,37742082
2022-08-26,AMZN,2149.68,2170.61,2153.71,2155.48,45742301
2022-08-29,AMZN,2138.62,2149.41,2134.14,2145.29,60109095
2022-08-30,AMZN,2169.22,2173.97,2156.68,2168.46,39404115
2022-08-31,AMZN,2206.32,2219.25,2200.81,2206.85,44393751
2022-09-01,AMZN,2200.93,2215.55,2190.52,2203.65,42482564
2022-09-02,AMZN,2195.9,2210.41,2183.39,2202.87,66377550
2022-09-05,AMZN,2212.43,2215.12,2209.64,2212.77,45701880
2022-09-06,AMZN,2234.95,2234.38,2220.18,2233.25,25412580
2022-09-07,AMZN,2241.57,2265.49,2248.56,2249.64,50028231
2022-09-08,AMZN,2279.08,2289.5,2254.91,2272.43,51311527
2022-09-09,AMZN,2260.55,2264.27,2253.04,2255.7,40077302
2022-09-12,AMZN,2231.87,2242.63,2215.52,2232.1,22127110
2022-09-13,AMZN,2227.46,2225.58,2222.63,2225.22,45230900
2022-09-14,AMZN,2268.12,2270.79,2243.66,2257.62,40869402
2022-09-15,AMZN,2219.95,2227.8,2210.04,2223.23,61025269
2022-09-16,AMZN,2247.65,2274.07,2249.85,2251.78,50512435
2022-09-19,AMZN,2240.41,2248.22,2246.42,2246.69,52822177
2022-09-20,AMZN,2178.69,2201.42,2192.26,2193.56,57689915
2022-09-21,AMZN,2115.08,2124.75,2103.97,2117.66,55191306
2022-09-22,AMZN,2203.71,2198.7,2175.64,2197.42,47680815
2022-09-23,AMZN,2200.74,2206.83,2176.21,2200.69,45903061
2022-09-26,AMZN,2255.58,2255.24,2228.79,2247.07,54495250
2022-09-27,AMZN,2180.66,2189.25,2177.31,2188.64,63775773
2022-09-28,AMZN,2141.82,2141.45,2122.96,2133.01,45089838
2022-09-29,AMZN,2095.68,2096.14,2084.57,2091.49,47286608
2022-09-30,AMZN,2108.38,2108.0,2083.57,2101.16,60829568
2022-10-03,AMZN,2134.21,2135.7,2116.91,2130.16,51142652
2022-10-04,AMZN,2165.55,2185.34,2170.56,2176.55,49109994
2022-10-05,AMZN,2154.77,2159.28,2152.08,2156.56,54590339
2022-10-06,AMZN,2136.02,2142.67,2125.1,2141.36,56560435
2022-10-07,AMZN,2095.54,2110.29,2087.01,2097.22,79987341
2022-10-10,AMZN,2142.6,2152.34,2134.18,2142.17,42232879
2022-10-11,AMZN,2103.21,2114.32,2097.56,2103.85,40789740
2022-10-12,AMZN,2061.59,2079.04,2073.69,2077.73,50169197
2022-10-13,AMZN,2049.78,2066.38,2021.8,2051.99,32777714
2022-10-14,AMZN,2066.97,2058.8,2036.41,2056.69,58653749
2022-10-17,AMZN,2038.27,2043.69,2034.09,2036.79,34417701
2022-10-18,AMZN,2070.43,2075.29,2073.12,2074.17,42063835
2022-10-19,AMZN,2079.38,2104.22,2077.74,2085.98,29413193
2022-10-20,AMZN,2158.53,2160.44,2143.44,2151.21,68544309
2022-10-21,AMZN,2101.67,2105.81,2086.54,2095.79,66391321
2022-10-24,AMZN,2060.01,2072.49,2050.64,2057.93,37285463
2022-10-25,AMZN,2056.66,2055.43,2051.05,2054.28,39929691
2022-10-26,AMZN,2023.9,2028.47,2010.46,2024.04,55036707
2022-10-27,AMZN,2045.95,2059.25,2040.95,2050.73,43099254
2022-10-28,AMZN,2120.91,2123.97,2113.67,2118.58,36792065
2022-10-31,AMZN,2177.43,2194.27,2181.11,2189.02,57796438
2022-11-01,AMZN,2168.17,2190.82,2166.05,2176.42,37182158
2022-11-02,AMZN,2190.28,2183.53,2175.68,2179.32,48704962
2022-11-03,AMZN,2096.26,2099.34,2084.29,2096.8,65293306
2022-11-04,AMZN,2115.46,2133.0,2112.42,2113.58,60803558
2022-11-07,AMZN,2184.01,2189.48,2174.79,2179.59,48319931
2022-11-08,AMZN,2118.36,2126.48,2122.16,2126.04,63266216
2022-11-09,AMZN,2161.02,2177.85,2148.25,2163.02,42215084
2022-11-10,AMZN,2197.72,2203.92,2182.43,2203.35,32683424
2022-11-11,AMZN,2184.76,2202.17,2183.34,2193.51,52289274
2022-11-14,AMZN,2142.76,2142.87,2135.94,2139.59,36161711
2022-11-15,AMZN,2193.75,2189.45,2179.1,2187.45,38425550
2022-11-16,AMZN,2234.0,2236.74,2205.7,2220.91,61118533
2022-11-17,AMZN,2303.51,2304.13,2298.69,2299.87,49878044
2022-11-18,AMZN,2264.12,2281.56,2268.96,2271.39,39051365
2022-11-21,AMZN,2284.35,2288.35,2276.55,2287.27,44187440
2022-11-22,AMZN,2300.15,2313.78,2296.84,2304.42,47902978
2022-11-23,AMZN,2379.8,2390.89,2359.17,2374.55,65669788
2022-11-24,AMZN,2492.03,2519.79,2490.3,2501.88,38137777
2022-11-25,AMZN,2501.82,2539.33,2510.2,2517.95,61522333
2022-11-28,AMZN,2490.67,2506.52,2495.56,2504.94,62346952
2022-11-29,AMZN,2559.56,2567.07,2554.09,2562.57,52884898
2022-11-30,AMZN,2600.45,2603.61,2579.0,2596.41,50280846
2022-12-01,AMZN,2552.03,2569.71,2553.19,2563.58,61058073
2022-12-02,AMZN,2557.26,2562.54,2538.07,2552.09,49853586
2022-12-05,AMZN,2621.06,2638.35,2614.21,2621.79,42481432
2022-12-06,AMZN,2634.7,2627.04,2616.49,2622.85,36965275
2022-12-07,AMZN,2642.11,2647.23,2633.02,2638.69,40130806
2022-12-08,AMZN,2597.35,2605.71,2598.76,2599.06,56579868
2022-12-09,AMZN,2622.21,2639.14,2620.96,2632.17,50334541
2022-12-12,AMZN,2566.56,2570.56,2553.65,2569.28,44637957
2022-12-13,AMZN,2658.42,2677.37,2647.15,2657.31,53286782
2022-12-14,AMZN,2669.21,2691.51,2666.15,2667.31,56886622
2022-12-15,AMZN,2709.34,2734.82,2714.74,2722.07,45118622
2022-12-16,AMZN,2776.43,2764.26,2749.4,2760.8,38230367
2022-12-19,AMZN,2814.69,2819.69,2801.87,2815.04,71270045
2022-12-20,AMZN,2824.85,2831.14,2816.18,2822.11,61380970
2022-12-21,AMZN,2843.6,2879.65,2842.86,2844.45,43961139
2022-12-22,AMZN,2850.02,2852.74,2845.44,2849.44,43901787
2022-12-23,AMZN,2819.02,2812.86,2791.57,2807.59,49230354
2022-12-26,AMZN,2771.77,2764.61,2734.59,2763.49,55507426
2022-12-27,AMZN,2806.24,2831.19,2793.35,2809.55,44712783
2022-12-28,AMZN,2834.12,2840.7,2827.7,2838.43,63719520
2022-12-29,AMZN,2845.43,2845.79,2818.99,2835.94,53608284
2022-12-30,AMZN,2869.99,2901.34,2868.9,2876.29,55830507
2023-01-02,AMZN,2876.34,2909.09,2868.69,2875.33,61564177
2023-01-03,AMZN,2842.77,2860.91,2837.13,2839.53,50938329
2023-01-04,AMZN,2838.41,2856.56,2839.41,2841.38,60727087
2023-01-05,AMZN,2858.25,2864.53,2835.9,2860.55,55577867
2023-01-06,AMZN,2854.29,2876.57,2852.06,2853.3,48601296
2023-01-09,AMZN,2863.92,2880.86,2851.57,2863.68,67013251
2023-01-10,AMZN,2903.42,2913.41,2886.98,2907.04,54133487
2023-01-11,AMZN,2933.56,2957.39,2921.35,2937.43,38223573
2023-01-12,AMZN,2878.1,2880.47,2866.19,2871.45,40516458
2023-01-13,AMZN,2826.59,2858.02,2829.77,2832.81,66630313
2023-01-16,AMZN,2840.6,2855.84,2844.25,2853.4,36321282
2023-01-17,AMZN,2827.27,2833.94,2809.97,2824.07,55142655
2023-01-18,AMZN,2803.39,2830.02,2778.42,2802.9,47814197
2023-01-19,AMZN,2775.62,2787.19,2777.41,2777.5,46081234
2023-01-20,AMZN,2713.74,2739.0,2713.09,2717.01,48029631
2023-01-23,AMZN,2705.87,2719.9,2709.93,2712.81,65239458
2023-01-24,AMZN,2670.8,2681.71,2667.06,2676.74,50246415
2023-01-25,AMZN,2667.12,2679.03,2669.11,2672.89,54017256
2023-01-26,AMZN,2767.46,2779.19,2761.63,2767.08,56686297
2023-01-27,AMZN,2797.04,2803.57,2800.13,2800.69,42350396
2023-01-30,AMZN,2806.21,2814.88,2788.61,2796.92,50985122
2023-01-31,AMZN,2841.97,2861.07,2837.69,2840.2,46981541
2023-02-01,AMZN,2803.57,2815.17,2790.01,2801.82,68466030
2023-02-02,AMZN,2846.35,2859.37,2836.99,2848.96,62168597
2023-02-03,AMZN,2819.95,2841.13,2815.01,2826.26,41597482
2023-02-06,AMZN,2788.42,2811.59,2774.45,2799.6,62635130
2023-02-07,AMZN,2782.07,2782.53,2754.73,2777.7,29946876
2023-02-08,AMZN,2787.2,2796.95,2790.69,2793.36,55495266
2023-02-09,AMZN,2811.96,2815.72,2803.32,2812.77,55287771
2023-02-10,AMZN,2804.24,2810.63,2799.52,2807.59,37661634
2023-02-13,AMZN,2824.3,2838.39,2817.39,2821.61,49578238
2023-02-14,AMZN,2867.39,2860.57,2851.42,2857.91,44694616
2023-02-15,AMZN,2891.11,2918.03,2893.76,2901.98,50271549
2023-02-16,AMZN,2899.56,2900.06,2890.82,2892.89,45414473
2023-02-17,AMZN,2883.1,2888.81,2868.54,2885.33,37655943
2023-02-20,AMZN,2814.65,2814.11,2798.33,2809.02,36687800
2023-02-21,AMZN,2789.54,2802.65,2778.07,2784.12,53386251
2023-02-22,AMZN,2719.72,2743.75,2730.36,2733.56,47588650
2023-02-23,AMZN,2799.76,2807.4,2784.0,2804.87,43693076
2023-02-24,AMZN,2904.78,2931.99,2897.14,2907.77,62006296
2023-02-27,AMZN,2851.32,2867.97,2839.38,2852.61,61391863
2023-02-28,AMZN,2831.06,2849.69,2817.93,2831.78,56017806
2023-03-01,AMZN,2934.04,2930.83,2918.19,2920.29,56687317
2023-03-02,AMZN,2880.03,2900.21,2878.8,2886.42,52373481
2023-03-03,AMZN,2890.52,2895.17,2878.98,2891.14,29443002
2023-03-06,AMZN,2903.34,2916.17,2878.48,2899.13,43889856
2023-03-07,AMZN,2940.13,2941.89,2933.61,2939.55,63283318
2023-03-08,AMZN,2954.52,2968.23,2956.34,2957.8,51623999
2023-03-09,AMZN,2938.07,2947.52,2934.65,2937.58,60639558
2023-03-10,AMZN,2903.5,2946.63,2912.43,2917.74,54156719
2023-03-13,AMZN,2848.72,2849.6,2830.45,2835.58,39271098
2023-03-14,AMZN,2843.65,2845.26,2815.98,2837.03,60939069
2023-03-15,AMZN,2886.9,2896.98,2874.39,2879.57,40434997
2023-03-16,AMZN,2851.46,2863.51,2841.03,2852.05,46791541
2023-03-17,AMZN,2792.8,2791.71,2782.85,2790.77,38570328
2023-03-20,AMZN,2788.89,2806.19,2782.55,2800.04,38229796
2023-03-21,AMZN,2793.63,2792.75,2787.29,2791.06,42414767
2023-03-22,AMZN,2840.71,2848.4,2835.72,2842.11,53756212
2023-03-23,AMZN,2839.53,2838.19,2832.51,2832.61,41813149
2023-03-24,AMZN,2746.96,2761.61,2733.55,2748.23,50920622
2023-03-27,AMZN,2692.74,2700.72,2686.02,2699.83,45975163
2023-03-28,AMZN,2708.11,2728.58,2713.19,2721.07,49933354
2023-03-29,AMZN,2710.75,2733.57,2712.57,2712.78,55115256
2023-03-30,AMZN,2699.24,2724.81,2704.77,2717.35,49357348
2023-03-31,AMZN,2626.63,2648.73,2629.79,2636.71,35762821
2023-04-03,AMZN,2742.85,2762.92,2721.62,2744.27,44751708
2023-04-04,AMZN,2767.29,2790.05,2755.65,2771.53,58468697
2023-04-05,AMZN,2801.05,2801.28,2778.76,2785.93,51785885
2023-04-06,AMZN,2804.39,2801.77,2795.28,2797.27,52370412
2023-04-07,AMZN,2839.86,2848.98,2829.52,2835.59,39896702
2023-04-10,AMZN,2793.56,2821.76,2789.91,2809.91,44321368
2023-04-11,AMZN,2815.89,2824.25,2800.32,2811.89,65813759
2023-04-12,AMZN,2721.96,2717.92,2709.31,2715.6,53191273
2023-04-13,AMZN,2792.31,2798.14,2779.38,2797.73,50579829
2023-04-14,AMZN,2743.84,2753.24,2739.24,2740.89,46866313
2023-04-17,AMZN,2761.26,2774.54,2755.27,2769.04,49722312
2023-04-18,AMZN,2809.39,2827.01,2796.68,2800.92,33871490
2023-04-19,AMZN,2896.18,2906.38,2896.89,2897.61,38928002
2023-04-20,AMZN,2849.38,2885.32,2843.89,2858.02,42977795
2023-04-21,AMZN,2795.54,2800.88,2785.42,2800.66,36266757
2023-04-24,AMZN,2811.56,2816.19,2801.29,2815.4,47398432
2023-04-25,AMZN,2804.41,2810.34,2803.58,2809.09,31496223
2023-04-26,AMZN,2779.0,2792.88,2771.1,2782.93,62994859
2023-04-27,AMZN,2792.58,2801.02,2759.42,2782.41,46269962
2023-04-28,AMZN,2729.13,2756.61,2720.42,2725.82,43023088
2023-05-01,AMZN,2666.64,2685.18,2661.18,2677.83,43582989
2023-05-02,AMZN,2728.43,2740.5,2731.3,2733.75,50305048
2023-05-03,AMZN,2715.95,2721.22,2694.94,2709.57,49395938
2023-05-04,AMZN,2722.79,2726.94,2718.87,2724.87,45183425
2023-05-05,AMZN,2684.98,2706.93,2672.85,2687.93,33969605
2023-05-08,AMZN,2622.01,2639.25,2622.63,2625.57,72715744
2023-05-09,AMZN,2558.8,2565.24,2551.37,2552.79,51089537
2023-05-10,AMZN,2456.05,2473.48,2468.16,2472.3,69440482
2023-05-11,AMZN,2491.28,2494.48,2471.64,2486.12,60895044
2023-05-12,AMZN,2495.97,2497.7,2486.43,2497.59,44879704
2023-05-15,AMZN,2516.27,2533.34,2515.5,2522.62,47376474
2023-05-16,AMZN,2554.03,2558.77,2541.5,2549.8,47290493
2023-05-17,AMZN,2614.92,2601.93,2586.59,2600.92,47586989
2023-05-18,AMZN,2628.68,2638.6,2616.64,2630.22,36373997
2023-05-19,AMZN,2594.6,2596.74,2582.44,2589.09,52994119
2023-05-22,AMZN,2674.56,2678.34,2656.46,2671.34,53113935
2023-05-23,AMZN,2726.72,2734.15,2722.17,2725.03,55382293
2023-05-24,AMZN,2709.82,2704.37,2675.54,2694.75,40711175
2023-05-25,AMZN,2670.32,2680.14,2657.8,2664.91,58966012
2023-05-26,AMZN,2647.97,2659.19,2651.46,2654.81,53150909
2023-05-29,AMZN,2713.14,2715.99,2709.39,2711.46,47153354
2023-05-30,AMZN,2748.63,2752.81,2725.2,2743.48,40632313
2023-05-31,AMZN,2832.85,2825.87,2813.29,2823.49,54946715
2023-06-01,AMZN,2721.54,2746.49,2735.46,2739.29,50850700
2023-06-02,AMZN,2747.53,2763.72,2743.75,2747.47,38087058
2023-06-05,AMZN,2789.58,2802.93,2787.2,2791.24,57262639
2023-06-06,AMZN,2775.77,2809.42,2775.78,2782.56,46101569
2023-06-07,AMZN,2856.71,2854.26,2852.33,2852.35,55053339
2023-06-08,AMZN,2810.93,2809.48,2808.13,2808.64,52892219
2023-06-09,AMZN,2943.43,2950.27,2918.65,2933.02,54927839
2023-06-12,AMZN,2895.53,2925.63,2869.68,2901.48,61716821
2023-06-13,AMZN,2874.47,2907.11,2862.29,2884.09,44683618
2023-06-14,AMZN,2917.8,2908.65,2898.3,2905.42,65134449
2023-06-15,AMZN,2887.9,2910.5,2854.69,2885.82,56559556
2023-06-16,AMZN,2895.46,2890.81,2878.16,2889.78,66781853
2023-06-19,AMZN,2769.3,2782.82,2768.25,2781.74,38700241
2023-06-20,AMZN,2800.6,2806.2,2780.08,2800.53,32417783
2023-06-21,AMZN,2794.89,2809.37,2773.2,2790.03,51941809
2023-06-22,AMZN,2815.24,2823.78,2807.6,2818.74,61166828
2023-06-23,AMZN,2835.95,2839.03,2833.09,2836.1,65961065
2023-06-26,AMZN,2855.99,2848.8,2845.38,2848.78,57079133
2023-06-27,AMZN,2834.81,2852.76,2823.58,2836.37,63489275
2023-06-28,AMZN,2837.99,2833.55,2800.29,2825.16,55690281
2023-06-29,AMZN,2864.97,2878.01,2861.88,2864.24,64886019
2023-06-30,AMZN,2879.39,2882.29,2861.33,2873.84,48718308
2023-07-03,AMZN,2883.12,2884.22,2861.9,2873.05,55510969
2023-07-04,AMZN,2909.85,2909.53,2894.62,2903.05,44258149
2023-07-05,AMZN,2905.53,2922.92,2885.18,2902.9,47038604
2023-07-06,AMZN,2892.83,2910.25,2897.15,2897.68,62157747
2023-07-07,AMZN,2915.97,2915.89,2900.54,2907.5,39923269
2023-07-10,AMZN,2903.96,2902.04,2891.91,2898.46,44485260
2023-07-11,AMZN,2828.08,2840.36,2809.95,2825.78,48680191
2023-07-12,AMZN,2820.54,2857.83,2791.37,2834.43,59839061
2023-07-13,AMZN,2839.71,2842.57,2814.22,2827.75,52849649
2023-07-14,AMZN,2783.88,2798.76,2784.19,2785.84,45237761
2023-07-17,AMZN,2839.62,2857.05,2817.39,2834.33,46276128
2023-07-18,AMZN,2751.4,2766.52,2752.97,2764.48,42182595
2023-07-19,AMZN,2713.79,2725.8,2699.0,2717.01,42867508
2023-07-20,AMZN,2733.24,2743.29,2731.62,2735.18,47375724
2023-07-21,AMZN,2682.84,2708.04,2687.58,2697.07,49192750
2023-07-24,AMZN,2683.15,2691.09,2663.93,2683.05,53429843
2023-07-25,AMZN,2600.98,2610.93,2595.78,2596.98,51824993
2023-07-26,AMZN,2623.16,2636.65,2601.67,2622.5,37706467
2023-07-27,AMZN,2580.3,2596.75,2582.26,2584.71,43019684
2023-07-28,AMZN,2597.5,2615.53,2596.9,2612.76,68818018
2023-07-31,AMZN,2560.38,2566.0,2539.92,2559.25,43995633
2023-08-01,AMZN,2508.85,2515.96,2493.27,2497.97,46045409
2023-08-02,AMZN,2477.16,2483.76,2466.64,2475.12,50418014
2023-08-03,AMZN,2463.1,2458.83,2436.96,2458.64,60925008
2023-08-04,AMZN,2410.09,2434.24,2413.24,2420.98,55397907
2023-08-07,AMZN,2404.46,2419.13,2399.02,2400.58,51516080
2023-08-08,AMZN,2388.34,2400.81,2367.28,2396.84,58729219
2023-08-09,AMZN,2388.17,2408.44,2397.61,2398.19,44045095
2023-08-10,AMZN,2390.07,2415.59,2390.93,2397.0,35482790
2023-08-11,AMZN,2356.77,2379.3,2330.41,2353.69,42483637
2023-08-14,AMZN,2335.61,2347.46,2333.9,2340.39,36421759
2023-08-15,AMZN,2368.98,2372.38,2362.47,2365.84,45541705
2023-08-16,AMZN,2335.45,2333.34,2327.23,2333.29,55091626
2023-08-17,AMZN,2303.0,2322.04,2299.88,2303.82,36813440
2023-08-18,AMZN,2307.68,2303.03,2288.16,2296.92,55202348
2023-08-21,AMZN,2315.14,2313.57,2300.78,2308.42,59510703
2023-08-22,AMZN,2259.27,2275.04,2259.48,2266.85,55404568
2023-08-23,AMZN,2228.81,2254.13,2225.3,2227.08,48849291
2023-08-24,AMZN,2339.31,2340.73,2334.58,2336.3,45586809
2023-08-25,AMZN,2369.47,2378.2,2370.18,2373.92,34356696
2023-08-28,AMZN,2356.46,2357.72,2349.16,2354.4,47676381
2023-08-29,AMZN,2367.77,2383.92,2370.05,2372.34,34617170
2023-08-30,AMZN,2367.23,2384.56,2349.13,2366.39,57975770
2023-08-31,AMZN,2451.02,2465.69,2451.85,2459.62,61405163
2023-09-01,AMZN,2430.52,2428.58,2401.68,2424.09,61582582
2023-09-04,AMZN,2447.33,2479.42,2452.21,2459.67,50580403
2023-09-05,AMZN,2468.93,2472.82,2462.39,2468.99,30375704
2023-09-06,AMZN,2480.45,2493.4,2480.94,2492.19,65400221
2023-09-07,AMZN,2525.88,2554.09,2536.5,2545.1,57646791
2023-09-08,AMZN,2568.25,2566.53,2547.32,2561.73,51760954
2023-09-11,AMZN,2557.43,2564.68,2555.31,2564.03,54259831
2023-09-12,AMZN,2519.46,2541.54,2517.95,2524.67,50805958
2023-09-13,AMZN,2493.98,2507.5,2468.59,2488.78,65566565
2023-09-14,AMZN,2495.91,2505.48,2480.67,2495.95,50711038
2023-09-15,AMZN,2519.68,2544.51,2526.74,2536.32,48244719
2023-09-18,AMZN,2442.49,2458.79,2435.97,2446.66,58204381
2023-09-19,AMZN,2495.46,2496.89,2482.68,2490.56,25031700
2023-09-20,AMZN,2476.09,2514.12,2485.39,2491.74,48195614
2023-09-21,AMZN,2519.51,2529.75,2503.59,2515.69,53808246
2023-09-22,AMZN,2546.37,2550.87,2544.36,2546.29,49874510
2023-09-25,AMZN,2515.01,2533.61,2513.73,2517.97,42632690
2023-09-26,AMZN,2564.14,2570.17,2553.0,2555.19,59091293
2023-09-27,AMZN,2600.48,2616.5,2598.56,2608.8,47241260
2023-09-28,AMZN,2597.67,2609.01,2596.81,2601.52,40176061
2023-09-29,AMZN,2641.47,2642.58,2637.51,2640.17,50547264
2023-10-02,AMZN,2651.17,2649.17,2626.37,2645.13,50183820
2023-10-03,AMZN,2637.64,2627.38,2620.34,2625.82,36269524
2023-10-04,AMZN,2654.62,2671.02,2636.32,2656.06,39354820
2023-10-05,AMZN,2673.0,2681.09,2674.56,2676.3,57201634
2023-10-06,AMZN,2692.14,2690.62,2685.36,2687.52,47380281
2023-10-09,AMZN,2751.02,2783.11,2742.16,2766.03,29204118
2023-10-10,AMZN,2789.64,2806.23,2781.62,2798.52,57454614
2023-10-11,AMZN,2795.7,2804.39,2793.29,2802.06,75872491
2023-10-12,AMZN,2865.59,2873.96,2850.71,2866.34,51822584
2023-10-13,AMZN,2905.74,2936.19,2914.96,2919.13,54363575
2023-10-16,AMZN,2926.65,2942.89,2892.14,2914.67,32961686
2023-10-17,AMZN,2839.75,2873.68,2846.21,2849.78,36516684
2023-10-18,AMZN,2859.07,2866.92,2859.89,2860.46,68289096
2023-10-19,AMZN,2858.96,2879.96,2866.36,2868.41,55498876
2023-10-20,AMZN,2820.77,2838.58,2832.96,2837.29,33904978
2023-10-23,AMZN,2883.45,2891.57,2873.13,2882.01,46143274
2023-10-24,AMZN,2897.22,2904.07,2900.45,2903.33,51935948
2023-10-25,AMZN,2958.29,2967.15,2945.21,2958.75,57344816
2023-10-26,AMZN,2976.91,2966.61,2960.93,2966.11,52360972
2023-10-27,AMZN,2996.88,2996.64,2967.64,2991.13,50777084
2023-10-30,AMZN,2969.82,3000.39,2976.74,2985.79,50723995
2023-10-31,AMZN,3047.49,3071.33,3045.46,3047.09,55195304
2023-11-01,AMZN,3043.52,3042.15,3033.02,3034.31,57229805
2023-11-02,AMZN,3081.48,3080.17,3047.38,3077.02,52472940
2023-11-03,AMZN,3030.95,3039.61,3036.4,3038.13,47076828
2023-11-06,AMZN,3029.25,3031.33,3003.77,3030.48,46226538
2023-11-07,AMZN,3036.48,3046.0,2999.22,3030.32,37655778
2023-11-08,AMZN,3022.36,3022.41,3006.15,3013.43,49026490
2023-11-09,AMZN,2986.58,3021.96,2994.83,2995.71,64751336
2023-11-10,AMZN,2928.4,2971.46,2909.19,2920.42,54140129
2023-11-13,AMZN,2852.03,2857.47,2852.66,2856.63,64120694
2023-11-14,AMZN,2809.87,2811.1,2789.9,2806.66,62411183
2023-11-15,AMZN,2839.62,2840.48,2829.2,2834.4,46144609
2023-11-16,AMZN,2774.62,2785.75,2756.41,2772.52,44516243
2023-11-17,AMZN,2687.87,2701.09,2681.72,2699.93,49792684
2023-11-20,AMZN,2660.83,2670.29,2663.56,2665.69,32950849
2023-11-21,AMZN,2625.24,2638.56,2611.74,2627.84,38527480
2023-11-22,AMZN,2624.65,2624.46,2610.48,2621.31,36386421
2023-11-23,AMZN,2579.23,2573.99,2563.7,2572.53,66123906
2023-11-24,AMZN,2547.22,2558.47,2543.63,2556.84,52285720
2023-11-27,AMZN,2527.56,2539.43,2505.42,2523.88,39942607
2023-11-28,AMZN,2485.58,2496.14,2481.02,2489.43,41878416
2023-11-29,AMZN,2564.17,2573.65,2565.06,2565.72,52214170
2023-11-30,AMZN,2533.11,2542.23,2534.68,2539.68,60893213
2023-12-01,AMZN,2568.37,2599.48,2590.72,2591.63,54242911
2023-12-04,AMZN,2578.97,2578.33,2550.73,2575.16,35514189
2023-12-05,AMZN,2590.53,2592.79,2575.06,2581.12,42530096
2023-12-06,AMZN,2615.09,2625.26,2594.79,2608.24,54683579
2023-12-07,AMZN,2600.22,2609.75,2586.52,2591.58,51299618
2023-12-08,AMZN,2527.63,2538.13,2508.12,2523.94,37659998
2023-12-11,AMZN,2447.78,2456.58,2426.26,2448.93,74516253
2023-12-12,AMZN,2388.54,2385.4,2367.55,2383.18,48512592
2023-12-13,AMZN,2379.7,2391.71,2374.78,2377.97,61051135
2023-12-14,AMZN,2355.2,2355.84,2342.44,2353.61,57837794
2023-12-15,AMZN,2374.67,2393.43,2377.76,2379.51,60110500
2023-12-18,AMZN,2376.96,2391.73,2371.09,2373.7,52440060
2023-12-19,AMZN,2350.97,2360.64,2342.13,2353.76,41443210
2023-12-20,AMZN,2393.67,2404.06,2391.82,2393.28,59456674
2023-12-21,AMZN,2430.65,2446.8,2434.02,2438.32,39311299
2023-12-22,AMZN,2410.26,2413.03,2403.11,2403.99,60028027
2023-12-25,AMZN,2372.71,2375.43,2374.89,2375.05,44651571
2023-12-26,AMZN,2417.76,2424.23,2423.44,2423.6,56752124
2023-12-27,AMZN,2379.96,2388.33,2377.17,2382.91,53176520
2023-12-28,AMZN,2391.59,2391.62,2390.99,2391.15,51299116
2023-12-29,AMZN,2396.22,2407.53,2392.49,2394.31,50972887
2024-01-01,AMZN,2432.64,2441.4,2423.26,2433.85,46886633
2024-01-02,AMZN,2435.7,2434.44,2426.96,2434.4,62305450
2024-01-03,AMZN,2449.54,2455.26,2439.39,2445.11,33858317
2024-01-04,AMZN,2399.27,2390.02,2378.53,2389.9,47828942
2024-01-05,AMZN,2433.65,2434.59,2415.08,2433.71,43810918
2024-01-08,AMZN,2461.31,2472.75,2456.64,2472.43,49790200
2024-01-09,AMZN,2363.93,2377.59,2368.71,2371.45,59939871
2024-01-10,AMZN,2427.4,2432.48,2416.57,2420.18,49986924
2024-01-11,AMZN,2371.39,2365.22,2353.45,2363.53,56059320
2024-01-12,AMZN,2346.31,2353.3,2336.25,2351.63,65532791
2024-01-15,AMZN,2363.76,2365.43,2351.75,2354.48,30011624
2024-01-16,AMZN,2356.98,2366.96,2336.43,2347.65,49932354
2024-01-17,AMZN,2332.55,2338.87,2314.16,2326.92,55132110
2024-01-18,AMZN,2331.69,2330.89,2323.33,2324.98,59526867
2024-01-19,AMZN,2284.46,2286.68,2264.5,2283.55,56043042
2024-01-22,AMZN,2234.81,2237.89,2233.13,2233.24,47213962
2024-01-23,AMZN,2187.87,2189.99,2171.31,2189.4,45586263
2024-01-24,AMZN,2182.66,2191.17,2168.59,2185.06,59308201
2024-01-25,AMZN,2224.56,2259.81,2213.69,2232.58,45915623
2024-01-26,AMZN,2248.5,2233.34,2231.6,2232.38,39179484
2024-01-29,AMZN,2208.58,2224.1,2199.18,2205.97,60346573
2024-01-30,AMZN,2218.92,2227.01,2214.44,2224.88,45036368
2024-01-31,AMZN,2247.85,2269.04,2229.9,2245.8,51530317
2024-02-01,AMZN,2189.52,2198.28,2179.87,2184.23,29233839
2024-02-02,AMZN,2215.84,2218.14,2211.68,2214.16,52693172
2024-02-05,AMZN,2185.05,2194.84,2162.63,2188.0,51536817
2024-02-06,AMZN,2167.68,2195.7,2167.58,2175.83,49324859
2024-02-07,AMZN,2181.79,2182.36,2169.39,2182.14,54274554
2024-02-08,AMZN,2181.62,2187.41,2165.53,2180.72,57818503
2024-02-09,AMZN,2242.28,2250.5,2231.02,2235.33,52487711
2024-02-12,AMZN,2281.42,2284.93,2275.32,2278.46,52552379
2024-02-13,AMZN,2302.66,2292.36,2287.66,2290.54,54775279
2024-02-14,AMZN,2263.89,2272.05,2256.92,2268.9,35179723
2024-02-15,AMZN,2207.41,2234.41,2200.87,2215.26,63852373
2024-02-16,AMZN,2213.23,2218.21,2198.2,2214.18,32626719
2024-02-19,AMZN,2199.56,2223.66,2193.64,2200.94,56981236
2024-02-20,AMZN,2174.61,2190.82,2163.5,2182.09,46458787
2024-02-21,AMZN,2192.08,2204.37,2186.96,2194.1,56639103
2024-02-22,AMZN,2212.19,2219.3,2197.65,2216.61,63488704
2024-02-23,AMZN,2256.2,2281.58,2259.58,2261.55,70767965
2024-02-26,AMZN,2242.74,2258.51,2247.23,2249.36,55261488
2024-02-27,AMZN,2231.04,2230.08,2216.1,2226.88,50155845
2024-02-28,AMZN,2234.0,2234.15,2229.2,2234.01,54908416
2024-02-29,AMZN,2225.85,2234.57,2220.56,2229.89,42656794
2024-03-01,AMZN,2202.0,2223.35,2201.12,2209.14,54374982
2024-03-04,AMZN,2201.53,2202.62,2178.82,2195.13,36361368
2024-03-05,AMZN,2191.65,2204.23,2185.34,2193.85,48655373
2024-03-06,AMZN,2190.47,2194.07,2190.61,2190.75,44815980
2024-03-07,AMZN,2130.81,2144.69,2125.1,2132.76,43359902
2024-03-08,AMZN,2087.98,2100.34,2075.11,2082.43,44429298
2024-03-11,AMZN,2095.02,2103.56,2090.54,2097.24,37681157
2024-03-12,AMZN,2091.33,2107.43,2069.59,2088.28,48629411
2024-03-13,AMZN,2102.47,2103.02,2099.27,2099.69,52082268
2024-03-14,AMZN,2094.05,2101.53,2084.24,2089.04,49685377
2024-03-15,AMZN,2098.83,2103.31,2089.21,2100.33,39775440
2024-03-18,AMZN,2057.59,2074.61,2057.85,2062.18,66179596
2024-03-19,AMZN,2089.89,2095.25,2086.9,2091.37,43073203
2024-03-20,AMZN,2115.33,2112.29,2108.08,2108.87,59112131
2024-03-21,AMZN,2092.61,2094.86,2078.0,2089.78,51484953
2024-03-22,AMZN,2098.19,2107.0,2081.95,2103.87,59715517
2024-03-25,AMZN,2067.95,2072.82,2061.65,2067.61,45046755
2024-03-26,AMZN,2067.76,2075.95,2054.63,2073.19,44440865
2024-03-27,AMZN,2090.54,2086.51,2082.8,2083.84,21797334
2024-03-28,AMZN,2078.17,2081.26,2050.95,2063.29,55981681
2024-03-29,AMZN,2086.17,2098.13,2089.33,2097.28,60382984
2024-04-01,AMZN,2070.64,2074.18,2063.46,2068.68,50846200
2024-04-02,AMZN,2018.14,2022.37,2011.66,2021.36,63149370
2024-04-03,AMZN,1987.91,1992.05,1976.69,1991.98,60539854
2024-04-04,AMZN,2054.68,2061.21,2054.02,2059.45,63046027
2024-04-05,AMZN,2111.32,2120.02,2104.42,2104.77,49511606
2024-04-08,AMZN,2067.45,2085.46,2056.86,2073.8,39605690
2024-04-09,AMZN,2077.25,2085.76,2064.06,2075.83,44095730
2024-04-10,AMZN,2100.19,2109.57,2093.08,2101.19,40628594
2024-04-11,AMZN,2106.22,2124.48,2098.21,2104.09,32282452
2024-04-12,AMZN,2012.29,2036.3,1999.4,2012.75,44675346
2024-04-15,AMZN,2045.86,2049.84,2042.95,2045.7,45290005
2024-04-16,AMZN,2053.7,2064.49,2054.64,2056.54,46574875
2024-04-17,AMZN,1980.56,1979.62,1964.87,1976.82,49095758
2024-04-18,AMZN,1983.14,1987.88,1971.77,1980.95,52676210
2024-04-19,AMZN,1979.49,1984.49,1969.44,1975.32,51136020
2024-04-22,AMZN,1943.98,1945.09,1939.38,1939.97,34165105
2024-04-23,AMZN,1914.45,1925.83,1921.16,1921.96,47824672
2024-04-24,AMZN,1909.28,1922.31,1911.26,1912.39,54955861
2024-04-25,AMZN,1880.79,1885.03,1876.56,1884.18,52972916
2024-04-26,AMZN,1884.01,1896.21,1889.72,1892.26,64027643
2024-04-29,AMZN,1911.53,1921.18,1899.67,1914.95,46654539
2024-04-30,AMZN,1864.12,1860.9,1839.19,1852.66,39541161
2024-05-01,AMZN,1853.75,1869.19,1854.55,1856.91,31339823
2024-05-02,AMZN,1894.83,1893.4,1886.31,1893.22,51530053
2024-05-03,AMZN,1898.44,1901.26,1883.8,1899.2,66193220
2024-05-06,AMZN,1923.59,1921.35,1916.9,1917.99,51129917
2024-05-07,AMZN,1883.03,1897.28,1884.18,1888.17,49377689
2024-05-08,AMZN,1930.8,1925.59,1915.73,1922.67,55478752
2024-05-09,AMZN,1961.46,1978.69,1953.28,1956.51,67002886
2024-05-10,AMZN,1896.86,1919.92,1892.72,1908.41,54785911
2024-05-13,AMZN,1932.89,1932.18,1924.29,1929.02,43850182
2024-05-14,AMZN,1925.58,1930.29,1905.62,1922.48,51334844
2024-05-15,AMZN,1905.3,1915.81,1895.6,1906.18,61507032
2024-05-16,AMZN,1895.63,1902.22,1892.08,1896.07,37944713
2024-05-17,AMZN,1960.15,1961.35,1946.15,1955.22,37405372
2024-05-20,AMZN,1932.44,1925.38,1914.16,1922.49,47998243
2024-05-21,AMZN,1952.38,1957.15,1949.56,1952.14,62371307
2024-05-22,AMZN,1929.86,1941.96,1912.95,1925.34,35948361
2024-05-23,AMZN,1914.55,1916.48,1910.93,1915.59,36130295
2024-05-24,AMZN,1880.1,1888.7,1883.73,1884.01,63242777
2024-05-27,AMZN,1848.91,1848.84,1840.83,1845.5,50481636
2024-05-28,AMZN,1841.46,1859.65,1834.69,1842.66,51156610
2024-05-29,AMZN,1810.08,1828.01,1806.12,1819.76,39458009
2024-05-30,AMZN,1873.09,1872.09,1863.07,1866.11,54468601
2024-05-31,AMZN,1876.89,1876.17,1869.69,1874.05,71959730
2024-06-03,AMZN,1868.11,1869.94,1856.85,1868.4,68628868
2024-06-04,AMZN,1892.84,1905.4,1899.95,1900.24,40308806
2024-06-05,AMZN,1908.43,1910.34,1895.68,1905.63,49177499
2024-06-06,AMZN,1846.58,1874.67,1850.13,1855.42,31310885
2024-06-07,AMZN,1890.52,1892.51,1889.08,1891.59,38621678
2024-06-10,AMZN,1901.9,1906.62,1898.16,1905.37,37725412
2024-06-11,AMZN,1893.1,1895.05,1888.69,1892.79,49214882
2024-06-12,AMZN,1906.22,1909.74,1895.14,1900.78,41522657
2024-06-13,AMZN,1881.08,1891.07,1878.59,1884.91,56115839
2024-06-14,AMZN,1847.54,1859.71,1855.0,1855.25,45659261
2024-06-17,AMZN,1916.29,1926.58,1902.49,1924.63,57507417
2024-06-18,AMZN,1846.92,1842.29,1836.47,1842.29,42007302
2024-06-19,AMZN,1872.94,1880.39,1873.84,1875.38,38636106
2024-06-20,AMZN,1932.03,1926.45,1915.52,1925.99,40320597
2024-06-21,AMZN,1969.03,1971.34,1956.15,1966.39,39770321
2024-06-24,AMZN,2028.34,2028.9,2019.96,2020.68,34180123
2024-06-25,AMZN,1989.13,1998.06,1973.24,1995.54,32926940
2024-06-26,AMZN,1946.21,1955.96,1941.36,1947.14,57628326
2024-06-27,AMZN,1939.98,1944.48,1937.29,1942.49,48336829
2024-06-28,AMZN,1933.39,1959.53,1943.34,1951.07,56795831
2024-07-01,AMZN,1979.07,1984.4,1979.76,1982.42,55001834
2024-07-02,AMZN,2002.33,2012.34,1986.71,2011.77,51629616
2024-07-03,AMZN,1964.32,1980.89,1956.61,1972.21,43668130
2024-07-04,AMZN,1980.64,1987.61,1975.91,1981.71,47577598
2024-07-05,AMZN,2045.21,2039.39,2029.12,2032.42,54916611
2024-07-08,AMZN,1995.43,2002.11,1994.2,1999.55,39474910
2024-07-09,AMZN,2007.54,2006.7,1988.27,2003.09,43592247
2024-07-10,AMZN,2012.0,2030.98,2004.13,2018.19,49888313
2024-07-11,AMZN,2018.05,2020.55,2016.88,2020.02,53842581
2024-07-12,AMZN,2071.68,2064.52,2034.46,2059.57,63292556
2024-07-15,AMZN,2076.78,2102.88,2078.96,2081.98,44740279
2024-07-16,AMZN,2048.34,2048.35,2044.04,2047.11,49875686
2024-07-17,AMZN,2058.03,2070.17,2045.99,2052.35,51907899
2024-07-18,AMZN,1993.42,2014.71,1975.81,1996.6,43832486
2024-07-19,AMZN,2016.22,2011.06,1998.75,2005.54,65007363
2024-07-22,AMZN,1977.68,1988.08,1974.69,1978.49,39060107
2024-07-23,AMZN,1927.49,1922.44,1912.95,1922.14,47189217
2024-07-24,AMZN,1928.6,1946.02,1918.45,1932.8,51808836
2024-07-25,AMZN,1944.22,1954.37,1935.22,1943.65,53034046
2024-07-26,AMZN,1956.63,1969.54,1953.64,1955.17,54585508
2024-07-29,AMZN,1936.4,1937.25,1922.78,1925.04,41807524
2024-07-30,AMZN,1960.02,1979.59,1963.58,1964.03,55128195
2024-07-31,AMZN,1973.81,1979.6,1964.64,1971.13,59334404
2024-08-01,AMZN,1959.89,1961.58,1954.35,1960.9,47006730
2024-08-02,AMZN,1935.17,1943.79,1910.47,1936.31,63650583
2024-08-05,AMZN,1992.94,1994.16,1988.66,1992.33,33878176
2024-08-06,AMZN,1951.37,1940.83,1936.24,1940.36,47634270
2024-08-07,AMZN,2008.34,2010.07,1986.12,2005.3,55632918
2024-08-08,AMZN,1987.59,1994.19,1971.62,1988.45,46606031
2024-08-09,AMZN,1989.31,1996.75,1972.24,1980.71,53136227
2024-08-12,AMZN,1981.15,1986.83,1972.02,1982.62,63686769
2024-08-13,AMZN,1987.93,2019.56,1986.73,1995.55,58591727
2024-08-14,AMZN,2033.41,2030.07,2021.22,2026.73,45043723
2024-08-15,AMZN,2047.86,2066.63,2036.59,2054.68,54085160
2024-08-16,AMZN,2022.18,2031.86,2018.08,2021.71,61450014
2024-08-19,AMZN,2005.22,2011.77,2008.29,2010.42,42769301
2024-08-20,AMZN,2052.9,2054.79,2037.05,2049.17,34524689
2024-08-21,AMZN,2067.38,2073.66,2063.88,2068.26,40599325
2024-08-22,AMZN,2119.11,2117.29,2106.86,2116.21,42572200
2024-08-23,AMZN,2077.0,2086.61,2075.77,2082.7,58064117
2024-08-26,AMZN,2068.52,2092.32,2070.41,2079.3,51487703
2024-08-27,AMZN,2147.66,2151.22,2111.03,2145.53,52355522
2024-08-28,AMZN,2065.03,2071.98,2065.81,2067.55,48632211
2024-08-29,AMZN,2063.48,2067.64,2044.2,2065.78,51693137
2024-08-30,AMZN,2050.49,2060.26,2050.4,2052.22,30740320
2024-09-02,AMZN,2054.01,2064.51,2060.69,2061.32,64332821
2024-09-03,AMZN,2095.68,2106.93,2079.96,2091.96,38577174
2024-09-04,AMZN,2162.72,2168.16,2155.25,2158.15,57565407
2024-09-05,AMZN,2196.36,2184.15,2173.17,2179.79,49606860
2024-09-06,AMZN,2175.74,2182.21,2171.79,2174.45,49837737
2024-09-09,AMZN,2189.49,2208.51,2182.7,2189.21,43521515
2024-09-10,AMZN,2191.2,2207.09,2195.05,2200.83,50977947
2024-09-11,AMZN,2214.58,2238.2,2212.37,2217.57,36403209
2024-09-12,AMZN,2174.07,2186.27,2151.8,2172.2,44170337
2024-09-13,AMZN,2145.85,2146.55,2130.89,2137.41,49700565
2024-09-16,AMZN,2081.75,2109.54,2073.56,2085.45,63101443
2024-09-17,AMZN,2094.7,2105.73,2087.86,2100.8,40935038
2024-09-18,AMZN,2101.43,2103.68,2100.11,2101.68,39492768
2024-09-19,AMZN,2111.62,2126.31,2111.06,2112.78,50830010
2024-09-20,AMZN,2156.3,2163.21,2137.95,2153.58,50286806
2024-09-23,AMZN,2201.48,2211.64,2192.9,2198.64,40645449
2024-09-24,AMZN,2222.25,2219.66,2214.54,2216.52,44282457
2024-09-25,AMZN,2230.73,2228.83,2220.52,2227.37,47922642
2024-09-26,AMZN,2164.31,2191.82,2163.69,2172.26,52793844
2024-09-27,AMZN,2176.11,2178.95,2153.66,2174.94,57556334
2024-09-30,AMZN,2195.69,2188.66,2185.92,2186.13,60881052
2024-10-01,AMZN,2256.34,2261.83,2249.42,2259.32,38122218
2024-10-02,AMZN,2306.39,2296.17,2254.49,2289.46,44293988
2024-10-03,AMZN,2275.44,2286.66,2254.01,2267.71,44125575
2024-10-04,AMZN,2223.48,2236.27,2207.12,2217.36,53676555
2024-10-07,AMZN,2234.36,2254.41,2239.35,2240.6,36110594
2024-10-08,AMZN,2255.49,2270.0,2252.6,2256.93,38618493
2024-10-09,AMZN,2261.58,2266.46,2248.95,2257.88,43815688
2024-10-10,AMZN,2232.45,2242.49,2224.54,2233.61,45738280
2024-10-11,AMZN,2277.66,2282.7,2270.1,2278.6,39524672
2024-10-14,AMZN,2331.97,2343.14,2333.41,2341.74,37099992
2024-10-15,AMZN,2337.7,2350.0,2320.79,2327.59,48692363
2024-10-16,AMZN,2275.7,2286.95,2266.94,2281.56,41142519
2024-10-17,AMZN,2203.85,2225.1,2206.07,2208.4,52217577
2024-10-18,AMZN,2178.93,2206.78,2145.5,2177.69,44109869
2024-10-21,AMZN,2116.24,2122.49,2089.32,2106.75,57532150
2024-10-22,AMZN,2071.51,2083.06,2062.8,2067.45,54461709
2024-10-23,AMZN,2018.99,2027.17,2009.96,2015.1,36195679
2024-10-24,AMZN,2013.77,2011.48,2001.73,2009.7,39897740
2024-10-25,AMZN,2056.33,2071.71,2048.48,2059.73,51639259
2024-10-28,AMZN,2070.69,2070.3,2061.29,2068.26,57836491
2024-10-29,AMZN,2081.69,2098.4,2082.4,2085.22,38907375
2024-10-30,AMZN,2082.14,2077.47,2072.98,2075.57,63073091
2024-10-31,AMZN,2092.86,2093.46,2087.06,2088.06,54869881
2024-11-01,AMZN,2095.85,2109.2,2081.05,2086.75,36457070
2024-11-04,AMZN,2117.12,2131.44,2096.06,2116.24,57154140
2024-11-05,AMZN,2118.96,2129.96,2124.49,2125.94,73680455
2024-11-06,AMZN,2093.98,2112.95,2101.56,2108.38,40754871
2024-11-07,AMZN,2053.95,2068.35,2050.88,2057.12,39356692
2024-11-08,AMZN,2062.9,2068.41,2050.8,2061.03,44281742
2024-11-11,AMZN,2082.26,2091.52,2091.21,2091.44,49289138
2024-11-12,AMZN,2117.87,2117.52,2095.59,2103.5,55568683
2024-11-13,AMZN,2057.44,2058.46,2035.23,2049.79,50180934
2024-11-14,AMZN,2049.54,2067.6,2042.05,2055.63,58447411
2024-11-15,AMZN,2115.16,2104.01,2093.32,2103.5,52679687
2024-11-18,AMZN,2093.04,2098.56,2090.07,2097.86,54424067
2024-11-19,AMZN,2092.06,2096.07,2077.05,2092.64,60301178
2024-11-20,AMZN,2045.42,2053.64,2034.42,2053.47,58076608
2024-11-21,AMZN,2046.54,2061.9,2038.87,2043.28,39235179
2024-11-22,AMZN,2034.56,2037.96,2019.7,2030.52,58645158
2024-11-25,AMZN,2033.17,2053.37,2041.52,2044.9,63230092
2024-11-26,AMZN,2001.61,2011.59,1999.23,2000.39,49272514
2024-11-27,AMZN,1954.5,1974.36,1946.69,1963.23,48930172
2024-11-28,AMZN,1930.61,1933.38,1910.31,1921.63,60351221
2024-11-29,AMZN,1956.59,1981.07,1961.76,1962.55,48969921
2024-12-02,AMZN,1942.42,1951.13,1942.77,1944.24,42477903
2024-12-03,AMZN,1927.39,1942.02,1927.45,1936.71,46967989
2024-12-04,AMZN,1933.49,1944.06,1931.48,1932.64,55188345
2024-12-05,AMZN,1940.57,1944.28,1916.28,1935.75,55527197
2024-12-06,AMZN,1969.73,1971.81,1956.73,1969.4,50017474
2024-12-09,AMZN,1994.8,2006.95,1976.2,1991.26,55166118
2024-12-10,AMZN,2013.98,2025.35,2002.33,2015.42,63180612
2024-12-11,AMZN,2032.32,2034.37,2013.76,2027.77,59159955
2024-12-12,AMZN,2015.72,2030.05,2007.95,2014.96,61010743
2024-12-13,AMZN,2121.16,2116.5,2095.75,2104.2,54266948
2024-12-16,AMZN,2128.21,2112.88,2098.9,2111.66,43348114
2024-12-17,AMZN,2116.55,2112.52,2101.09,2108.82,66209327
2024-12-18,AMZN,2131.59,2163.86,2130.8,2136.94,64693442
2024-12-19,AMZN,2143.68,2156.78,2138.66,2142.04,43537517
2024-12-20,AMZN,2109.75,2107.92,2094.53,2105.74,30561951
2024-12-23,AMZN,2116.52,2115.08,2108.65,2109.6,36294387
2024-12-24,AMZN,2086.46,2088.53,2077.66,2085.09,71433659
2024-12-25,AMZN,2048.33,2071.51,2038.76,2057.16,56830627
2024-12-26,AMZN,2029.01,2044.49,2019.76,2023.55,37782289
2024-12-27,AMZN,2042.58,2051.77,2030.98,2043.97,65770748
2024-12-30,AMZN,2062.94,2069.9,2062.9,2067.19,61136956
2024-12-31,AMZN,2100.62,2108.21,2104.51,2106.94,36479635
2020-01-01,TSLA,198.45,197.99,196.85,197.9,51848328
2020-01-02,TSLA,204.64,206.09,204.02,205.13,62396945
2020-01-03,TSLA,205.71,207.26,204.46,205.21,45434199
2020-01-06,TSLA,201.65,203.25,201.13,203.09,63016256
2020-01-07,TSLA,199.16,200.07,196.87,198.23,43497010
2020-01-08,TSLA,187.48,189.85,188.4,188.82,45245743
2020-01-09,TSLA,187.71,189.05,186.85,187.83,53562865
2020-01-10,TSLA,182.99,183.23,182.84,182.96,43479858
2020-01-13,TSLA,176.32,177.28,175.24,175.79,49163703
2020-01-14,TSLA,174.48,175.49,173.46,175.07,42022251
2020-01-15,TSLA,172.86,173.58,172.53,172.82,63928646
2020-01-16,TSLA,185.86,186.95,185.64,185.78,49858019
2020-01-17,TSLA,179.37,180.71,179.67,179.88,51592719
2020-01-20,TSLA,178.78,178.83,177.85,178.7,41190474
2020-01-21,TSLA,179.88,180.91,179.47,179.7,58172065
2020-01-22,TSLA,172.74,173.76,171.37,172.28,57469099
2020-01-23,TSLA,168.71,168.6,167.34,167.76,51933787
2020-01-24,TSLA,167.19,167.78,165.89,167.34,47241016
2020-01-27,TSLA,169.09,170.0,168.59,168.79,56755096
2020-01-28,TSLA,159.42,160.08,159.32,159.51,26354846
2020-01-29,TSLA,166.97,166.93,165.51,166.79,53444784
2020-01-30,TSLA,172.7,173.31,173.03,173.04,55979486
2020-01-31,TSLA,168.49,169.86,169.05,169.11,66021312
2020-02-03,TSLA,179.2,179.43,177.78,179.02,45178974
2020-02-04,TSLA,185.54,186.2,184.97,185.47,43237384
2020-02-05,TSLA,187.01,187.78,186.88,186.96,41272165
2020-02-06,TSLA,193.45,194.53,193.13,193.52,64142206
2020-02-07,TSLA,188.1,187.66,186.58,187.1,50634467
2020-02-10,TSLA,194.19,195.06,193.11,194.32,52626834
2020-02-11,TSLA,190.3,192.23,191.3,191.5,55528119
2020-02-12,TSLA,187.58,186.92,185.13,186.58,44245065
2020-02-13,TSLA,189.62,190.49,189.69,189.97,32756563
2020-02-14,TSLA,191.28,190.93,190.02,190.66,45639197
2020-02-17,TSLA,187.68,187.66,185.72,187.17,45978308
2020-02-18,TSLA,192.4,194.11,192.26,192.87,37491682
2020-02-19,TSLA,184.4,185.75,184.6,184.73,48679178
2020-02-20,TSLA,191.23,191.61,190.45,190.87,51801723
2020-02-21,TSLA,193.18,192.96,192.75,192.75,53612821
2020-02-24,TSLA,188.15,188.31,187.58,187.81,48957930
2020-02-25,TSLA,192.27,192.59,191.84,192.53,46127459
2020-02-26,TSLA,196.5,196.49,194.0,196.16,50249234
2020-02-27,TSLA,201.69,201.63,200.22,201.15,62535340
2020-02-28,TSLA,198.48,199.86,198.04,198.65,66672116
2020-03-02,TSLA,211.67,212.25,211.88,211.89,58246903
2020-03-03,TSLA,226.73,227.99,224.68,225.97,58323098
2020-03-04,TSLA,226.12,226.66,225.81,225.83,35463661
2020-03-05,TSLA,224.6,225.9,223.83,224.97,53282203
2020-03-06,TSLA,220.74,222.19,218.55,220.43,37227423
2020-03-09,TSLA,217.39,217.46,216.96,217.24,51517491
2020-03-10,TSLA,213.35,213.4,213.19,213.23,49343195
2020-03-11,TSLA,217.82,218.17,217.85,218.07,39475580
2020-03-12,TSLA,218.71,220.57,218.76,219.25,58147400
2020-03-13,TSLA,217.45,218.0,216.82,217.22,44815026
2020-03-16,TSLA,214.42,215.86,213.63,214.18,54264427
2020-03-17,TSLA,216.76,216.94,215.08,216.12,42117625
2020-03-18,TSLA,219.55,220.7,219.23,219.74,55341134
2020-03-19,TSLA,208.83,211.11,208.92,209.96,60849397
2020-03-20,TSLA,197.43,197.95,196.81,197.61,43316323
2020-03-23,TSLA,197.58,199.15,198.15,199.15,40812925
2020-03-24,TSLA,202.82,202.71,201.9,202.66,48652629
2020-03-25,TSLA,201.28,203.32,199.44,200.98,50784638
2020-03-26,TSLA,203.93,205.24,203.96,204.39,67845107
2020-03-27,TSLA,205.91,208.14,205.87,206.06,63841401
2020-03-30,TSLA,208.5,208.23,206.84,208.09,45066896
2020-03-31,TSLA,204.51,205.97,205.01,205.46,47891546
2020-04-01,TSLA,211.27,212.99,211.48,211.67,45963068
2020-04-02,TSLA,222.03,224.18,221.5,222.35,44723360
2020-04-03,TSLA,214.91,215.92,214.9,215.11,51098369
2020-04-06,TSLA,214.76,216.33,213.66,214.18,34933835
2020-04-07,TSLA,207.33,207.79,206.6,207.35,39069232
2020-04-08,TSLA,205.87,205.15,204.44,205.11,47384528
2020-04-09,TSLA,218.14,217.09,215.99,216.89,51393084
2020-04-10,TSLA,207.95,208.22,207.49,208.12,69849768
2020-04-13,TSLA,200.47,200.96,199.77,200.66,57448423
2020-04-14,TSLA,202.92,202.96,202.07,202.73,67076867
2020-04-15,TSLA,198.22,199.3,196.23,197.41,53084323
2020-04-16,TSLA,204.97,205.54,203.82,204.5,52958450
2020-04-17,TSLA,203.04,206.31,203.31,203.76,54935343
2020-04-20,TSLA,203.38,203.39,200.07,202.75,60558721
2020-04-21,TSLA,215.73,217.18,215.48,216.31,59649027
2020-04-22,TSLA,203.18,203.2,200.91,203.12,58540702
2020-04-23,TSLA,204.9,205.95,202.97,204.98,78076507
2020-04-24,TSLA,207.46,207.44,205.83,206.46,60417101
2020-04-27,TSLA,216.03,215.79,214.38,215.74,33029801
2020-04-28,TSLA,213.94,213.94,211.19,213.73,51395374
2020-04-29,TSLA,213.56,214.93,213.41,213.5,40313915
2020-04-30,TSLA,205.79,206.56,206.0,206.07,39491245
2020-05-01,TSLA,207.67,208.58,207.9,208.02,55948410
2020-05-04,TSLA,207.22,208.23,205.93,207.0,48807096
2020-05-05,TSLA,196.52,198.14,195.42,197.41,47486507
2020-05-06,TSLA,197.57,197.79,195.99,197.47,33138945
2020-05-07,TSLA,198.7,198.85,197.35,198.2,47643937
2020-05-08,TSLA,200.45,201.69,199.9,201.18,59190156
2020-05-11,TSLA,201.81,201.82,200.28,201.44,40777754
2020-05-12,TSLA,205.59,206.7,203.73,204.73,42809952
2020-05-13,TSLA,210.67,210.78,209.33,209.58,43921577
2020-05-14,TSLA,215.91,217.83,215.57,216.73,55252009
2020-05-15,TSLA,216.13,217.06,214.1,215.89,52263752
2020-05-18,TSLA,202.73,204.07,201.31,203.17,55492170
2020-05-19,TSLA,205.21,204.7,203.46,204.53,49811803
2020-05-20,TSLA,205.04,205.86,203.88,204.9,54234624
2020-05-21,TSLA,201.65,202.36,201.23,201.71,48678491
2020-05-22,TSLA,205.73,205.84,204.97,205.04,56585259
2020-05-25,TSLA,194.06,195.56,193.05,194.2,51641758
2020-05-26,TSLA,200.47,201.0,200.95,200.99,53699945
2020-05-27,TSLA,206.3,205.28,203.75,204.69,49070915
2020-05-28,TSLA,200.0,201.36,200.6,200.65,54830535
2020-05-29,TSLA,195.52,197.22,195.2,195.68,51093470
2020-06-01,TSLA,201.82,201.33,199.01,201.14,54876073
2020-06-02,TSLA,195.16,195.79,195.18,195.65,62934268
2020-06-03,TSLA,190.51,190.69,189.55,190.08,41950636
2020-06-04,TSLA,179.4,180.95,179.57,179.97,42451414
2020-06-05,TSLA,189.13,190.01,189.27,189.39,37673374
2020-06-08,TSLA,185.37,186.52,184.43,185.32,74826777
2020-06-09,TSLA,182.1,182.3,180.13,181.52,53847650
2020-06-10,TSLA,175.38,177.14,175.54,175.6,61429597
2020-06-11,TSLA,175.22,176.65,175.59,175.63,19906588
2020-06-12,TSLA,171.42,171.57,170.13,171.12,42225522
2020-06-15,TSLA,173.05,174.79,172.93,173.72,26584695
2020-06-16,TSLA,180.61,181.07,178.72,180.3,57902633
2020-06-17,TSLA,186.82,186.21,185.99,186.1,51113584
2020-06-18,TSLA,182.91,182.72,180.26,182.19,63404391
2020-06-19,TSLA,188.82,189.98,188.8,188.88,37703599
2020-06-22,TSLA,199.09,199.42,198.6,198.94,36595808
2020-06-23,TSLA,188.63,188.69,188.25,188.68,60654156
2020-06-24,TSLA,189.93,190.83,189.68,190.11,39981968
2020-06-25,TSLA,191.68,191.85,190.89,191.77,47026584
2020-06-26,TSLA,191.25,191.48,189.22,190.6,37869701
2020-06-29,TSLA,194.94,197.15,194.39,195.35,53599005
2020-06-30,TSLA,183.81,185.3,183.77,184.2,41600371
2020-07-01,TSLA,191.43,194.18,191.16,192.06,67635193
2020-07-02,TSLA,184.28,183.5,183.17,183.22,59126591
2020-07-03,TSLA,180.53,181.67,179.91,180.82,52167400
2020-07-06,TSLA,172.88,174.02,173.11,173.53,60316231
2020-07-07,TSLA,176.65,177.21,176.22,176.56,50633788
2020-07-08,TSLA,176.48,176.06,174.81,175.91,38181393
2020-07-09,TSLA,181.53,182.33,181.12,181.25,54940016
2020-07-10,TSLA,176.51,177.11,176.11,176.78,59754995
2020-07-13,TSLA,183.79,184.89,182.02,183.84,51772010
2020-07-14,TSLA,184.8,185.81,185.25,185.75,52049053
2020-07-15,TSLA,178.12,179.09,177.57,178.23,56976144
2020-07-16,TSLA,176.15,178.17,176.98,177.19,52253925
2020-07-17,TSLA,165.3,167.01,165.07,165.8,44549491
2020-07-20,TSLA,160.42,161.88,159.51,160.75,27692323
2020-07-21,TSLA,159.48,160.03,158.44,159.14,45518423
2020-07-22,TSLA,154.01,154.11,152.88,153.76,25464444
2020-07-23,TSLA,148.6,148.78,148.56,148.74,40172433
2020-07-24,TSLA,142.87,144.02,142.57,142.59,50062511
2020-07-27,TSLA,142.25,142.95,142.1,142.9,53862253
2020-07-28,TSLA,143.47,144.5,143.29,143.82,61325913
2020-07-29,TSLA,148.14,147.75,145.58,147.24,56899137
2020-07-30,TSLA,149.6,150.66,149.42,149.85,56734214
2020-07-31,TSLA,145.75,146.56,146.01,146.12,50258665
2020-08-03,TSLA,152.11,152.02,151.89,151.96,54591885
2020-08-04,TSLA,150.21,150.84,149.78,150.57,43288508
2020-08-05,TSLA,153.13,152.94,152.71,152.82,53788620
2020-08-06,TSLA,150.94,152.39,150.99,151.61,51405695
2020-08-07,TSLA,148.27,148.18,147.71,147.81,59287905
2020-08-10,TSLA,148.52,148.62,146.2,147.68,56924997
2020-08-11,TSLA,148.53,148.92,147.93,148.26,56320793
2020-08-12,TSLA,151.44,151.9,150.65,151.35,57698539
2020-08-13,TSLA,151.48,152.61,151.46,151.49,56705599
2020-08-14,TSLA,157.0,158.21,156.27,157.15,81589417
2020-08-17,TSLA,156.5,156.14,155.56,156.04,51697851
2020-08-18,TSLA,162.18,162.58,161.0,161.62,50109431
2020-08-19,TSLA,155.63,156.65,154.99,155.62,54673795
2020-08-20,TSLA,154.78,154.51,153.88,154.21,75518400
2020-08-21,TSLA,152.58,152.89,152.22,152.52,56532509
2020-08-24,TSLA,154.93,155.2,153.81,154.83,46151995
2020-08-25,TSLA,166.39,166.4,166.09,166.3,48701053
2020-08-26,TSLA,167.79,169.39,168.17,168.68,37019302
2020-08-27,TSLA,177.39,179.17,176.3,178.05,67400572
2020-08-28,TSLA,168.48,169.43,167.39,168.62,45639791
2020-08-31,TSLA,166.27,167.87,165.33,166.32,53386012
2020-09-01,TSLA,161.75,161.96,161.24,161.57,48920007
2020-09-02,TSLA,151.68,152.75,150.19,151.76,41020479
2020-09-03,TSLA,158.63,160.23,158.6,158.73,49200889
2020-09-04,TSLA,150.81,151.11,149.59,150.89,39599654
2020-09-07,TSLA,152.67,153.77,153.21,153.26,39633758
2020-09-08,TSLA,156.83,156.86,156.16,156.77,43928532
2020-09-09,TSLA,153.2,154.1,152.61,153.21,51443373
2020-09-10,TSLA,153.69,153.67,152.68,153.29,53535658
2020-09-11,TSLA,152.14,152.58,151.57,152.21,43011069
2020-09-14,TSLA,150.41,151.15,149.36,150.57,60705826
2020-09-15,TSLA,150.33,150.14,149.12,149.93,45599412
2020-09-16,TSLA,149.43,150.14,148.76,149.47,49464543
2020-09-17,TSLA,151.1,151.82,149.98,150.79,39213307
2020-09-18,TSLA,149.56,149.83,148.6,149.66,62534428
2020-09-21,TSLA,147.91,147.58,146.87,147.22,47882228
2020-09-22,TSLA,135.42,137.08,135.82,136.02,41344371
2020-09-23,TSLA,135.7,137.85,135.92,136.18,35008202
2020-09-24,TSLA,133.49,133.72,132.7,133.01,46355731
2020-09-25,TSLA,130.23,131.01,130.01,130.74,33544455
2020-09-28,TSLA,124.52,126.65,125.19,125.63,44129430
2020-09-29,TSLA,119.75,119.77,119.71,119.73,49592739
2020-09-30,TSLA,118.85,119.35,118.45,118.49,68136730
2020-10-01,TSLA,118.27,117.82,117.45,117.74,45137033
2020-10-02,TSLA,120.63,120.78,120.08,120.28,37091393
2020-10-05,TSLA,118.85,119.05,118.12,118.48,58484396
2020-10-06,TSLA,116.29,118.66,117.28,117.36,47176536
2020-10-07,TSLA,116.19,116.27,115.55,115.81,55580993
2020-10-08,TSLA,112.49,112.5,111.99,112.43,42185091
2020-10-09,TSLA,113.46,112.92,112.68,112.77,46395147
2020-10-12,TSLA,105.68,106.85,105.78,106.31,42991003
2020-10-13,TSLA,107.79,108.07,107.78,107.79,40614121
2020-10-14,TSLA,100.17,101.14,99.63,100.11,48411520
2020-10-15,TSLA,102.07,102.95,102.81,102.89,41666609
2020-10-16,TSLA,104.77,105.61,104.77,105.27,51265793
2020-10-19,TSLA,96.59,96.73,95.33,96.17,54872493
2020-10-20,TSLA,97.05,98.08,96.78,97.14,42805862
2020-10-21,TSLA,96.1,96.82,95.93,96.19,57395312
2020-10-22,TSLA,92.19,92.56,91.83,92.17,46550379
2020-10-23,TSLA,91.55,91.69,90.89,91.38,46621958
2020-10-26,TSLA,93.09,93.67,92.84,93.15,48721329
2020-10-27,TSLA,95.44,95.54,94.98,95.33,48931473
2020-10-28,TSLA,92.68,93.04,92.26,92.69,49460595
2020-10-29,TSLA,91.74,92.37,91.81,92.19,64038047
2020-10-30,TSLA,91.2,90.96,90.84,90.9,69331942
2020-11-02,TSLA,91.01,91.48,90.9,91.41,32260250
2020-11-03,TSLA,89.41,90.23,88.82,89.3,47483594
2020-11-04,TSLA,91.81,92.84,91.97,92.34,57743536
2020-11-05,TSLA,90.54,90.18,89.72,90.17,49708536
2020-11-06,TSLA,91.24,91.7,90.52,91.29,50802849
2020-11-09,TSLA,90.45,90.79,90.15,90.24,53539581
2020-11-10,TSLA,89.46,90.14,89.56,89.72,40107886
2020-11-11,TSLA,89.71,90.6,89.45,90.19,50256598
2020-11-12,TSLA,91.77,91.72,91.13,91.59,40144998
2020-11-13,TSLA,88.91,89.01,88.43,88.87,34220669
2020-11-16,TSLA,86.18,86.45,86.0,86.15,60654180
2020-11-17,TSLA,83.2,83.29,82.9,83.11,57728881
2020-11-18,TSLA,79.05,79.49,79.14,79.49,49356075
2020-11-19,TSLA,76.97,76.9,75.69,76.65,46441708
2020-11-20,TSLA,74.6,74.98,74.47,74.86,65103291
2020-11-23,TSLA,79.07,79.22,78.56,78.98,35861687
2020-11-24,TSLA,77.37,77.44,76.3,76.85,44286378
2020-11-25,TSLA,80.89,80.67,80.23,80.55,63899538
2020-11-26,TSLA,78.89,79.54,79.17,79.2,52392641
2020-11-27,TSLA,76.91,77.74,77.1,77.32,64009147
2020-11-30,TSLA,78.01,77.82,77.38,77.8,42381464
2020-12-01,TSLA,76.95,77.24,76.25,76.82,53921843
2020-12-02,TSLA,78.83,79.13,78.33,78.63,29220387
2020-12-03,TSLA,77.99,78.35,77.51,77.97,55194644
2020-12-04,TSLA,79.11,79.21,78.83,79.07,35370717
2020-12-07,TSLA,80.67,80.45,79.75,80.33,55338376
2020-12-08,TSLA,76.94,77.39,76.85,77.07,52930501
2020-12-09,TSLA,75.01,75.3,74.48,74.88,50442417
2020-12-10,TSLA,77.32,77.15,76.76,77.04,53175427
2020-12-11,TSLA,75.98,75.68,75.24,75.52,50040984
2020-12-14,TSLA,76.19,76.21,75.48,75.94,43921538
2020-12-15,TSLA,79.57,80.3,79.75,80.17,38248669
2020-12-16,TSLA,79.6,80.34,79.29,79.53,40091723
2020-12-17,TSLA,79.25,79.87,78.72,79.55,46649117
2020-12-18,TSLA,79.79,79.7,79.32,79.67,56966348
2020-12-21,TSLA,76.75,76.47,76.3,76.42,51743956
2020-12-22,TSLA,74.76,75.26,74.73,74.94,46515102
2020-12-23,TSLA,74.42,74.71,74.18,74.26,45067282
2020-12-24,TSLA,75.09,75.55,74.93,75.06,36366937
2020-12-25,TSLA,73.69,73.52,73.01,73.4,41619929
2020-12-28,TSLA,75.53,75.26,75.18,75.19,27393997
2020-12-29,TSLA,74.54,75.21,74.07,74.81,50172375
2020-12-30,TSLA,73.17,73.57,73.16,73.24,46797190
2020-12-31,TSLA,73.3,73.23,72.77,73.08,43759049
2021-01-01,TSLA,72.11,72.45,72.18,72.3,57549819
2021-01-04,TSLA,73.43,73.59,73.36,73.52,47982028
2021-01-05,TSLA,71.05,70.88,70.55,70.87,46191482
2021-01-06,TSLA,73.34,73.88,73.07,73.18,27371900
2021-01-07,TSLA,70.91,70.51,70.13,70.48,55978796
2021-01-08,TSLA,72.47,72.59,72.21,72.58,52543804
2021-01-11,TSLA,71.25,71.49,70.99,71.25,31743649
2021-01-12,TSLA,75.12,75.05,73.95,74.97,47900449
2021-01-13,TSLA,76.62,76.8,75.65,76.04,29107665
2021-01-14,TSLA,75.92,75.48,75.11,75.44,53828821
2021-01-15,TSLA,80.43,80.42,80.17,80.35,62202997
2021-01-18,TSLA,79.33,79.72,78.91,79.4,43632563
2021-01-19,TSLA,79.46,79.8,79.22,79.67,32686840
2021-01-20,TSLA,76.58,76.87,76.12,76.49,47052124
2021-01-21,TSLA,78.89,78.53,77.36,78.44,46847898
2021-01-22,TSLA,77.43,78.65,77.02,77.44,50224489
2021-01-25,TSLA,77.27,78.17,77.3,77.5,64359891
2021-01-26,TSLA,73.69,74.2,73.35,74.17,41606480
2021-01-27,TSLA,72.96,73.21,72.67,72.68,46202134
2021-01-28,TSLA,73.65,74.33,73.77,74.06,53357539
2021-01-29,TSLA,75.16,74.99,74.62,74.7,51760276
2021-02-01,TSLA,77.15,77.11,76.63,76.98,49108520
2021-02-02,TSLA,79.22,79.11,78.65,78.97,41288100
2021-02-03,TSLA,80.79,81.03,80.36,80.51,53976168
2021-02-04,TSLA,82.28,82.98,82.54,82.63,67113005
2021-02-05,TSLA,77.86,77.84,77.34,77.71,69239459
2021-02-08,TSLA,78.99,80.47,78.75,79.3,41068857
2021-02-09,TSLA,79.8,80.06,79.35,79.65,37608281
2021-02-10,TSLA,77.24,77.16,76.89,77.0,40993602
2021-02-11,TSLA,75.72,75.62,75.1,75.4,54691203
2021-02-12,TSLA,75.69,75.97,75.66,75.76,32258896
2021-02-15,TSLA,77.19,77.93,77.55,77.85,49528982
2021-02-16,TSLA,75.96,76.48,75.68,75.91,45680670
2021-02-17,TSLA,76.74,77.23,76.84,76.88,72664896
2021-02-18,TSLA,80.54,80.75,79.73,80.33,51876666
2021-02-19,TSLA,83.4,83.47,83.34,83.34,31943667
2021-02-22,TSLA,81.35,81.64,81.02,81.49,49591931
2021-02-23,TSLA,77.79,78.21,77.21,77.64,54068061
2021-02-24,TSLA,81.58,81.65,80.95,81.32,59943133
2021-02-25,TSLA,78.57,78.68,77.81,78.47,57871615
2021-02-26,TSLA,75.36,76.05,75.27,75.81,57268239
2021-03-01,TSLA,79.53,79.23,78.91,79.13,48052166
2021-03-02,TSLA,78.88,79.71,78.9,79.04,58155082
2021-03-03,TSLA,77.45,77.47,76.9,77.41,50680974
2021-03-04,TSLA,79.82,80.06,79.5,79.72,49267458
2021-03-05,TSLA,81.53,81.69,80.29,81.24,56741604
2021-03-08,TSLA,80.83,81.43,80.7,81.0,41558622
2021-03-09,TSLA,82.51,83.09,82.13,82.44,37958489
2021-03-10,TSLA,80.71,81.77,80.63,80.88,39007187
2021-03-11,TSLA,78.25,77.96,77.18,77.8,26152553
2021-03-12,TSLA,76.86,76.85,76.51,76.81,42003984
2021-03-15,TSLA,80.08,80.85,79.45,80.4,53864947
2021-03-16,TSLA,80.02,80.48,79.97,80.18,45109165
2021-03-17,TSLA,79.76,80.06,79.04,79.31,58407793
2021-03-18,TSLA,79.21,79.63,79.15,79.22,49063527
2021-03-19,TSLA,78.78,79.6,78.29,78.79,35857468
2021-03-22,TSLA,80.2,80.34,79.77,79.99,60196364
2021-03-23,TSLA,79.5,79.84,79.42,79.67,49827699
2021-03-24,TSLA,79.21,79.56,78.78,79.23,45658023
2021-03-25,TSLA,76.81,76.9,75.91,76.58,42798119
2021-03-26,TSLA,76.71,77.12,76.08,76.53,35519167
2021-03-29,TSLA,80.88,80.63,79.56,80.46,48935694
2021-03-30,TSLA,78.69,78.86,78.71,78.79,33418867
2021-03-31,TSLA,77.86,78.06,77.42,77.63,57406840
2021-04-01,TSLA,78.68,78.83,78.41,78.49,44137644
2021-04-02,TSLA,79.04,78.89,78.18,78.84,56091596
2021-04-05,TSLA,74.8,74.9,74.78,74.84,34365865
2021-04-06,TSLA,72.33,72.48,72.05,72.46,46000612
2021-04-07,TSLA,76.36,76.5,76.34,76.39,36544948
2021-04-08,TSLA,77.86,78.01,77.75,77.76,69425575
2021-04-09,TSLA,74.6,75.07,74.42,74.75,55995038
2021-04-12,TSLA,78.59,78.79,78.4,78.49,55341788
2021-04-13,TSLA,80.14,80.43,80.16,80.36,51640034
2021-04-14,TSLA,79.34,79.77,79.08,79.28,54357972
2021-04-15,TSLA,76.44,76.68,76.05,76.33,58871026
2021-04-16,TSLA,79.55,79.73,79.35,79.52,66598971
2021-04-19,TSLA,86.37,86.38,85.95,86.18,50237928
2021-04-20,TSLA,89.17,89.71,89.1,89.26,34793036
2021-04-21,TSLA,90.98,91.39,90.95,91.29,56614328
2021-04-22,TSLA,87.12,87.11,86.61,86.98,46092602
2021-04-23,TSLA,83.64,84.03,83.28,83.79,55069082
2021-04-26,TSLA,88.1,87.98,87.65,87.83,42624390
2021-04-27,TSLA,84.4,84.82,84.31,84.48,43730593
2021-04-28,TSLA,83.8,83.93,82.65,83.35,60901206
2021-04-29,TSLA,85.13,85.19,84.5,84.58,45643784
2021-04-30,TSLA,88.66,88.51,87.3,88.49,62662546
2021-05-03,TSLA,88.06,88.98,87.69,88.43,52048643
2021-05-04,TSLA,89.45,90.38,89.48,89.77,52130456
2021-05-05,TSLA,91.36,92.31,91.44,91.46,43453069
2021-05-06,TSLA,93.05,93.43,92.7,92.9,60837633
2021-05-07,TSLA,89.76,90.52,89.72,89.84,79026502
2021-05-10,TSLA,90.82,91.18,91.07,91.15,55638815
2021-05-11,TSLA,91.07,91.04,90.96,91.01,32607443
2021-05-12,TSLA,93.72,93.76,93.3,93.36,67794485
2021-05-13,TSLA,88.27,88.69,88.55,88.68,58025913
2021-05-14,TSLA,89.17,89.14,88.65,89.06,58382239
2021-05-17,TSLA,89.53,89.7,89.27,89.47,50487973
2021-05-18,TSLA,92.07,92.19,91.41,91.97,45224701
2021-05-19,TSLA,93.92,94.21,93.89,94.2,51433862
2021-05-20,TSLA,92.15,92.87,91.9,92.3,62446945
2021-05-21,TSLA,90.8,91.37,90.74,90.79,45079469
2021-05-24,TSLA,90.59,90.87,90.13,90.43,38163212
2021-05-25,TSLA,97.99,98.85,98.08,98.33,59477301
2021-05-26,TSLA,96.57,97.03,96.12,96.93,54385464
2021-05-27,TSLA,99.92,100.28,99.61,99.94,45932929
2021-05-28,TSLA,101.25,101.3,100.88,100.88,47849307
2021-05-31,TSLA,97.97,98.0,97.94,98.0,62806555
2021-06-01,TSLA,99.62,101.16,99.67,100.44,71510243
2021-06-02,TSLA,99.77,99.75,99.63,99.66,49997367
2021-06-03,TSLA,99.05,99.99,99.06,99.34,57406739
2021-06-04,TSLA,100.93,101.25,100.58,100.98,47783265
2021-06-07,TSLA,100.52,101.52,100.04,100.31,49775887
2021-06-08,TSLA,96.16,96.98,96.37,96.52,72060124
2021-06-09,TSLA,93.58,93.96,93.19,93.55,40978190
2021-06-10,TSLA,90.45,90.38,89.96,90.14,49656180
2021-06-11,TSLA,95.83,96.35,95.95,96.22,43859156
2021-06-14,TSLA,97.56,97.84,97.7,97.8,51219469
2021-06-15,TSLA,97.72,98.8,97.91,98.22,51842380
2021-06-16,TSLA,103.22,103.86,103.15,103.5,67690620
2021-06-17,TSLA,108.27,108.32,107.61,107.86,67961473
2021-06-18,TSLA,103.18,104.38,103.78,103.86,50190451
2021-06-21,TSLA,107.44,108.41,107.56,107.63,66399459
2021-06-22,TSLA,106.12,106.68,105.56,105.88,52519456
2021-06-23,TSLA,105.38,105.94,105.35,105.52,43102337
2021-06-24,TSLA,110.14,110.57,109.92,110.27,48140216
2021-06-25,TSLA,109.53,109.72,109.19,109.54,42073550
2021-06-28,TSLA,111.41,112.14,111.32,112.12,52978971
2021-06-29,TSLA,109.47,109.66,109.0,109.42,46215984
2021-06-30,TSLA,115.27,115.81,114.49,115.26,58223609
2021-07-01,TSLA,115.19,116.52,115.63,115.67,30013784
2021-07-02,TSLA,122.1,121.84,121.22,121.55,33482650
2021-07-05,TSLA,120.09,120.48,119.9,120.34,37986262
2021-07-06,TSLA,115.88,116.74,115.64,116.07,56344981
2021-07-07,TSLA,113.71,114.7,112.83,113.73,54973284
2021-07-08,TSLA,112.6,113.37,112.22,113.13,72539359
2021-07-09,TSLA,117.32,117.85,117.02,117.4,49983226
2021-07-12,TSLA,122.07,122.37,121.81,122.13,57926650
2021-07-13,TSLA,123.29,123.36,122.87,123.33,39204672
2021-07-14,TSLA,123.2,123.34,121.8,123.28,38241197
2021-07-15,TSLA,125.43,125.62,124.96,125.23,55910669
2021-07-16,TSLA,125.01,125.42,124.01,124.46,47748005
2021-07-19,TSLA,121.7,121.63,120.75,121.41,33972310
2021-07-20,TSLA,126.58,127.16,126.04,126.57,52708152
2021-07-21,TSLA,123.89,124.65,124.35,124.43,40374999
2021-07-22,TSLA,122.52,122.98,121.75,122.51,42213286
2021-07-23,TSLA,120.42,121.11,120.63,120.81,41860688
2021-07-26,TSLA,123.68,123.8,123.59,123.68,49544392
2021-07-27,TSLA,122.42,123.32,122.73,123.0,48684378
2021-07-28,TSLA,117.33,117.92,117.1,117.55,48832410
2021-07-29,TSLA,110.58,110.73,109.8,110.19,64865441
2021-07-30,TSLA,105.76,106.71,105.45,106.24,48287887
2021-08-02,TSLA,105.74,105.61,103.9,105.16,48874629
2021-08-03,TSLA,107.38,108.17,107.87,108.14,46151176
2021-08-04,TSLA,110.99,111.13,110.07,110.97,41812576
2021-08-05,TSLA,108.41,108.87,107.71,108.05,71201431
2021-08-06,TSLA,103.18,103.75,102.93,103.36,40824216
2021-08-09,TSLA,100.48,100.34,99.97,100.07,61053383
2021-08-10,TSLA,95.09,95.68,94.68,95.3,49430858
2021-08-11,TSLA,90.06,91.03,89.64,90.5,60508170
2021-08-12,TSLA,96.05,95.93,95.77,95.79,52894478
2021-08-13,TSLA,94.86,95.02,94.05,94.79,49080831
2021-08-16,TSLA,93.8,94.09,93.2,93.62,58816636
2021-08-17,TSLA,93.04,92.98,92.38,92.78,50309957
2021-08-18,TSLA,93.55,94.05,93.73,93.88,40038668
2021-08-19,TSLA,96.8,97.48,96.93,97.13,37839334
2021-08-20,TSLA,94.82,95.77,94.65,94.97,60828767
2021-08-23,TSLA,94.9,95.25,93.56,94.61,50945509
2021-08-24,TSLA,96.48,96.68,95.78,96.67,40484084
2021-08-25,TSLA,94.91,95.63,94.25,94.78,58123429
2021-08-26,TSLA,88.88,89.81,89.06,89.48,57652367
2021-08-27,TSLA,85.47,86.57,85.16,85.73,42840532
2021-08-30,TSLA,88.29,88.48,88.26,88.34,53475987
2021-08-31,TSLA,87.91,87.86,87.59,87.81,53138430
2021-09-01,TSLA,92.95,93.06,92.8,92.88,59644356
2021-09-02,TSLA,89.84,89.96,88.79,89.92,60727270
2021-09-03,TSLA,87.8,88.11,87.8,88.03,59714859
2021-09-06,TSLA,85.12,85.46,85.21,85.34,51556852
2021-09-07,TSLA,82.93,83.23,82.47,83.01,47472283
2021-09-08,TSLA,85.99,85.91,85.44,85.85,55483030
2021-09-09,TSLA,84.62,85.5,84.91,85.07,47852128
2021-09-10,TSLA,85.97,86.98,85.91,86.29,57867171
2021-09-13,TSLA,90.83,90.79,90.45,90.69,65537969
2021-09-14,TSLA,89.01,89.09,88.84,88.99,75043168
2021-09-15,TSLA,89.48,89.52,88.63,89.14,41407454
2021-09-16,TSLA,91.15,91.3,90.41,90.99,43692551
2021-09-17,TSLA,92.15,92.45,91.97,92.22,56861835
2021-09-20,TSLA,89.79,90.84,89.42,89.74,43899217
2021-09-21,TSLA,86.28,86.73,85.83,85.85,48614425
2021-09-22,TSLA,85.18,85.0,84.07,84.99,40664247
2021-09-23,TSLA,85.32,85.27,84.68,85.13,41821912
2021-09-24,TSLA,81.34,81.37,81.31,81.34,42353553
2021-09-27,TSLA,79.65,80.33,79.7,79.88,30493031
2021-09-28,TSLA,77.59,77.81,77.51,77.75,44108395
2021-09-29,TSLA,77.66,77.95,77.64,77.65,47751396
2021-09-30,TSLA,77.01,76.89,76.26,76.54,56105642
2021-10-01,TSLA,75.28,75.8,75.1,75.46,58097366
2021-10-04,TSLA,73.97,73.93,73.41,73.8,37663283
2021-10-05,TSLA,74.38,74.54,74.43,74.46,45807400
2021-10-06,TSLA,74.79,75.24,74.49,74.87,46025298
2021-10-07,TSLA,72.62,73.01,72.55,72.67,36724716
2021-10-08,TSLA,77.53,78.18,76.94,77.25,49081866
2021-10-11,TSLA,80.42,81.16,80.98,81.02,41213940
2021-10-12,TSLA,80.96,81.22,80.65,81.14,55534470
2021-10-13,TSLA,77.93,77.89,77.35,77.84,53354867
2021-10-14,TSLA,73.05,73.48,72.43,73.18,62644762
2021-10-15,TSLA,71.92,72.0,71.71,71.9,53815124
2021-10-18,TSLA,70.08,70.59,69.88,70.19,47707186
2021-10-19,TSLA,72.46,72.46,72.26,72.43,38845657
2021-10-20,TSLA,72.29,72.57,72.25,72.53,29595891
2021-10-21,TSLA,72.97,73.1,72.9,72.97,58787723
2021-10-22,TSLA,71.76,72.12,71.99,72.02,48481027
2021-10-25,TSLA,71.99,72.53,71.84,71.94,59186176
2021-10-26,TSLA,70.19,70.68,69.57,70.19,44605739
2021-10-27,TSLA,73.99,73.97,73.65,73.68,63209921
2021-10-28,TSLA,73.0,73.08,72.78,72.99,36091294
2021-10-29,TSLA,70.74,71.48,70.82,70.99,51924180
2021-11-01,TSLA,74.67,75.49,74.26,74.95,42234835
2021-11-02,TSLA,72.54,72.98,72.38,72.38,59540340
2021-11-03,TSLA,71.39,71.51,71.29,71.41,58106067
2021-11-04,TSLA,72.72,72.53,71.72,72.39,43139177
2021-11-05,TSLA,73.25,73.93,73.22,73.23,51486020
2021-11-08,TSLA,80.03,80.16,79.58,79.9,43213610
2021-11-09,TSLA,82.38,81.97,81.54,81.9,51507988
2021-11-10,TSLA,81.06,81.7,80.71,81.28,45470429
2021-11-11,TSLA,83.12,83.04,82.59,82.99,56714897
2021-11-12,TSLA,81.95,82.25,81.98,82.22,45029353
2021-11-15,TSLA,82.49,83.08,82.29,82.47,61946599
2021-11-16,TSLA,81.62,82.27,81.68,81.76,55521785
2021-11-17,TSLA,81.03,82.1,79.5,81.0,50891915
2021-11-18,TSLA,77.4,77.88,77.28,77.32,57021141
2021-11-19,TSLA,77.91,78.39,76.95,77.93,44660253
2021-11-22,TSLA,75.18,75.35,74.45,75.04,35898620
2021-11-23,TSLA,75.78,75.75,75.28,75.4,69178863
2021-11-24,TSLA,76.12,76.2,75.6,76.0,54372432
2021-11-25,TSLA,75.4,75.5,74.34,74.87,53224589
2021-11-26,TSLA,74.5,74.84,74.09,74.37,50771920
2021-11-29,TSLA,75.27,75.59,75.1,75.46,42161157
2021-11-30,TSLA,75.54,76.1,75.04,75.51,48723249
2021-12-01,TSLA,76.03,76.02,75.05,76.0,46209203
2021-12-02,TSLA,76.45,76.68,76.28,76.3,53960459
2021-12-03,TSLA,75.75,75.73,75.09,75.69,40139789
2021-12-06,TSLA,75.32,75.82,74.98,75.03,36585942
2021-12-07,TSLA,75.71,75.8,75.01,75.42,31317461
2021-12-08,TSLA,76.82,77.2,76.24,76.63,51580471
2021-12-09,TSLA,78.52,78.72,77.78,78.36,58892981
2021-12-10,TSLA,75.74,76.33,75.76,75.88,56254635
2021-12-13,TSLA,77.69,77.6,76.48,77.27,56050351
2021-12-14,TSLA,78.36,78.46,77.72,78.33,50995415
2021-12-15,TSLA,76.78,77.16,76.12,77.04,59218262
2021-12-16,TSLA,81.37,81.48,81.03,81.1,44797849
2021-12-17,TSLA,82.49,82.83,82.32,82.81,38954233
2021-12-20,TSLA,83.72,83.61,83.55,83.57,40693504
2021-12-21,TSLA,80.14,80.41,80.05,80.21,62690457
2021-12-22,TSLA,82.02,82.34,82.03,82.12,41460548
2021-12-23,TSLA,78.97,79.51,79.22,79.24,51695197
2021-12-24,TSLA,78.26,79.0,78.38,78.84,46162704
2021-12-27,TSLA,73.04,73.43,73.06,73.34,37769424
2021-12-28,TSLA,69.6,69.68,69.54,69.66,46320283
2021-12-29,TSLA,67.44,68.07,67.59,67.68,42994531
2021-12-30,TSLA,65.94,66.43,65.73,65.97,67072211
2021-12-31,TSLA,68.82,68.97,68.75,68.89,40472534
2022-01-03,TSLA,72.68,72.9,72.22,72.53,46951340
2022-01-04,TSLA,76.42,77.12,76.5,76.53,59605931
2022-01-05,TSLA,77.51,78.07,76.92,77.4,39645081
2022-01-06,TSLA,76.69,77.15,76.59,76.65,46653528
2022-01-07,TSLA,75.24,76.29,75.55,75.68,50310795
2022-01-10,TSLA,71.74,71.67,71.65,71.65,58622857
2022-01-11,TSLA,74.41,74.56,73.94,73.96,51191005
2022-01-12,TSLA,71.92,72.2,72.04,72.18,58691041
2022-01-13,TSLA,73.37,73.99,73.46,73.5,33984074
2022-01-14,TSLA,70.34,70.88,70.42,70.44,40408120
2022-01-17,TSLA,69.88,69.93,69.54,69.67,47716871
2022-01-18,TSLA,73.09,73.2,72.89,73.07,37519240
2022-01-19,TSLA,72.37,72.61,72.24,72.46,77338904
2022-01-20,TSLA,72.27,72.75,71.7,72.14,52316888
2022-01-21,TSLA,71.24,71.33,70.62,71.19,35299664
2022-01-24,TSLA,63.86,64.0,63.56,63.88,41909223
2022-01-25,TSLA,62.38,62.48,62.03,62.24,55736437
2022-01-26,TSLA,60.22,60.35,59.92,60.03,60371413
2022-01-27,TSLA,58.24,58.56,57.76,58.27,54870264
2022-01-28,TSLA,54.79,55.26,54.32,54.69,40349717
2022-01-31,TSLA,54.59,54.83,54.31,54.62,59103838
2022-02-01,TSLA,52.07,52.3,51.76,52.21,44954073
2022-02-02,TSLA,52.95,53.25,53.03,53.06,44693832
2022-02-03,TSLA,55.09,55.41,54.88,55.09,44244463
2022-02-04,TSLA,53.1,53.43,52.93,53.12,56035096
2022-02-07,TSLA,52.76,52.75,52.67,52.69,56448028
2022-02-08,TSLA,50.34,50.61,50.23,50.54,50743128
2022-02-09,TSLA,50.33,50.46,49.92,50.32,65111450
2022-02-10,TSLA,50.28,50.48,50.22,50.37,54093475
2022-02-11,TSLA,50.85,51.21,50.96,51.06,41936313
2022-02-14,TSLA,52.38,52.91,52.32,52.4,58495818
2022-02-15,TSLA,53.01,53.27,52.91,53.09,55800630
2022-02-16,TSLA,49.5,49.51,49.25,49.47,53444977
2022-02-17,TSLA,47.06,47.1,47.01,47.04,48777990
2022-02-18,TSLA,45.43,45.6,45.04,45.36,48844291
2022-02-21,TSLA,45.41,45.71,45.32,45.32,31581604
2022-02-22,TSLA,44.51,44.98,44.54,44.63,53809088
2022-02-23,TSLA,44.94,45.18,44.88,44.89,44422925
2022-02-24,TSLA,43.54,43.63,43.17,43.44,51312281
2022-02-25,TSLA,42.47,42.45,42.09,42.21,38455760
2022-02-28,TSLA,43.51,43.45,43.26,43.34,54023451
2022-03-01,TSLA,42.09,42.18,41.95,42.15,57038261
2022-03-02,TSLA,43.49,43.48,43.27,43.44,57233996
2022-03-03,TSLA,41.02,40.93,40.86,40.9,53856891
2022-03-04,TSLA,41.65,41.63,41.53,41.53,49351202
2022-03-07,TSLA,41.53,42.1,41.77,41.78,44838551
2022-03-08,TSLA,41.94,42.05,41.68,41.89,64684934
2022-03-09,TSLA,40.97,41.44,41.06,41.12,41810014
2022-03-10,TSLA,42.2,42.69,42.08,42.29,45601310
2022-03-11,TSLA,41.58,42.03,41.52,41.63,66161774
2022-03-14,TSLA,42.32,42.59,42.19,42.38,39602816
2022-03-15,TSLA,43.39,43.7,43.31,43.44,46795099
2022-03-16,TSLA,41.35,41.6,41.3,41.46,50929818
2022-03-17,TSLA,39.72,39.89,39.75,39.86,57903860
2022-03-18,TSLA,40.91,41.11,40.86,40.91,31852382
2022-03-21,TSLA,39.37,39.48,39.02,39.23,36545863
2022-03-22,TSLA,40.25,40.09,40.0,40.03,37458133
2022-03-23,TSLA,40.65,40.89,40.09,40.78,43740152
2022-03-24,TSLA,41.93,41.85,41.71,41.81,47334315
2022-03-25,TSLA,40.69,40.87,40.65,40.72,46396984
2022-03-28,TSLA,39.55,39.78,39.57,39.64,37144448
2022-03-29,TSLA,39.99,40.24,39.73,40.14,47664030
2022-03-30,TSLA,39.74,39.97,39.84,39.92,41254514
2022-03-31,TSLA,41.43,41.59,41.25,41.37,59047559
2022-04-01,TSLA,39.88,40.02,39.79,40.01,53680649
2022-04-04,TSLA,41.21,41.22,40.84,41.18,42232144
2022-04-05,TSLA,39.95,40.07,39.85,39.87,23420367
2022-04-06,TSLA,40.19,40.3,39.92,40.2,60918135
2022-04-07,TSLA,42.86,43.01,42.81,42.96,59631323
2022-04-08,TSLA,41.73,41.84,41.65,41.71,34318814
2022-04-11,TSLA,41.41,41.6,41.18,41.3,62310579
2022-04-12,TSLA,41.52,41.71,41.27,41.6,38643135
2022-04-13,TSLA,42.51,42.6,42.38,42.5,54421599
2022-04-14,TSLA,42.86,42.89,42.68,42.79,50175578
2022-04-15,TSLA,42.04,42.27,42.2,42.22,43633407
2022-04-18,TSLA,42.64,42.62,42.21,42.34,38707416
2022-04-19,TSLA,41.78,42.06,41.86,41.88,47567568
2022-04-20,TSLA,40.89,41.23,41.0,41.01,58407965
2022-04-21,TSLA,40.1,40.18,39.87,39.87,31723358
2022-04-22,TSLA,38.38,38.45,38.18,38.31,41625110
2022-04-25,TSLA,38.62,38.84,38.27,38.5,56797067
2022-04-26,TSLA,36.82,36.91,36.8,36.81,53365175
2022-04-27,TSLA,36.54,36.47,36.41,36.45,34728389
2022-04-28,TSLA,37.9,38.11,37.75,37.9,37188436
2022-04-29,TSLA,38.44,38.71,38.32,38.53,35050139
2022-05-02,TSLA,40.23,40.37,40.15,40.33,31081894
2022-05-03,TSLA,42.47,42.39,42.28,42.39,46646089
2022-05-04,TSLA,42.83,43.05,42.7,42.71,30087530
2022-05-05,TSLA,44.24,44.52,43.96,44.18,49040793
2022-05-06,TSLA,44.06,44.14,43.91,44.09,72080590
2022-05-09,TSLA,45.86,46.04,45.78,45.85,48577065
2022-05-10,TSLA,44.39,44.6,44.31,44.5,69555414
2022-05-11,TSLA,46.63,46.7,46.28,46.57,52819780
2022-05-12,TSLA,47.62,47.7,47.28,47.32,54065043
2022-05-13,TSLA,46.89,47.51,46.76,46.95,50842165
2022-05-16,TSLA,47.76,47.92,47.85,47.88,33148054
2022-05-17,TSLA,47.99,48.11,47.95,48.07,36594457
2022-05-18,TSLA,46.66,46.97,46.56,46.72,46875864
2022-05-19,TSLA,46.08,46.05,45.69,45.89,56801006
2022-05-20,TSLA,47.69,47.99,47.08,47.64,44138213
2022-05-23,TSLA,49.07,49.46,49.02,49.28,46973250
2022-05-24,TSLA,51.0,50.73,50.37,50.67,56495386
2022-05-25,TSLA,51.75,52.23,51.47,51.89,58230113
2022-05-26,TSLA,50.48,50.74,50.65,50.67,46391828
2022-05-27,TSLA,52.26,52.29,51.81,52.1,54058739
2022-05-30,TSLA,52.49,52.72,52.49,52.65,43104026
2022-05-31,TSLA,52.21,52.35,52.07,52.18,53093234
2022-06-01,TSLA,52.93,53.09,52.77,52.77,55165853
2022-06-02,TSLA,54.62,55.05,54.45,54.6,50973078
2022-06-03,TSLA,53.72,54.01,53.63,53.88,66147726
2022-06-06,TSLA,53.72,54.44,53.49,53.68,46481507
2022-06-07,TSLA,52.34,52.72,52.15,52.44,55863197
2022-06-08,TSLA,53.68,54.03,53.5,53.66,40822766
2022-06-09,TSLA,52.59,52.96,51.98,52.43,37108549
2022-06-10,TSLA,53.65,53.88,53.48,53.73,46366459
2022-06-13,TSLA,53.45,53.48,52.93,53.31,51099485
2022-06-14,TSLA,55.06,55.43,54.65,54.99,57355365
2022-06-15,TSLA,55.56,56.01,55.2,55.49,74264722
2022-06-16,TSLA,57.62,58.02,57.47,57.56,39665145
2022-06-17,TSLA,59.26,59.27,59.05,59.25,52791184
2022-06-20,TSLA,58.92,59.21,58.85,59.14,35070775
2022-06-21,TSLA,59.73,60.38,59.44,59.95,45971261
2022-06-22,TSLA,57.33,57.49,57.01,57.34,46261259
2022-06-23,TSLA,58.32,58.55,57.85,58.32,45982057
2022-06-24,TSLA,59.35,59.67,58.92,59.39,60860565
2022-06-27,TSLA,59.42,59.8,59.39,59.62,42583060
2022-06-28,TSLA,61.34,61.88,61.28,61.66,38877068
2022-06-29,TSLA,60.18,60.37,59.92,60.28,66804999
2022-06-30,TSLA,57.43,57.39,57.06,57.29,46642860
2022-07-01,TSLA,59.11,59.29,58.85,59.05,57036132
2022-07-04,TSLA,58.04,58.51,57.78,58.02,37502226
2022-07-05,TSLA,57.97,58.56,58.16,58.24,57998134
2022-07-06,TSLA,59.11,59.23,58.81,58.91,50392796
2022-07-07,TSLA,59.38,59.79,59.02,59.16,54796849
2022-07-08,TSLA,58.39,58.58,57.89,58.19,67343995
2022-07-11,TSLA,58.41,58.44,58.17,58.4,60997000
2022-07-12,TSLA,58.79,59.0,58.75,58.96,18409119
2022-07-13,TSLA,60.83,61.23,61.06,61.19,43598872
2022-07-14,TSLA,59.84,60.06,59.72,59.82,36387040
2022-07-15,TSLA,57.8,57.91,57.02,57.54,41477010
2022-07-18,TSLA,54.22,54.21,54.16,54.17,57413738
2022-07-19,TSLA,55.09,55.26,54.87,54.95,42759982
2022-07-20,TSLA,55.27,55.64,54.93,55.49,61559489
2022-07-21,TSLA,52.78,53.22,52.45,52.75,33708068
2022-07-22,TSLA,50.69,50.88,50.4,50.66,57410816
2022-07-25,TSLA,52.28,52.46,51.92,52.29,44227988
2022-07-26,TSLA,53.05,53.08,52.76,52.94,56541383
2022-07-27,TSLA,54.21,54.24,53.92,54.13,56401846
2022-07-28,TSLA,56.71,56.99,56.72,56.9,61279361
2022-07-29,TSLA,57.71,58.03,56.97,57.55,47388626
2022-08-01,TSLA,57.09,57.2,56.73,56.99,38576179
2022-08-02,TSLA,57.51,57.52,57.26,57.31,47099614
2022-08-03,TSLA,53.53,53.53,53.44,53.48,61069790
2022-08-04,TSLA,50.21,50.45,50.16,50.39,49277010
2022-08-05,TSLA,51.47,51.57,51.32,51.5,59298964
2022-08-08,TSLA,52.32,52.74,52.43,52.59,45705886
2022-08-09,TSLA,50.06,50.41,49.68,49.9,68181062
2022-08-10,TSLA,50.18,50.28,49.93,50.26,66039650
2022-08-11,TSLA,50.93,50.84,50.5,50.83,48521268
2022-08-12,TSLA,51.17,51.4,51.06,51.2,55574710
2022-08-15,TSLA,49.19,49.34,49.23,49.32,46155084
2022-08-16,TSLA,45.89,46.1,45.68,45.93,27202101
2022-08-17,TSLA,46.3,46.44,46.2,46.23,44872694
2022-08-18,TSLA,43.93,44.11,43.96,44.11,45347727
2022-08-19,TSLA,43.57,44.44,43.77,43.82,28471490
2022-08-22,TSLA,44.77,45.37,44.75,44.81,54307741
2022-08-23,TSLA,43.7,44.33,43.55,43.78,60501178
2022-08-24,TSLA,42.95,42.84,42.63,42.81,52329886
2022-08-25,TSLA,42.91,43.21,42.98,43.08,37279176
2022-08-26,TSLA,40.49,40.54,40.31,40.39,54037105
2022-08-29,TSLA,39.14,39.23,39.12,39.21,59152873
2022-08-30,TSLA,42.35,42.43,42.19,42.19,67129026
2022-08-31,TSLA,40.61,40.71,40.31,40.46,58132874
2022-09-01,TSLA,40.17,40.63,40.15,40.22,55059780
2022-09-02,TSLA,41.44,41.44,41.34,41.42,43399242
2022-09-05,TSLA,40.41,40.72,40.13,40.44,15724248
2022-09-06,TSLA,40.85,41.03,40.57,40.95,41237109
2022-09-07,TSLA,40.02,40.31,40.04,40.07,61223899
2022-09-08,TSLA,40.74,41.05,40.57,40.7,40661098
2022-09-09,TSLA,43.06,43.23,43.05,43.21,59275275
2022-09-12,TSLA,42.41,42.48,42.16,42.4,43641141
2022-09-13,TSLA,41.97,42.2,41.82,42.04,48565428
2022-09-14,TSLA,42.05,42.29,41.76,41.95,34221133
2022-09-15,TSLA,41.17,41.4,40.92,41.16,39347384
2022-09-16,TSLA,40.12,40.33,39.85,40.0,57837414
2022-09-19,TSLA,39.84,40.0,39.78,39.86,67762860
2022-09-20,TSLA,38.42,38.4,38.12,38.3,68537882
2022-09-21,TSLA,38.73,38.76,38.67,38.68,57731551
2022-09-22,TSLA,39.0,39.31,39.06,39.21,50020089
2022-09-23,TSLA,39.62,39.68,39.56,39.6,42800935
2022-09-26,TSLA,37.5,37.71,37.31,37.52,42508703
2022-09-27,TSLA,39.43,39.35,39.28,39.34,71564741
2022-09-28,TSLA,39.66,39.92,39.71,39.85,50464292
2022-09-29,TSLA,42.27,42.3,42.24,42.26,46045237
2022-09-30,TSLA,42.38,42.86,42.63,42.7,54656175
2022-10-03,TSLA,45.55,45.55,45.13,45.46,67438322
2022-10-04,TSLA,46.32,46.62,46.04,46.22,44819993
2022-10-05,TSLA,46.62,46.66,46.64,46.65,52256134
2022-10-06,TSLA,44.84,45.06,44.68,44.88,53305598
2022-10-07,TSLA,43.48,44.09,43.58,43.66,57123109
2022-10-10,TSLA,42.2,42.5,42.19,42.19,30193686
2022-10-11,TSLA,42.42,42.42,42.13,42.41,46020769
2022-10-12,TSLA,42.19,42.17,42.06,42.16,49134445
2022-10-13,TSLA,42.7,42.91,42.57,42.79,64426567
2022-10-14,TSLA,43.99,44.32,43.77,44.06,52958119
2022-10-17,TSLA,44.2,44.34,44.13,44.19,50722714
2022-10-18,TSLA,44.95,45.08,44.91,44.93,52258980
2022-10-19,TSLA,47.28,47.6,46.96,47.19,52697843
2022-10-20,TSLA,47.52,47.76,47.55,47.6,56288091
2022-10-21,TSLA,47.76,47.77,47.5,47.67,52147664
2022-10-24,TSLA,50.55,50.49,49.91,50.16,48535365
2022-10-25,TSLA,49.5,49.71,49.44,49.5,40140800
2022-10-26,TSLA,50.44,50.81,50.42,50.44,45639611
2022-10-27,TSLA,47.9,48.24,47.64,47.82,52889248
2022-10-28,TSLA,47.58,48.05,47.76,47.84,26034505
2022-10-31,TSLA,47.55,47.66,47.29,47.53,66507353
2022-11-01,TSLA,46.98,46.9,46.72,46.78,47959495
2022-11-02,TSLA,48.01,48.28,47.92,48.02,62634175
2022-11-03,TSLA,44.61,44.97,44.81,44.89,45359642
2022-11-04,TSLA,42.82,43.35,42.8,42.85,47550464
2022-11-07,TSLA,43.21,43.4,42.83,43.21,62864304
2022-11-08,TSLA,41.04,41.24,40.93,41.07,39268206
2022-11-09,TSLA,38.87,38.98,38.71,38.84,45040938
2022-11-10,TSLA,37.49,37.58,37.32,37.57,62612505
2022-11-11,TSLA,35.6,35.64,35.25,35.52,53982128
2022-11-14,TSLA,35.05,35.16,34.66,35.05,45977595
2022-11-15,TSLA,34.28,34.35,34.33,34.34,66130807
2022-11-16,TSLA,35.18,35.28,35.11,35.12,41042953
2022-11-17,TSLA,35.85,35.89,35.67,35.85,47079459
2022-11-18,TSLA,38.51,38.47,38.08,38.38,50377805
2022-11-21,TSLA,37.98,38.23,37.74,37.9,46978696
2022-11-22,TSLA,38.49,38.75,38.27,38.36,32242417
2022-11-23,TSLA,38.76,39.08,38.49,38.82,57799303
2022-11-24,TSLA,40.51,40.59,40.25,40.51,53943141
2022-11-25,TSLA,39.71,39.82,39.7,39.79,47764136
2022-11-28,TSLA,40.97,41.15,40.31,40.73,47401282
2022-11-29,TSLA,41.85,42.19,41.61,41.94,47747286
2022-11-30,TSLA,41.9,41.98,41.63,41.91,33814523
2022-12-01,TSLA,41.23,41.47,41.1,41.15,43455233
2022-12-02,TSLA,40.74,40.74,40.65,40.68,58072554
2022-12-05,TSLA,43.26,43.49,43.31,43.47,46208170
2022-12-06,TSLA,43.13,43.37,43.03,43.15,44953366
2022-12-07,TSLA,46.76,46.67,46.09,46.55,43607538
2022-12-08,TSLA,46.5,46.74,46.6,46.64,45584646
2022-12-09,TSLA,47.17,47.26,47.12,47.18,58607424
2022-12-12,TSLA,46.95,47.18,46.42,46.85,54883711
2022-12-13,TSLA,46.07,46.03,45.84,45.94,32505368
2022-12-14,TSLA,46.59,46.95,46.58,46.85,74452989
2022-12-15,TSLA,45.53,45.97,45.62,45.64,52651140
2022-12-16,TSLA,47.08,47.45,46.92,47.08,55770440
2022-12-19,TSLA,47.23,47.27,46.88,47.14,56672719
2022-12-20,TSLA,48.31,48.21,47.88,48.11,31235821
2022-12-21,TSLA,44.62,45.16,44.47,44.77,47123856
2022-12-22,TSLA,42.55,42.67,42.38,42.58,52798413
2022-12-23,TSLA,42.31,42.26,42.13,42.18,66029643
2022-12-26,TSLA,41.78,42.32,41.75,41.94,37387917
2022-12-27,TSLA,41.01,41.54,41.14,41.24,47711157
2022-12-28,TSLA,38.84,39.03,38.71,38.83,60241623
2022-12-29,TSLA,39.68,39.9,39.59,39.67,47377928
2022-12-30,TSLA,39.33,39.72,39.15,39.38,19067743
2023-01-02,TSLA,40.24,40.44,40.03,40.17,44563069
2023-01-03,TSLA,41.35,41.56,41.34,41.4,60972327
2023-01-04,TSLA,41.74,41.94,41.23,41.73,34225909
2023-01-05,TSLA,41.61,41.88,41.36,41.73,44742951
2023-01-06,TSLA,41.63,41.84,41.44,41.64,51219570
2023-01-09,TSLA,42.44,42.46,42.27,42.45,41438186
2023-01-10,TSLA,42.42,42.83,42.37,42.62,50492499
2023-01-11,TSLA,41.4,41.68,41.61,41.67,56898494
2023-01-12,TSLA,40.18,40.25,40.11,40.24,66939579
2023-01-13,TSLA,40.74,40.84,40.63,40.66,54173783
2023-01-16,TSLA,41.28,41.23,40.97,41.0,59605315
2023-01-17,TSLA,39.64,39.67,39.56,39.63,56868734
2023-01-18,TSLA,40.55,40.89,40.35,40.61,44040954
2023-01-19,TSLA,39.84,40.08,39.86,39.92,45760408
2023-01-20,TSLA,37.77,37.96,37.56,37.8,56641932
2023-01-23,TSLA,38.4,38.7,38.26,38.46,50190714
2023-01-24,TSLA,38.43,38.86,38.22,38.45,48271035
2023-01-25,TSLA,39.13,39.16,38.73,39.07,51785872
2023-01-26,TSLA,39.98,40.05,39.81,39.83,41105995
2023-01-27,TSLA,38.77,38.82,38.66,38.74,69929821
2023-01-30,TSLA,39.02,39.27,39.05,39.22,49274533
2023-01-31,TSLA,40.68,40.58,40.43,40.51,64015163
2023-02-01,TSLA,40.99,41.1,40.75,41.06,47192441
2023-02-02,TSLA,40.23,40.1,39.66,40.05,52438798
2023-02-03,TSLA,40.82,41.17,40.72,41.02,59128281
2023-02-06,TSLA,41.52,41.82,41.62,41.66,39083599
2023-02-07,TSLA,39.45,39.86,39.46,39.7,68383055
2023-02-08,TSLA,39.88,39.78,39.43,39.72,52002500
2023-02-09,TSLA,41.03,41.36,40.84,41.11,47920379
2023-02-10,TSLA,40.52,40.57,40.32,40.39,61127388
2023-02-13,TSLA,38.29,38.59,38.15,38.33,53497927
2023-02-14,TSLA,38.27,38.33,38.15,38.22,50673053
2023-02-15,TSLA,37.67,37.79,37.24,37.75,47500564
2023-02-16,TSLA,37.1,37.13,36.87,37.02,49941364
2023-02-17,TSLA,38.02,38.35,38.16,38.19,58297830
2023-02-20,TSLA,38.51,38.42,38.33,38.42,53484962
2023-02-21,TSLA,38.25,38.41,37.97,38.18,52554028
2023-02-22,TSLA,35.1,35.17,35.12,35.16,57542352
2023-02-23,TSLA,35.84,36.03,35.76,35.95,45463459
2023-02-24,TSLA,36.0,36.17,35.93,36.06,62983700
2023-02-27,TSLA,35.07,35.45,34.72,35.08,61461704
2023-02-28,TSLA,34.55,34.86,34.65,34.68,14671818
2023-03-01,TSLA,34.44,34.48,34.2,34.43,60029101
2023-03-02,TSLA,33.74,34.05,33.81,33.99,50129838
2023-03-03,TSLA,33.66,33.84,33.52,33.61,59215169
2023-03-06,TSLA,32.22,32.16,32.06,32.13,56750818
2023-03-07,TSLA,31.93,32.1,31.77,31.93,33816234
2023-03-08,TSLA,30.66,30.56,30.3,30.49,40629297
2023-03-09,TSLA,30.31,30.54,30.4,30.52,51908950
2023-03-10,TSLA,29.87,29.87,29.83,29.85,65618701
2023-03-13,TSLA,29.37,29.45,29.14,29.38,54098699
2023-03-14,TSLA,28.87,29.04,28.96,28.98,53119850
2023-03-15,TSLA,28.77,28.84,28.74,28.83,51574108
2023-03-16,TSLA,28.7,28.9,28.54,28.65,48225191
2023-03-17,TSLA,26.91,27.04,26.84,26.93,49666405
2023-03-20,TSLA,27.46,27.52,27.32,27.48,52571629
2023-03-21,TSLA,27.86,27.82,27.61,27.79,36805967
2023-03-22,TSLA,27.69,27.72,27.42,27.72,40175160
2023-03-23,TSLA,28.08,28.17,28.09,28.1,59489039
2023-03-24,TSLA,27.5,27.45,27.33,27.41,52854942
2023-03-27,TSLA,26.64,26.68,26.3,26.55,58415502
2023-03-28,TSLA,26.64,26.78,26.44,26.58,45567264
2023-03-29,TSLA,26.37,26.5,26.39,26.41,45048423
2023-03-30,TSLA,24.99,24.95,24.73,24.85,47123874
2023-03-31,TSLA,25.93,26.08,25.75,25.85,63035636
2023-04-03,TSLA,24.7,24.77,24.61,24.68,52933596
2023-04-04,TSLA,24.45,24.63,24.12,24.44,54534212
2023-04-05,TSLA,24.42,24.66,24.4,24.5,43872979
2023-04-06,TSLA,23.73,24.1,23.7,23.78,43244479
2023-04-07,TSLA,24.34,24.48,24.27,24.37,53058436
2023-04-10,TSLA,24.5,24.58,24.36,24.47,51964510
2023-04-11,TSLA,24.84,24.99,24.71,24.9,56302361
2023-04-12,TSLA,25.45,25.52,25.46,25.48,71085903
2023-04-13,TSLA,25.54,25.63,25.54,25.58,36979973
2023-04-14,TSLA,26.37,26.54,26.4,26.44,51799085
2023-04-17,TSLA,26.08,26.1,25.9,26.07,52370032
2023-04-18,TSLA,26.82,26.96,26.9,26.94,61009609
2023-04-19,TSLA,27.59,27.69,27.5,27.69,44528940
2023-04-20,TSLA,28.55,28.55,28.3,28.51,41608534
2023-04-21,TSLA,28.18,28.22,27.98,28.09,49768664
2023-04-24,TSLA,28.83,28.94,28.82,28.85,50238650
2023-04-25,TSLA,27.67,27.79,27.56,27.76,36706787
2023-04-26,TSLA,26.72,27.1,26.68,26.75,50683204
2023-04-27,TSLA,26.94,27.04,26.88,26.95,42752449
2023-04-28,TSLA,26.86,26.7,26.52,26.65,57531566
2023-05-01,TSLA,25.71,25.97,25.57,25.66,54904698
2023-05-02,TSLA,25.56,25.67,25.48,25.59,39876200
2023-05-03,TSLA,25.35,25.47,25.21,25.31,57634238
2023-05-04,TSLA,24.44,24.61,24.37,24.51,49425142
2023-05-05,TSLA,26.09,26.15,26.01,26.03,49440779
2023-05-08,TSLA,26.67,27.12,26.82,26.84,51613551
2023-05-09,TSLA,26.63,26.85,26.58,26.67,45937837
2023-05-10,TSLA,27.1,27.08,26.99,27.0,41708698
2023-05-11,TSLA,26.71,26.7,26.24,26.66,61320683
2023-05-12,TSLA,27.32,27.41,27.23,27.29,35492553
2023-05-15,TSLA,27.6,27.62,27.53,27.61,57631642
2023-05-16,TSLA,28.25,28.82,28.35,28.41,52389445
2023-05-17,TSLA,28.13,28.37,28.15,28.17,59385715
2023-05-18,TSLA,28.06,28.0,27.87,27.93,58535519
2023-05-19,TSLA,28.36,28.82,28.32,28.43,51455694
2023-05-22,TSLA,29.61,29.88,29.48,29.74,48787819
2023-05-23,TSLA,29.99,30.05,29.83,29.92,64415557
2023-05-24,TSLA,28.05,28.07,28.03,28.04,46832335
2023-05-25,TSLA,26.97,27.19,26.83,26.98,45116867
2023-05-26,TSLA,26.57,26.85,26.46,26.51,51379021
2023-05-29,TSLA,26.42,26.48,26.35,26.46,48336669
2023-05-30,TSLA,26.95,27.22,27.01,27.04,50356467
2023-05-31,TSLA,28.8,28.83,28.56,28.69,46399851
2023-06-01,TSLA,28.17,28.19,28.06,28.11,70737094
2023-06-02,TSLA,28.29,28.44,28.26,28.27,62671686
2023-06-05,TSLA,28.17,28.19,27.94,28.13,83482071
2023-06-06,TSLA,27.86,28.03,27.89,27.96,54342359
2023-06-07,TSLA,28.04,28.34,27.78,28.01,50738955
2023-06-08,TSLA,27.71,27.73,27.61,27.68,60679930
2023-06-09,TSLA,28.73,29.06,28.65,28.77,53611821
2023-06-12,TSLA,28.2,28.21,28.06,28.13,62759279
2023-06-13,TSLA,27.99,28.05,27.95,27.99,41839908
2023-06-14,TSLA,27.07,27.31,27.1,27.22,49682386
2023-06-15,TSLA,28.48,28.82,28.38,28.43,31765035
2023-06-16,TSLA,28.23,28.43,28.12,28.27,38768521
2023-06-19,TSLA,27.33,27.27,26.96,27.27,60105327
2023-06-20,TSLA,28.03,28.04,27.9,27.94,58283374
2023-06-21,TSLA,28.2,28.2,27.78,28.13,46848406
2023-06-22,TSLA,28.22,28.23,27.76,28.09,50832130
2023-06-23,TSLA,30.03,30.04,29.88,29.95,53986434
2023-06-26,TSLA,30.86,30.93,30.6,30.72,66931374
2023-06-27,TSLA,32.1,32.41,31.96,32.05,40867930
2023-06-28,TSLA,31.32,31.83,31.47,31.52,60809661
2023-06-29,TSLA,32.1,32.23,31.88,31.91,48743338
2023-06-30,TSLA,31.03,31.26,30.71,30.98,45661273
2023-07-03,TSLA,30.57,30.75,30.66,30.68,53161049
2023-07-04,TSLA,29.43,29.51,29.25,29.39,56856818
2023-07-05,TSLA,31.29,31.32,31.31,31.31,45565858
2023-07-06,TSLA,30.43,30.4,30.34,30.39,50643638
2023-07-07,TSLA,31.17,31.26,31.19,31.26,34510247
2023-07-10,TSLA,32.61,32.77,32.5,32.65,47216112
2023-07-11,TSLA,34.29,34.34,33.83,34.28,70570282
2023-07-12,TSLA,35.35,35.29,34.95,35.23,56346790
2023-07-13,TSLA,37.63,37.8,37.52,37.71,67522731
2023-07-14,TSLA,39.36,39.48,38.92,39.38,39867356
2023-07-17,TSLA,39.05,39.03,38.52,38.83,43163317
2023-07-18,TSLA,40.57,40.55,40.28,40.5,46089431
2023-07-19,TSLA,40.09,40.31,40.12,40.29,49487303
2023-07-20,TSLA,41.67,41.67,41.45,41.48,49102351
2023-07-21,TSLA,41.5,41.63,41.48,41.62,40107376
2023-07-24,TSLA,42.07,42.28,41.95,42.12,60933085
2023-07-25,TSLA,42.43,42.55,41.83,42.54,34789020
2023-07-26,TSLA,43.41,43.39,43.14,43.37,35765076
2023-07-27,TSLA,42.23,42.2,41.94,42.05,44139915
2023-07-28,TSLA,43.74,43.76,43.7,43.75,48026862
2023-07-31,TSLA,44.34,44.53,44.17,44.36,66692750
2023-08-01,TSLA,44.57,44.7,44.37,44.63,49660393
2023-08-02,TSLA,45.66,46.05,45.22,45.76,40016346
2023-08-03,TSLA,45.65,45.84,45.48,45.63,58891901
2023-08-04,TSLA,46.99,47.13,46.89,46.97,45391260
2023-08-07,TSLA,44.88,45.3,45.07,45.09,55369495
2023-08-08,TSLA,44.72,45.28,44.51,44.82,52105120
2023-08-09,TSLA,45.91,46.09,45.78,45.91,67222323
2023-08-10,TSLA,46.86,46.97,46.78,46.91,49427563
2023-08-11,TSLA,44.04,44.11,43.63,44.02,51067397
2023-08-14,TSLA,45.38,45.46,45.2,45.38,38647808
2023-08-15,TSLA,45.59,45.85,45.45,45.66,41752960
2023-08-16,TSLA,45.47,45.63,45.27,45.54,51051623
2023-08-17,TSLA,47.35,48.01,47.26,47.41,45053896
2023-08-18,TSLA,46.4,46.56,46.33,46.48,66585920
2023-08-21,TSLA,47.55,47.43,47.35,47.39,63360196
2023-08-22,TSLA,45.9,45.93,45.63,45.77,46996594
2023-08-23,TSLA,44.8,44.81,44.46,44.79,37360592
2023-08-24,TSLA,45.14,45.15,44.95,44.97,58658490
2023-08-25,TSLA,45.09,44.94,44.51,44.93,46704826
2023-08-28,TSLA,44.27,44.54,44.32,44.42,40158272
2023-08-29,TSLA,44.31,44.53,44.31,44.39,65950362
2023-08-30,TSLA,45.67,45.5,45.21,45.35,45609889
2023-08-31,TSLA,44.3,44.57,44.37,44.41,71958471
2023-09-01,TSLA,45.86,45.75,45.2,45.75,49880990
2023-09-04,TSLA,48.86,49.08,48.76,48.92,50494134
2023-09-05,TSLA,48.55,48.7,47.96,48.35,41226574
2023-09-06,TSLA,48.41,48.38,48.18,48.31,49948107
2023-09-07,TSLA,47.3,47.41,47.21,47.38,35027369
2023-09-08,TSLA,47.03,46.89,46.77,46.78,76128174
2023-09-11,TSLA,46.21,46.35,45.9,46.16,61358742
2023-09-12,TSLA,46.81,46.8,46.71,46.75,47888861
2023-09-13,TSLA,48.23,48.81,48.2,48.5,51451022
2023-09-14,TSLA,47.9,48.42,47.56,48.06,50456843
2023-09-15,TSLA,47.05,47.47,46.91,47.23,56791173
2023-09-18,TSLA,46.09,46.26,45.87,46.0,36285342
2023-09-19,TSLA,46.49,46.66,46.26,46.44,71734828
2023-09-20,TSLA,45.14,45.37,45.13,45.21,60713760
2023-09-21,TSLA,44.31,44.35,44.0,44.1,57499947
2023-09-22,TSLA,42.47,42.4,42.06,42.27,52287113
2023-09-25,TSLA,41.5,41.91,41.56,41.57,42250674
2023-09-26,TSLA,40.03,40.68,39.83,40.11,67318259
2023-09-27,TSLA,40.72,40.88,40.64,40.79,49575759
2023-09-28,TSLA,38.57,38.51,38.41,38.42,43834524
2023-09-29,TSLA,39.28,39.79,39.15,39.38,51302729
2023-10-02,TSLA,39.74,39.94,39.87,39.89,41104590
2023-10-03,TSLA,40.93,41.24,41.1,41.12,58585733
2023-10-04,TSLA,39.64,39.7,39.31,39.52,50101929
2023-10-05,TSLA,38.85,39.2,38.88,38.89,59091179
2023-10-06,TSLA,37.1,37.67,36.98,37.2,58646224
2023-10-09,TSLA,37.23,37.49,37.16,37.28,39226596
2023-10-10,TSLA,36.03,36.44,36.06,36.13,49652778
2023-10-11,TSLA,36.24,36.13,35.69,35.96,49514674
2023-10-12,TSLA,37.98,38.18,37.9,37.96,51519157
2023-10-13,TSLA,40.13,40.26,39.93,40.09,58043143
2023-10-16,TSLA,38.61,38.8,38.45,38.71,42806814
2023-10-17,TSLA,40.19,40.16,39.89,40.09,55768542
2023-10-18,TSLA,40.22,40.46,39.99,40.23,69743263
2023-10-19,TSLA,41.89,42.59,41.96,42.18,46752850
2023-10-20,TSLA,40.46,40.84,40.46,40.68,51297357
2023-10-23,TSLA,40.59,40.88,40.83,40.86,41904454
2023-10-24,TSLA,42.6,43.04,42.43,42.78,34729593
2023-10-25,TSLA,41.64,41.83,41.48,41.6,50736369
2023-10-26,TSLA,41.42,41.83,41.4,41.56,47244292
2023-10-27,TSLA,43.58,43.84,43.44,43.77,58901453
2023-10-30,TSLA,44.94,44.93,44.56,44.73,64578588
2023-10-31,TSLA,46.86,47.05,46.87,46.92,49826131
2023-11-01,TSLA,45.5,45.8,45.43,45.72,34593302
2023-11-02,TSLA,46.89,46.98,46.44,46.9,47958784
2023-11-03,TSLA,46.33,46.49,46.02,46.33,47890275
2023-11-06,TSLA,46.42,46.82,46.3,46.42,55411596
2023-11-07,TSLA,49.21,49.22,48.91,49.02,46961775
2023-11-08,TSLA,51.65,51.64,51.23,51.35,54469353
2023-11-09,TSLA,54.64,54.85,54.61,54.77,46442565
2023-11-10,TSLA,53.61,54.22,53.87,53.87,52130043
2023-11-13,TSLA,54.11,54.25,54.05,54.12,56337653
2023-11-14,TSLA,55.45,55.2,54.74,55.1,34440142
2023-11-15,TSLA,54.95,55.23,54.82,54.93,48312339
2023-11-16,TSLA,57.61,57.79,57.38,57.47,65646802
2023-11-17,TSLA,59.48,59.46,58.95,59.42,56686103
2023-11-20,TSLA,58.34,58.1,58.07,58.09,68538161
2023-11-21,TSLA,60.31,60.21,59.84,60.19,49251004
2023-11-22,TSLA,64.18,64.25,63.82,64.01,47125011
2023-11-23,TSLA,65.23,65.45,65.06,65.14,51054311
2023-11-24,TSLA,66.75,66.83,66.65,66.75,61836688
2023-11-27,TSLA,63.36,63.59,62.58,63.3,45929639
2023-11-28,TSLA,64.93,65.12,64.18,64.86,42692161
2023-11-29,TSLA,64.78,65.22,65.07,65.11,50262808
2023-11-30,TSLA,65.82,66.5,65.53,66.03,57467647
2023-12-01,TSLA,62.08,62.39,62.01,62.13,35193703
2023-12-04,TSLA,60.51,60.93,60.31,60.69,61418635
2023-12-05,TSLA,61.88,61.99,61.76,61.99,68229226
2023-12-06,TSLA,62.29,62.79,62.3,62.37,55840901
2023-12-07,TSLA,66.5,66.67,66.16,66.46,35504819
2023-12-08,TSLA,63.75,63.72,63.47,63.58,34290869
2023-12-11,TSLA,64.99,64.91,64.87,64.87,67461053
2023-12-12,TSLA,65.68,65.96,65.46,65.52,58850433
2023-12-13,TSLA,67.0,67.05,66.42,66.88,37857631
2023-12-14,TSLA,68.3,68.56,68.16,68.32,51986778
2023-12-15,TSLA,67.13,67.58,67.1,67.12,63610473
2023-12-18,TSLA,65.33,65.95,65.22,65.6,46991375
2023-12-19,TSLA,63.71,64.23,63.18,63.8,73113035
2023-12-20,TSLA,61.81,62.47,61.54,61.94,51388657
2023-12-21,TSLA,59.46,59.49,59.07,59.47,45260674
2023-12-22,TSLA,60.01,60.12,59.86,59.93,48909673
2023-12-25,TSLA,59.18,59.34,59.16,59.2,53977449
2023-12-26,TSLA,57.43,57.82,57.34,57.41,49554805
2023-12-27,TSLA,58.84,58.68,58.57,58.58,17966543
2023-12-28,TSLA,60.98,61.09,60.25,60.81,60584674
2023-12-29,TSLA,62.07,62.37,61.67,61.88,44277935
2024-01-01,TSLA,62.69,62.86,62.48,62.75,44198825
2024-01-02,TSLA,62.8,63.15,62.69,62.73,58699592
2024-01-03,TSLA,63.52,63.7,62.82,63.25,51125672
2024-01-04,TSLA,61.92,62.04,61.81,61.87,46955147
2024-01-05,TSLA,60.14,60.64,60.25,60.33,52913104
2024-01-08,TSLA,60.69,60.89,60.31,60.67,47833783
2024-01-09,TSLA,60.55,60.7,60.54,60.57,60659650
2024-01-10,TSLA,58.46,58.4,57.81,58.04,58764954
2024-01-11,TSLA,61.41,61.46,61.13,61.33,59536489
2024-01-12,TSLA,58.85,59.03,58.96,58.97,44377781
2024-01-15,TSLA,60.57,60.65,60.26,60.5,41267433
2024-01-16,TSLA,61.13,61.61,61.22,61.32,43891122
2024-01-17,TSLA,61.75,61.68,61.26,61.54,48804082
2024-01-18,TSLA,60.57,60.94,60.04,60.61,36217812
2024-01-19,TSLA,62.0,61.96,61.47,61.95,42733422
2024-01-22,TSLA,58.44,58.75,58.13,58.51,66740882
2024-01-23,TSLA,59.79,59.74,59.35,59.63,65809464
2024-01-24,TSLA,58.59,58.71,58.33,58.6,48677672
2024-01-25,TSLA,55.6,55.74,55.16,55.56,57153986
2024-01-26,TSLA,55.58,55.93,55.37,55.4,38143162
2024-01-29,TSLA,56.78,57.17,56.68,56.69,46878874
2024-01-30,TSLA,60.98,61.09,60.76,60.94,42450268
2024-01-31,TSLA,58.3,58.67,58.13,58.35,67020209
2024-02-01,TSLA,57.55,57.83,57.48,57.63,41211910
2024-02-02,TSLA,54.42,54.83,54.35,54.68,46295550
2024-02-05,TSLA,53.84,53.78,53.54,53.63,46156068
2024-02-06,TSLA,51.77,51.8,51.59,51.68,46264809
2024-02-07,TSLA,52.28,52.61,52.33,52.41,41533584
2024-02-08,TSLA,54.62,54.65,54.36,54.45,57500013
2024-02-09,TSLA,57.53,57.32,57.01,57.18,55820807
2024-02-12,TSLA,56.92,56.98,56.91,56.96,36241443
2024-02-13,TSLA,60.16,59.79,59.73,59.78,43167147
2024-02-14,TSLA,61.04,61.25,60.91,61.01,57906010
2024-02-15,TSLA,63.55,63.45,62.82,63.27,47500146
2024-02-16,TSLA,63.08,63.46,63.21,63.31,57775357
2024-02-19,TSLA,59.69,59.67,59.45,59.46,44547554
2024-02-20,TSLA,60.34,60.3,59.99,60.27,58302093
2024-02-21,TSLA,59.24,59.63,59.22,59.33,50303238
2024-02-22,TSLA,59.82,60.31,59.7,59.94,38549777
2024-02-23,TSLA,63.18,63.55,62.91,63.06,66387612
2024-02-26,TSLA,62.77,62.76,62.47,62.75,38498460
2024-02-27,TSLA,61.55,61.62,61.25,61.39,48464928
2024-02-28,TSLA,58.81,59.26,58.53,58.91,48003009
2024-02-29,TSLA,60.77,60.9,60.46,60.74,47860342
2024-03-01,TSLA,59.63,60.0,59.57,59.94,71387301
2024-03-04,TSLA,60.33,60.22,59.94,60.17,44665147
2024-03-05,TSLA,55.16,55.35,55.11,55.19,48009883
2024-03-06,TSLA,53.9,54.37,54.09,54.17,30424037
2024-03-07,TSLA,54.33,54.4,54.13,54.37,38063727
2024-03-08,TSLA,51.47,51.48,51.14,51.25,50540854
2024-03-11,TSLA,49.36,49.64,49.21,49.42,61208954
2024-03-12,TSLA,51.12,51.28,51.19,51.24,32900915
2024-03-13,TSLA,54.32,54.66,53.53,54.03,50166154
2024-03-14,TSLA,52.04,52.43,52.05,52.25,44671546
2024-03-15,TSLA,53.89,53.88,53.59,53.66,26075151
2024-03-18,TSLA,53.07,53.23,52.68,53.16,60444986
2024-03-19,TSLA,52.15,52.46,51.78,52.08,49311437
2024-03-20,TSLA,52.07,52.23,51.89,51.97,43074336
2024-03-21,TSLA,48.98,49.17,48.75,49.02,58877565
2024-03-22,TSLA,48.52,48.59,48.14,48.56,46494306
2024-03-25,TSLA,45.9,46.04,45.72,45.88,46849609
2024-03-26,TSLA,45.46,45.33,45.29,45.3,65202118
2024-03-27,TSLA,46.29,46.52,46.02,46.22,64551429
2024-03-28,TSLA,44.4,44.6,44.26,44.44,56859003
2024-03-29,TSLA,42.95,43.1,42.87,42.99,52004156
2024-04-01,TSLA,45.05,45.36,45.18,45.2,42780522
2024-04-02,TSLA,43.85,43.81,43.67,43.76,42463502
2024-04-03,TSLA,44.29,44.49,44.45,44.46,51532534
2024-04-04,TSLA,44.84,44.77,44.65,44.74,39019766
2024-04-05,TSLA,44.62,44.6,44.43,44.49,50901784
2024-04-08,TSLA,41.69,42.09,41.89,41.91,47477101
2024-04-09,TSLA,40.24,40.5,40.35,40.35,58108480
2024-04-10,TSLA,40.84,40.99,40.68,40.94,41425420
2024-04-11,TSLA,41.86,42.24,41.88,41.89,60355390
2024-04-12,TSLA,42.06,42.33,42.1,42.22,46745240
2024-04-15,TSLA,43.12,43.4,43.14,43.23,39433208
2024-04-16,TSLA,43.11,43.12,42.77,43.09,56137659
2024-04-17,TSLA,42.1,42.13,42.09,42.12,49781812
2024-04-18,TSLA,42.02,42.41,42.06,42.31,61137375
2024-04-19,TSLA,40.17,40.23,39.7,40.17,51800191
2024-04-22,TSLA,39.75,39.96,39.76,39.83,48856469
2024-04-23,TSLA,38.54,38.55,38.44,38.53,42900861
2024-04-24,TSLA,38.34,38.31,38.29,38.31,48258323
2024-04-25,TSLA,37.55,37.45,37.4,37.43,61507415
2024-04-26,TSLA,35.78,36.03,35.78,35.92,55794728
2024-04-29,TSLA,36.94,37.09,36.87,36.92,55704580
2024-04-30,TSLA,36.0,36.06,35.49,35.85,55502674
2024-05-01,TSLA,35.23,35.37,35.03,35.21,52385048
2024-05-02,TSLA,35.5,35.64,35.4,35.49,42732562
2024-05-03,TSLA,35.98,35.92,35.63,35.81,47025358
2024-05-06,TSLA,36.78,36.86,36.65,36.83,50855697
2024-05-07,TSLA,34.99,34.99,34.87,34.88,56081375
2024-05-08,TSLA,35.26,35.1,34.77,35.03,46608505
2024-05-09,TSLA,36.12,36.29,36.05,36.16,56846826
2024-05-10,TSLA,35.09,35.29,34.86,35.02,47061853
2024-05-13,TSLA,35.94,36.44,35.84,35.92,31137844
2024-05-14,TSLA,36.26,36.49,36.05,36.39,70643891
2024-05-15,TSLA,36.25,36.39,36.01,36.21,60172413
2024-05-16,TSLA,33.77,33.98,33.42,33.95,44539855
2024-05-17,TSLA,33.31,33.3,33.29,33.3,51747096
2024-05-20,TSLA,33.65,33.82,33.53,33.65,49786570
2024-05-21,TSLA,32.51,32.77,32.47,32.59,47916339
2024-05-22,TSLA,34.52,34.61,34.51,34.58,46868878
2024-05-23,TSLA,36.18,36.2,36.16,36.18,75453827
2024-05-24,TSLA,36.33,36.4,36.13,36.25,35715188
2024-05-27,TSLA,36.66,36.9,36.42,36.77,50275338
2024-05-28,TSLA,38.45,38.51,38.28,38.33,46432201
2024-05-29,TSLA,36.77,36.68,36.4,36.68,58058800
2024-05-30,TSLA,35.83,35.77,35.72,35.74,37549317
2024-05-31,TSLA,36.53,36.65,36.27,36.41,43304086
2024-06-03,TSLA,37.94,38.07,37.56,37.77,53458151
2024-06-04,TSLA,37.88,37.64,37.47,37.58,44134687
2024-06-05,TSLA,39.33,39.24,38.78,39.1,53859908
2024-06-06,TSLA,39.5,39.65,39.25,39.46,64581924
2024-06-07,TSLA,38.87,39.27,38.73,38.85,52320164
2024-06-10,TSLA,38.78,39.15,38.64,38.76,49040149
2024-06-11,TSLA,39.42,39.68,39.48,39.53,65483177
2024-06-12,TSLA,38.04,38.07,37.79,37.95,63170219
2024-06-13,TSLA,37.99,37.83,37.71,37.79,32264265
2024-06-14,TSLA,38.7,38.73,38.59,38.66,57408289
2024-06-17,TSLA,39.37,39.79,39.34,39.37,48187012
2024-06-18,TSLA,40.05,40.06,40.05,40.05,48653914
2024-06-19,TSLA,39.43,39.44,39.3,39.35,51107676
2024-06-20,TSLA,39.0,39.23,38.91,38.93,43000170
2024-06-21,TSLA,36.57,36.7,36.2,36.59,64686470
2024-06-24,TSLA,35.58,36.0,35.36,35.63,49842616
2024-06-25,TSLA,36.6,36.6,36.36,36.5,32538853
2024-06-26,TSLA,34.91,35.19,34.84,34.98,37371574
2024-06-27,TSLA,34.47,34.64,34.42,34.58,53186630
2024-06-28,TSLA,33.97,33.88,33.4,33.77,59418240
2024-07-01,TSLA,33.3,33.45,33.3,33.3,37240334
2024-07-02,TSLA,30.79,30.86,30.54,30.78,51780815
2024-07-03,TSLA,29.97,29.98,29.64,29.9,45477472
2024-07-04,TSLA,31.97,32.18,31.85,31.98,34689929
2024-07-05,TSLA,33.77,33.76,33.59,33.73,51460558
2024-07-08,TSLA,33.67,33.65,33.21,33.45,36472651
2024-07-09,TSLA,35.23,35.32,35.04,35.18,56654187
2024-07-10,TSLA,35.83,36.27,35.86,35.98,51893010
2024-07-11,TSLA,34.35,34.92,34.54,34.58,52587381
2024-07-12,TSLA,33.47,33.44,32.92,33.3,35370851
2024-07-15,TSLA,33.14,33.26,32.83,32.96,52974767
2024-07-16,TSLA,32.27,32.28,32.18,32.27,57438687
2024-07-17,TSLA,31.95,32.01,31.94,31.98,42640740
2024-07-18,TSLA,31.39,31.61,31.38,31.5,47390106
2024-07-19,TSLA,31.02,30.94,30.74,30.81,52178973
2024-07-22,TSLA,31.99,32.09,31.93,31.93,39666997
2024-07-23,TSLA,31.9,32.15,31.93,31.98,68029594
2024-07-24,TSLA,30.79,30.9,30.77,30.88,57416570
2024-07-25,TSLA,30.76,30.78,30.37,30.71,42794040
2024-07-26,TSLA,29.03,29.28,28.92,29.01,62494188
2024-07-29,TSLA,29.19,29.36,29.22,29.25,44996471
2024-07-30,TSLA,28.19,28.3,28.04,28.17,44969869
2024-07-31,TSLA,27.33,27.37,27.09,27.32,59454714
2024-08-01,TSLA,29.22,29.44,29.15,29.28,38715437
2024-08-02,TSLA,28.26,28.33,28.18,28.31,45595986
2024-08-05,TSLA,27.71,27.82,27.37,27.71,50676714
2024-08-06,TSLA,27.07,27.11,26.88,27.07,63302577
2024-08-07,TSLA,28.8,29.27,28.73,28.91,45555700
2024-08-08,TSLA,28.94,29.27,28.95,29.04,43883425
2024-08-09,TSLA,28.92,29.24,29.02,29.03,33492788
2024-08-12,TSLA,28.23,28.28,28.17,28.23,59916136
2024-08-13,TSLA,29.01,29.03,28.99,29.0,48523548
2024-08-14,TSLA,27.03,27.28,27.08,27.13,64278166
2024-08-15,TSLA,26.69,26.69,26.53,26.67,63353758
2024-08-16,TSLA,26.51,26.63,26.31,26.41,27348907
2024-08-19,TSLA,25.55,25.6,25.51,25.56,50416509
2024-08-20,TSLA,24.62,24.8,24.64,24.67,63410338
2024-08-21,TSLA,24.5,24.63,24.49,24.54,30196712
2024-08-22,TSLA,25.43,25.56,25.39,25.44,49489884
2024-08-23,TSLA,26.27,26.19,26.17,26.19,56006523
2024-08-26,TSLA,25.63,25.78,25.53,25.63,37539462
2024-08-27,TSLA,25.62,25.74,25.4,25.72,21142497
2024-08-28,TSLA,25.38,25.62,25.24,25.48,48362621
2024-08-29,TSLA,24.65,24.82,24.62,24.69,35132751
2024-08-30,TSLA,23.13,23.42,23.03,23.16,50878580
2024-09-02,TSLA,22.8,22.9,22.74,22.84,54554008
2024-09-03,TSLA,23.83,23.94,23.71,23.85,43769895
2024-09-04,TSLA,22.47,22.49,22.44,22.49,42232986
2024-09-05,TSLA,23.28,23.42,23.19,23.34,42917658
2024-09-06,TSLA,24.17,24.21,24.14,24.2,49889194
2024-09-09,TSLA,24.99,24.97,24.85,24.95,41216609
2024-09-10,TSLA,24.28,24.37,24.15,24.31,65134334
2024-09-11,TSLA,24.24,24.4,24.08,24.31,40381170
2024-09-12,TSLA,25.29,25.31,25.21,25.23,53006000
2024-09-13,TSLA,24.43,24.64,24.28,24.35,45715299
2024-09-16,TSLA,24.67,24.73,24.5,24.7,53588793
2024-09-17,TSLA,24.15,24.18,24.09,24.14,60469097
2024-09-18,TSLA,24.44,24.55,24.38,24.44,63384150
2024-09-19,TSLA,24.06,24.32,24.06,24.11,37146986
2024-09-20,TSLA,24.18,24.26,24.07,24.14,56819136
2024-09-23,TSLA,24.66,24.83,24.6,24.74,57909746
2024-09-24,TSLA,25.17,25.37,24.98,25.25,59994640
2024-09-25,TSLA,26.36,26.44,26.32,26.42,47379097
2024-09-26,TSLA,27.33,27.46,27.05,27.3,55816127
2024-09-27,TSLA,29.03,29.13,28.91,28.93,51208621
2024-09-30,TSLA,28.86,28.9,28.7,28.79,37464368
2024-10-01,TSLA,27.51,27.54,27.15,27.5,32674386
2024-10-02,TSLA,27.79,27.78,27.74,27.75,52041974
2024-10-03,TSLA,27.6,27.78,27.48,27.53,60730797
2024-10-04,TSLA,28.1,28.4,28.08,28.11,43504279
2024-10-07,TSLA,27.84,28.01,27.82,27.91,50737921
2024-10-08,TSLA,28.46,28.42,28.28,28.4,49146602
2024-10-09,TSLA,26.09,26.11,25.8,25.98,55261112
2024-10-10,TSLA,26.71,26.71,26.57,26.61,54259152
2024-10-11,TSLA,26.77,26.71,26.53,26.68,56496717
2024-10-14,TSLA,26.67,26.8,26.66,26.76,41054301
2024-10-15,TSLA,25.64,25.77,25.52,25.61,48744424
2024-10-16,TSLA,27.96,27.92,27.6,27.86,46128490
2024-10-17,TSLA,27.73,27.81,27.69,27.71,43545228
2024-10-18,TSLA,27.2,27.33,26.99,27.31,66699920
2024-10-21,TSLA,27.6,27.68,27.37,27.61,59851920
2024-10-22,TSLA,29.77,30.09,29.68,29.81,35285007
2024-10-23,TSLA,29.26,29.11,29.03,29.08,36846430
2024-10-24,TSLA,28.95,29.37,29.02,29.07,61026263
2024-10-25,TSLA,28.75,29.04,28.53,28.84,52393808
2024-10-28,TSLA,29.13,29.3,29.09,29.23,20729401
2024-10-29,TSLA,29.38,29.69,29.3,29.5,44553068
2024-10-30,TSLA,30.1,30.25,30.14,30.16,39106112
2024-10-31,TSLA,29.49,29.51,29.37,29.37,55204206
2024-11-01,TSLA,30.8,30.94,30.7,30.81,80092065
2024-11-04,TSLA,30.85,31.25,30.9,30.94,60170215
2024-11-05,TSLA,31.65,31.67,31.5,31.64,43587661
2024-11-06,TSLA,32.37,32.5,31.94,32.41,46965743
2024-11-07,TSLA,32.26,32.31,32.12,32.29,69723817
2024-11-08,TSLA,32.98,32.96,32.76,32.88,50285201
2024-11-11,TSLA,32.85,33.01,32.9,32.91,63617114
2024-11-12,TSLA,33.66,33.68,33.62,33.65,49944597
2024-11-13,TSLA,32.7,33.02,32.58,32.71,42621668
2024-11-14,TSLA,33.48,33.58,33.22,33.54,51407167
2024-11-15,TSLA,33.34,33.35,33.1,33.27,29692037
2024-11-18,TSLA,33.87,33.97,33.75,33.8,38802390
2024-11-19,TSLA,35.01,35.06,34.62,35.0,67053427
2024-11-20,TSLA,36.3,36.4,36.05,36.29,44173568
2024-11-21,TSLA,37.87,38.08,37.98,38.03,54192170
2024-11-22,TSLA,36.64,36.81,36.62,36.72,59565799
2024-11-25,TSLA,36.35,36.72,36.17,36.45,55070705
2024-11-26,TSLA,36.84,37.02,36.88,36.95,66913496
2024-11-27,TSLA,37.92,38.13,37.78,38.04,56574566
2024-11-28,TSLA,35.69,35.84,35.54,35.78,35889323
2024-11-29,TSLA,36.12,36.27,36.01,36.07,51679588
2024-12-02,TSLA,36.94,36.93,36.34,36.84,58011519
2024-12-03,TSLA,36.5,36.83,36.42,36.47,45595165
2024-12-04,TSLA,36.72,36.9,36.26,36.7,53339136
2024-12-05,TSLA,35.95,35.91,35.8,35.82,58189577
2024-12-06,TSLA,38.05,38.21,37.68,37.93,64488603
2024-12-09,TSLA,38.03,38.84,37.85,37.99,41005870
2024-12-10,TSLA,38.33,38.6,37.96,38.24,49355507
2024-12-11,TSLA,37.71,37.84,37.69,37.7,34487843
2024-12-12,TSLA,36.95,37.06,36.72,36.92,54125035
2024-12-13,TSLA,37.4,37.58,37.36,37.47,35323454
2024-12-16,TSLA,36.41,36.65,36.3,36.52,39538559
2024-12-17,TSLA,34.45,34.73,34.35,34.53,32510618
2024-12-18,TSLA,34.12,34.11,33.71,34.03,35590191
2024-12-19,TSLA,33.64,33.72,33.55,33.65,57785603
2024-12-20,TSLA,33.66,33.74,33.56,33.63,43304964
2024-12-23,TSLA,33.79,33.83,33.56,33.7,54469588
2024-12-24,TSLA,34.61,34.62,34.36,34.51,47023928
2024-12-25,TSLA,35.54,35.52,35.44,35.5,58132003
2024-12-26,TSLA,33.82,34.05,33.67,33.79,42243563
2024-12-27,TSLA,34.32,34.42,33.63,34.18,56223026
2024-12-30,TSLA,34.28,34.39,34.06,34.29,41402393
2024-12-31,TSLA,33.45,33.73,33.45,33.49,55350715
